Date,Time,Temperature (°C),Humidity (%),Pressure (hPa),Light Intensity (Lux),CO2 (ppm),PM1.0 (µg/m³),PM2.5 (µg/m³),PM10.0 (µg/m³),Uptime,Sensors Online
14/3/2026,11:08:31 am,37.57,37.32,1013.46,15.21,796,50,72,79,N/A,N/A
14/3/2026,11:08:41 am,37.56,37.32,1013.51,18.43,782,48,70,78,N/A,N/A
14/3/2026,11:08:51 am,37.46,37.43,1013.41,17.97,788,47,69,77,N/A,N/A
14/3/2026,11:09:01 am,37.44,37.34,1013.48,17.97,786,48,72,80,N/A,N/A
14/3/2026,11:09:11 am,37.46,37.43,1013.44,17.97,800,48,71,79,N/A,N/A
14/3/2026,11:09:21 am,37.57,37.32,1013.44,17.97,784,49,72,80,N/A,N/A
14/3/2026,11:09:31 am,37.57,37.23,1013.44,17.97,776,48,71,79,N/A,N/A
14/3/2026,11:09:42 am,37.62,37.32,1013.45,18.43,783,50,72,80,N/A,N/A
14/3/2026,11:09:52 am,37.49,37.24,1013.45,17.97,793,48,70,77,N/A,N/A
14/3/2026,11:10:02 am,37.55,37.32,1013.43,17.97,781,49,71,78,N/A,N/A
14/3/2026,11:10:12 am,37.56,37.32,1013.46,18.89,784,49,70,79,N/A,N/A
14/3/2026,11:10:23 am,37.44,37.24,1013.39,19.35,782,50,71,80,N/A,N/A
14/3/2026,11:10:33 am,37.41,37.34,1013.46,19.35,781,50,72,81,N/A,N/A
14/3/2026,11:10:43 am,37.32,37.34,1013.41,19.81,782,49,72,81,N/A,N/A
14/3/2026,11:10:53 am,37.29,37.43,1013.42,18.89,789,48,71,79,N/A,N/A
14/3/2026,11:11:03 am,37.29,37.43,1013.41,18.89,792,47,71,78,N/A,N/A
14/3/2026,11:11:13 am,37.39,37.53,1013.38,18.43,793,49,72,79,N/A,N/A
14/3/2026,11:11:24 am,37.4,37.63,1013.4,16.13,780,49,74,81,N/A,N/A
14/3/2026,11:11:34 am,37.4,37.24,1013.4,16.13,787,49,74,81,N/A,N/A
14/3/2026,11:11:44 am,37.44,37.34,1013.41,15.67,784,47,69,77,N/A,N/A
14/3/2026,11:11:54 am,37.5,37.05,1013.39,15.21,789,47,69,78,N/A,N/A
14/3/2026,11:12:04 am,37.5,36.95,1013.39,15.21,788,48,70,79,N/A,N/A
14/3/2026,11:12:14 am,37.41,36.95,1013.42,16.13,784,49,71,79,N/A,N/A
14/3/2026,11:12:25 am,37.39,37.15,1013.39,15.67,777,48,71,79,N/A,N/A
14/3/2026,11:12:35 am,37.28,37.24,1013.38,15.21,773,47,71,79,N/A,N/A
14/3/2026,11:12:45 am,37.25,37.45,1013.34,15.21,763,48,73,80,N/A,N/A
14/3/2026,11:12:55 am,37.2,37.45,1013.38,15.67,767,46,70,78,N/A,N/A
14/3/2026,11:13:05 am,37.21,37.45,1013.34,15.21,786,46,69,77,N/A,N/A
14/3/2026,11:13:16 am,37.27,37.45,1013.4,15.67,773,46,69,76,N/A,N/A
14/3/2026,11:13:26 am,37.29,37.34,1013.36,15.21,767,48,71,78,N/A,N/A
14/3/2026,11:13:36 am,37.28,37.34,1013.33,14.75,766,48,72,79,N/A,N/A
14/3/2026,11:13:46 am,37.29,37.34,1013.29,14.28,769,46,71,77,N/A,N/A
14/3/2026,11:13:56 am,37.27,37.26,1013.33,14.28,769,45,69,77,N/A,N/A
14/3/2026,11:14:06 am,37.24,37.26,1013.35,15.67,770,46,71,79,N/A,N/A
14/3/2026,11:14:17 am,37.25,37.26,1013.3,15.21,769,46,71,79,N/A,N/A
14/3/2026,11:14:27 am,37.24,37.16,1013.32,15.21,768,44,69,78,N/A,N/A
14/3/2026,11:14:37 am,37.22,37.16,1013.31,7.37,771,46,70,79,N/A,N/A
14/3/2026,11:14:47 am,37.36,37.15,1013.3,109.67,767,48,70,78,N/A,N/A
14/3/2026,11:14:57 am,37.41,36.85,1013.27,111.51,758,47,68,76,N/A,N/A
14/3/2026,11:15:07 am,37.46,36.66,1013.29,114.28,758,47,68,78,N/A,N/A
14/3/2026,11:15:17 am,37.47,36.56,1013.25,111.51,766,47,66,77,N/A,N/A
14/3/2026,11:15:28 am,37.49,36.46,1013.25,115.2,754,47,68,77,N/A,N/A
14/3/2026,11:15:38 am,37.51,36.27,1013.25,114.74,757,46,69,76,N/A,N/A
14/3/2026,11:15:48 am,37.51,36.27,1013.21,114.74,760,43,65,75,N/A,N/A
14/3/2026,11:15:58 am,37.57,36.16,1013.25,115.2,760,44,65,76,N/A,N/A
14/3/2026,11:16:09 am,37.59,36.06,1013.25,115.2,755,46,68,77,N/A,N/A
14/3/2026,11:16:19 am,37.6,35.96,1013.23,116.12,752,46,69,76,N/A,N/A
14/3/2026,11:16:29 am,37.57,35.96,1013.23,116.12,762,47,70,79,N/A,N/A
14/3/2026,11:16:39 am,37.56,35.96,1013.23,115.66,747,46,70,78,N/A,N/A
14/3/2026,11:16:50 am,37.57,35.96,1013.24,117.04,744,46,69,78,N/A,N/A
14/3/2026,11:17:00 am,37.55,35.96,1013.21,115.66,744,47,70,79,N/A,N/A
14/3/2026,11:17:10 am,37.5,35.98,1013.21,117.04,746,46,68,78,N/A,N/A
14/3/2026,11:17:20 am,37.51,35.98,1013.18,117.04,740,48,67,77,N/A,N/A
14/3/2026,11:17:31 am,37.47,36.08,1013.17,117.04,735,47,68,79,N/A,N/A
14/3/2026,11:17:41 am,37.49,36.18,1013.2,116.58,743,46,67,77,N/A,N/A
14/3/2026,11:17:51 am,37.47,36.27,1013.21,115.2,750,46,67,76,N/A,N/A
14/3/2026,11:18:01 am,37.49,36.27,1013.2,117.04,757,46,66,75,N/A,N/A
14/3/2026,11:18:11 am,37.46,36.27,1013.21,115.2,753,46,67,76,N/A,N/A
14/3/2026,11:18:21 am,37.46,36.27,1013.22,117.5,762,45,66,76,N/A,N/A
14/3/2026,11:18:31 am,37.49,36.27,1013.19,116.58,765,46,66,77,N/A,N/A
14/3/2026,11:18:42 am,37.37,36.36,1013.24,116.12,762,46,66,75,N/A,N/A
14/3/2026,11:18:52 am,37.4,36.36,1013.17,116.58,751,45,65,74,N/A,N/A
14/3/2026,11:19:02 am,37.34,36.36,1013.17,115.2,749,45,65,74,N/A,N/A
14/3/2026,11:19:13 am,37.39,36.46,1013.21,115.66,749,45,66,75,N/A,N/A
14/3/2026,11:19:23 am,37.39,36.36,1013.18,121.19,761,46,69,77,N/A,N/A
14/3/2026,11:19:34 am,37.39,36.36,1013.18,121.19,759,45,68,76,N/A,N/A
14/3/2026,11:19:43 am,37.41,36.36,1013.2,123.03,768,45,69,77,N/A,N/A
14/3/2026,11:19:54 am,37.4,36.36,1013.14,121.65,764,46,68,78,N/A,N/A
14/3/2026,11:20:04 am,37.43,36.36,1013.19,121.65,759,46,68,78,N/A,N/A
14/3/2026,11:20:14 am,37.46,36.27,1013.22,123.03,770,45,65,76,N/A,N/A
14/3/2026,11:20:24 am,37.47,36.27,1013.16,121.19,759,45,66,76,N/A,N/A
14/3/2026,11:20:34 am,37.46,36.27,1013.22,122.11,762,45,66,76,N/A,N/A
14/3/2026,11:20:44 am,37.44,36.27,1013.2,120.73,764,45,66,77,N/A,N/A
14/3/2026,11:20:54 am,37.41,36.27,1013.19,122.57,756,48,70,79,N/A,N/A
14/3/2026,11:21:05 am,37.37,36.27,1013.2,122.57,759,47,70,79,N/A,N/A
14/3/2026,11:21:15 am,37.41,36.27,1013.17,122.11,745,45,68,78,N/A,N/A
14/3/2026,11:21:26 am,37.36,36.27,1013.18,121.65,756,45,68,78,N/A,N/A
14/3/2026,11:21:36 am,37.31,36.27,1013.15,121.65,757,46,68,78,N/A,N/A
14/3/2026,11:21:46 am,37.31,36.18,1013.14,121.65,755,46,66,77,N/A,N/A
14/3/2026,11:21:56 am,37.29,36.08,1013.11,123.03,757,45,66,76,N/A,N/A
14/3/2026,11:22:06 am,37.27,36.1,1013.16,122.57,758,46,68,77,N/A,N/A
14/3/2026,11:22:17 am,37.28,36.08,1013.18,121.65,754,45,67,76,N/A,N/A
14/3/2026,11:22:27 am,37.25,36.19,1013.17,123.96,753,46,68,78,N/A,N/A
14/3/2026,11:22:37 am,37.27,36.19,1013.17,122.11,751,45,65,76,N/A,N/A
14/3/2026,11:22:48 am,37.27,36.19,1013.15,122.57,743,46,67,78,N/A,N/A
14/3/2026,11:22:58 am,37.28,36.27,1013.16,123.49,746,45,65,76,N/A,N/A
14/3/2026,11:23:08 am,37.29,36.27,1013.15,123.49,750,46,67,77,N/A,N/A
14/3/2026,11:23:18 am,37.31,36.27,1013.13,123.03,748,44,67,76,N/A,N/A
14/3/2026,11:23:28 am,37.37,36.18,1013.14,122.57,754,46,69,77,N/A,N/A
14/3/2026,11:23:39 am,37.37,36.27,1013.1,121.65,750,46,68,77,N/A,N/A
14/3/2026,11:23:49 am,37.39,36.18,1013.14,122.57,753,46,68,77,N/A,N/A
14/3/2026,11:23:59 am,37.34,36.27,1013.12,123.03,752,46,68,77,N/A,N/A
14/3/2026,11:24:09 am,37.36,36.27,1013.11,123.49,755,46,69,77,N/A,N/A
14/3/2026,11:24:20 am,37.34,36.36,1013.14,121.65,750,46,69,77,N/A,N/A
14/3/2026,11:24:30 am,37.37,36.27,1013.14,122.11,753,46,72,79,N/A,N/A
14/3/2026,11:24:40 am,37.4,36.36,1013.17,123.96,752,45,70,77,N/A,N/A
14/3/2026,11:30:04 am,37.17,36.58,1013.04,122.57,0,44,65,78,N/A,N/A
14/3/2026,11:30:14 am,37.12,36.48,1013.03,122.11,0,43,63,76,N/A,N/A
14/3/2026,11:30:24 am,37.13,36.48,1013.01,122.11,0,43,63,75,N/A,N/A
14/3/2026,11:30:34 am,37.13,36.48,1013.01,125.34,0,44,64,75,N/A,N/A
14/3/2026,11:30:43 am,37.17,36.48,1013.01,125.34,0,44,64,75,N/A,N/A
14/3/2026,11:30:53 am,37.17,36.58,1013.01,125.34,0,45,67,76,N/A,N/A
14/3/2026,11:31:04 am,37.21,36.87,1013,96.77,0,46,70,79,N/A,N/A
14/3/2026,11:31:14 am,37.21,36.38,1013.03,95.85,0,44,68,76,N/A,N/A
14/3/2026,11:31:24 am,37.21,36.29,1013,97.69,0,42,67,75,N/A,N/A
14/3/2026,11:31:34 am,37.25,36.19,1013.02,94.92,0,44,68,76,N/A,N/A
14/3/2026,11:31:44 am,37.22,36.19,1013,94.92,0,44,65,75,N/A,N/A
14/3/2026,11:31:54 am,37.22,36.19,1012.99,94.46,0,46,66,76,N/A,N/A
14/3/2026,11:32:04 am,37.22,36.19,1013.01,95.39,0,45,65,76,N/A,N/A
14/3/2026,11:32:14 am,37.2,36.19,1013,95.85,0,43,65,76,N/A,N/A
14/3/2026,11:32:24 am,37.2,36.29,1012.97,97.23,0,44,65,76,N/A,N/A
14/3/2026,11:32:34 am,37.17,36.29,1012.98,96.31,0,43,64,75,N/A,N/A
14/3/2026,11:32:45 am,37.17,36.38,1012.98,94.46,0,44,66,77,N/A,N/A
14/3/2026,11:32:55 am,37.09,36.38,1012.98,96.31,0,45,66,76,N/A,N/A
14/3/2026,11:33:05 am,37.07,36.38,1013,96.31,0,46,66,76,N/A,N/A
14/3/2026,11:33:15 am,37.09,36.48,1012.91,94.92,0,47,68,76,N/A,N/A
14/3/2026,11:33:25 am,37.12,36.38,1012.96,97.23,0,46,66,75,N/A,N/A
14/3/2026,11:33:35 am,37.13,36.38,1013,96.77,0,47,68,76,N/A,N/A
14/3/2026,11:33:46 am,37.13,36.29,1012.96,96.77,0,45,66,76,N/A,N/A
14/3/2026,11:33:56 am,37.12,36.29,1012.96,95.39,0,45,66,76,N/A,N/A
14/3/2026,11:34:06 am,37.15,36.19,1012.95,95.85,0,46,66,77,N/A,N/A
14/3/2026,11:34:16 am,37.12,36.19,1012.96,96.31,0,44,65,75,N/A,N/A
14/3/2026,11:34:26 am,37.1,36.29,1012.98,95.39,0,45,67,76,N/A,N/A
14/3/2026,11:34:36 am,37.12,36.29,1012.95,96.31,0,46,69,77,N/A,N/A
14/3/2026,11:34:46 am,37.09,36.29,1013.01,96.77,0,45,67,74,N/A,N/A
14/3/2026,11:34:56 am,37.07,36.29,1012.97,95.85,0,46,68,75,N/A,N/A
14/3/2026,11:35:06 am,37.07,36.29,1012.97,97.23,0,45,67,75,N/A,N/A
14/3/2026,11:35:16 am,37.07,36.1,1012.96,98.15,0,45,69,77,N/A,N/A
14/3/2026,11:35:27 am,37.06,36.1,1012.96,94.92,0,45,69,76,N/A,N/A
14/3/2026,11:35:37 am,37.05,36.1,1012.93,96.31,0,45,67,75,N/A,N/A
14/3/2026,11:35:47 am,37.05,36.1,1012.95,96.31,0,46,68,76,N/A,N/A
14/3/2026,11:35:57 am,37.05,36,1012.95,98.61,0,47,68,77,N/A,N/A
14/3/2026,11:36:07 am,37.05,35.9,1012.95,96.31,0,45,66,76,N/A,N/A
14/3/2026,11:36:18 am,37.06,36,1012.94,95.39,0,45,66,76,N/A,N/A
14/3/2026,11:36:28 am,37.02,36.02,1012.93,98.61,0,45,67,76,N/A,N/A
14/3/2026,11:36:39 am,37.05,36,1012.92,95.85,0,45,67,76,N/A,N/A
14/3/2026,11:36:49 am,37.05,36.1,1012.94,95.39,0,45,65,75,N/A,N/A
14/3/2026,11:36:59 am,37.05,36,1012.91,95.39,0,45,65,75,N/A,N/A
14/3/2026,11:40:13 am,36.99,35.82,1012.85,98.15,0,0,0,0,N/A,N/A
14/3/2026,11:40:22 am,37,35.72,1012.86,96.31,0,45,68,76,N/A,N/A
14/3/2026,11:40:31 am,37,35.53,1012.84,99.07,0,45,66,76,N/A,N/A
14/3/2026,11:40:41 am,37.02,35.53,1012.8,97.23,0,45,66,76,N/A,N/A
14/3/2026,11:40:51 am,37.05,35.51,1012.84,96.31,0,45,67,75,N/A,N/A
14/3/2026,11:41:02 am,37.05,35.51,1012.81,95.85,0,45,66,75,N/A,N/A
14/3/2026,11:41:12 am,37.13,35.61,1012.82,88.47,0,45,65,75,N/A,N/A
14/3/2026,11:41:22 am,37.18,35.32,1012.83,96.31,0,44,66,76,N/A,N/A
14/3/2026,11:41:32 am,37.18,35.61,1012.81,96.31,0,43,63,75,N/A,N/A
14/3/2026,11:41:42 am,37.2,35.61,1012.84,97.23,0,44,64,76,N/A,N/A
14/3/2026,11:41:52 am,37.18,35.61,1012.82,96.77,0,45,66,77,N/A,N/A
14/3/2026,11:42:02 am,37.13,35.61,1012.83,96.31,0,44,64,75,N/A,N/A
14/3/2026,11:42:12 am,37.12,35.71,1012.82,95.85,0,43,63,74,N/A,N/A
14/3/2026,11:42:22 am,37.13,35.61,1012.8,76.95,0,43,64,74,N/A,N/A
14/3/2026,11:42:32 am,37.12,35.71,1012.85,119.35,0,43,63,74,N/A,N/A
14/3/2026,11:42:43 am,37.1,35.71,1012.83,119.81,0,45,64,75,N/A,N/A
14/3/2026,11:42:53 am,37.1,35.71,1012.8,87.09,0,43,61,74,N/A,N/A
14/3/2026,11:43:03 am,37.06,35.8,1012.79,120.27,0,44,64,75,N/A,N/A
14/3/2026,11:43:13 am,37.06,35.8,1012.81,118.43,0,44,65,75,N/A,N/A
14/3/2026,11:43:24 am,37.06,35.8,1012.78,118.43,0,43,66,76,N/A,N/A
14/3/2026,11:43:34 am,37.1,35.8,1012.8,120.73,0,44,66,77,N/A,N/A
14/3/2026,11:43:44 am,37.09,35.8,1012.81,120.27,0,45,65,76,N/A,N/A
14/3/2026,11:43:54 am,37.13,35.8,1012.81,118.43,0,44,65,75,N/A,N/A
14/3/2026,11:44:05 am,37.12,35.8,1012.79,119.81,0,43,63,73,N/A,N/A
14/3/2026,11:44:15 am,37.15,35.9,1012.79,119.81,0,43,64,74,N/A,N/A
14/3/2026,11:44:25 am,37.12,35.8,1012.77,118.89,0,43,66,75,N/A,N/A
14/3/2026,11:44:35 am,37.13,35.8,1012.74,120.27,0,44,67,76,N/A,N/A
14/3/2026,11:44:46 am,37.2,35.71,1012.82,118.89,0,42,65,75,N/A,N/A
14/3/2026,11:44:56 am,37.18,35.8,1012.79,118.89,0,44,66,75,N/A,N/A
14/3/2026,11:45:06 am,37.2,35.71,1012.77,118.43,0,44,65,74,N/A,N/A
14/3/2026,11:45:16 am,37.18,35.71,1012.79,63.13,0,45,65,74,N/A,N/A
14/3/2026,11:45:26 am,37.2,36.97,1012.79,112.44,0,42,63,74,N/A,N/A
14/3/2026,11:45:36 am,37.2,35.8,1012.8,119.35,0,43,64,75,N/A,N/A
14/3/2026,11:45:46 am,37.2,35.8,1012.78,120.27,0,45,66,76,N/A,N/A
14/3/2026,11:45:57 am,37.18,35.71,1012.75,118.89,0,45,66,76,N/A,N/A
14/3/2026,11:46:07 am,37.18,35.71,1012.81,119.35,0,46,68,78,N/A,N/A
14/3/2026,11:46:17 am,37.18,35.71,1012.77,117.5,0,46,68,76,N/A,N/A
14/3/2026,11:46:27 am,37.17,35.71,1012.81,120.73,0,46,68,76,N/A,N/A
14/3/2026,11:46:38 am,37.18,35.71,1012.77,119.81,0,47,68,77,N/A,N/A
14/3/2026,11:46:48 am,37.18,35.71,1012.77,119.35,0,45,67,76,N/A,N/A
14/3/2026,11:46:58 am,37.21,35.71,1012.78,120.73,0,47,68,77,N/A,N/A
Invalid Date,Invalid Date,37.21,35.8,1012.76,120.73,0,45,67,77,N/A,N/A
14/3/2026,11:47:45 am,37.2,35.8,1012.74,120.27,0,44,67,77,N/A,N/A
14/3/2026,11:47:51 am,37.18,35.8,1012.75,121.19,0,43,66,76,N/A,N/A
14/3/2026,11:48:01 am,37.21,35.8,1012.72,118.89,0,44,66,76,N/A,N/A
14/3/2026,11:48:11 am,37.18,35.8,1012.73,109.67,0,44,64,75,N/A,N/A
14/3/2026,11:48:21 am,37.2,35.8,1012.74,120.27,0,43,64,74,N/A,N/A
14/3/2026,11:48:31 am,37.21,35.8,1012.78,120.27,0,45,66,76,N/A,N/A
14/3/2026,11:48:41 am,37.2,35.8,1012.7,119.35,0,46,67,77,N/A,N/A
14/3/2026,11:48:51 am,37.18,35.9,1012.74,117.5,0,45,65,75,N/A,N/A
14/3/2026,11:49:02 am,37.21,35.8,1012.75,114.74,0,45,65,75,N/A,N/A
14/3/2026,11:49:12 am,37.21,35.8,1012.76,118.89,0,45,64,75,N/A,N/A
14/3/2026,11:49:22 am,37.22,35.9,1012.74,117.04,0,45,66,75,N/A,N/A
14/3/2026,11:49:32 am,37.24,35.71,1012.71,119.81,0,46,68,76,N/A,N/A
14/3/2026,11:49:42 am,37.24,35.71,1012.64,120.27,0,45,68,77,N/A,N/A
14/3/2026,11:49:52 am,37.25,35.71,1012.71,118.43,0,42,64,75,N/A,N/A
14/3/2026,11:51:01 am,35.28,38.75,1012.72,33.18,0,48,67,73,N/A,N/A
14/3/2026,11:51:11 am,35.48,39.24,1012.72,40.09,500,44,66,72,N/A,N/A
14/3/2026,11:51:21 am,35.75,39.1,1012.74,40.09,500,45,68,76,N/A,N/A
14/3/2026,11:51:31 am,36.01,38.7,1012.7,40.09,500,45,65,76,N/A,N/A
14/3/2026,11:51:41 am,36.25,38.21,1012.68,40.09,500,43,63,74,N/A,N/A
14/3/2026,11:51:51 am,36.49,37.8,1012.7,40.55,500,44,64,75,N/A,N/A
14/3/2026,11:52:01 am,36.69,37.59,1012.68,40.55,500,46,68,76,N/A,N/A
Invalid Date,Invalid Date,36.84,37.57,1012.72,41.01,0,46,69,78,N/A,N/A
14/3/2026,11:52:37 am,36.9,37.37,1012.74,40.55,500,43,66,75,N/A,N/A
14/3/2026,11:52:47 am,37.05,37.26,1012.68,39.63,500,45,69,77,N/A,N/A
14/3/2026,11:52:57 am,37.09,37.35,1012.7,23.96,500,45,68,77,N/A,N/A
14/3/2026,11:53:07 am,37.13,36.97,1012.74,41.01,500,46,68,78,N/A,N/A
14/3/2026,11:53:17 am,37.27,36.87,1012.72,40.55,500,45,66,76,N/A,N/A
14/3/2026,11:53:27 am,37.4,36.66,1012.72,40.55,1341,43,66,74,N/A,N/A
14/3/2026,11:53:37 am,37.49,36.46,1012.7,35.48,1264,44,68,76,N/A,N/A
14/3/2026,11:53:47 am,37.62,36.35,1012.71,35.94,1073,44,67,74,N/A,N/A
14/3/2026,11:53:57 am,37.7,36.16,1012.65,37.32,947,43,65,74,N/A,N/A
14/3/2026,11:54:07 am,37.81,35.85,1012.71,39.63,897,43,65,74,N/A,N/A
14/3/2026,11:54:18 am,37.44,44.03,1012.73,10.6,1649,45,66,74,N/A,N/A
14/3/2026,11:54:28 am,37.57,42.17,1012.71,38.25,3537,44,65,75,N/A,N/A
14/3/2026,11:54:38 am,37.7,39.16,1012.68,37.79,3780,46,66,76,N/A,N/A
14/3/2026,11:54:48 am,37.81,37.88,1012.66,37.79,3342,44,64,76,N/A,N/A
14/3/2026,11:54:58 am,37.93,37.3,1012.7,32.72,2949,45,65,77,N/A,N/A
14/3/2026,11:55:08 am,38.01,36.82,1012.69,28.57,2296,45,65,76,N/A,N/A
14/3/2026,11:55:19 am,38.12,36.51,1012.71,29.95,2065,45,66,76,N/A,N/A
14/3/2026,11:55:29 am,38.2,36.22,1012.69,38.71,1638,45,67,79,N/A,N/A
14/3/2026,11:55:39 am,38.3,36,1012.69,39.63,1446,45,66,76,N/A,N/A
14/3/2026,11:55:49 am,38.35,35.62,1012.66,39.63,1196,45,65,75,N/A,N/A
14/3/2026,11:56:00 am,38.42,35.52,1012.66,39.63,1019,44,66,75,N/A,N/A
14/3/2026,11:56:10 am,38.52,35.42,1012.7,27.19,965,44,66,76,N/A,N/A
14/3/2026,12:02:34 pm,37.27,35.13,1012.55,4.61,0,44,67,76,N/A,N/A
14/3/2026,12:03:21 pm,36.2,36.65,1012.5,40.55,0,46,68,85,N/A,N/A
14/3/2026,12:03:31 pm,36.22,36.75,1012.46,70.5,0,46,69,79,N/A,N/A
14/3/2026,12:03:41 pm,36.27,36.55,1012.46,69.58,0,49,74,81,N/A,N/A
14/3/2026,12:03:50 pm,36.34,36.54,1012.51,71.42,0,50,74,82,N/A,N/A
14/3/2026,12:04:01 pm,36.43,36.44,1012.45,52.99,0,49,74,81,N/A,N/A
14/3/2026,12:04:11 pm,36.46,36.44,1012.49,61.75,0,48,72,79,N/A,N/A
14/3/2026,12:04:21 pm,36.46,36.34,1012.44,57.14,0,45,67,75,N/A,N/A
14/3/2026,12:04:31 pm,36.49,36.34,1012.4,59.44,0,45,68,76,N/A,N/A
14/3/2026,12:04:41 pm,36.6,36.13,1012.42,59.9,0,47,71,78,N/A,N/A
14/3/2026,12:04:51 pm,36.59,36.04,1012.39,61.75,0,50,73,79,N/A,N/A
14/3/2026,12:05:01 pm,36.57,35.94,1012.51,61.29,0,50,74,79,N/A,N/A
14/3/2026,12:05:11 pm,36.6,35.94,1012.46,61.75,0,50,74,79,N/A,N/A
14/3/2026,12:05:22 pm,36.6,35.84,1012.49,61.29,0,51,76,84,N/A,N/A
14/3/2026,12:05:32 pm,36.64,35.74,1012.45,60.36,0,49,73,81,N/A,N/A
14/3/2026,12:05:42 pm,36.68,35.64,1012.46,43.32,0,48,72,80,N/A,N/A
14/3/2026,12:05:52 pm,36.72,35.74,1012.47,59.44,0,46,69,77,N/A,N/A
14/3/2026,12:06:02 pm,36.72,35.74,1012.44,57.14,0,45,67,76,N/A,N/A
14/3/2026,12:06:12 pm,36.71,35.74,1012.43,788.89,0,45,68,76,N/A,N/A
14/3/2026,12:06:23 pm,36.76,35.64,1012.46,59.9,0,43,66,74,N/A,N/A
14/3/2026,12:06:33 pm,36.87,36.5,1012.45,21.66,0,44,67,75,N/A,N/A
14/3/2026,12:06:43 pm,125,36.02,1012.43,58.98,0,45,67,75,N/A,N/A
14/3/2026,12:06:53 pm,125,34.95,1012.43,76.49,0,47,71,77,N/A,N/A
14/3/2026,12:07:03 pm,125,34.85,1012.43,77.88,0,46,69,76,N/A,N/A
14/3/2026,12:07:13 pm,125,34.83,1012.41,78.34,0,46,67,76,N/A,N/A
14/3/2026,12:07:24 pm,125,34.93,1012.43,79.26,0,46,68,77,N/A,N/A
14/3/2026,12:07:34 pm,125,34.93,1012.41,79.26,0,45,69,79,N/A,N/A
14/3/2026,12:07:44 pm,125,34.83,1012.44,70.5,0,44,67,76,N/A,N/A
14/3/2026,12:07:54 pm,125,34.74,1012.42,76.03,0,43,64,74,N/A,N/A
14/3/2026,12:08:05 pm,125,34.35,1012.43,76.49,0,43,61,73,N/A,N/A
14/3/2026,12:08:15 pm,125,34.44,1012.35,76.49,0,43,60,72,N/A,N/A
14/3/2026,12:08:25 pm,125,34.44,1012.4,76.49,0,41,59,72,N/A,N/A
14/3/2026,12:08:35 pm,125,34.44,1012.4,76.49,0,41,59,72,N/A,N/A
14/3/2026,12:08:45 pm,125,34.44,1012.4,77.41,0,42,60,73,N/A,N/A
14/3/2026,12:08:56 pm,125,34.25,1012.43,75.57,0,41,59,71,N/A,N/A
14/3/2026,12:09:06 pm,125,34.06,1012.45,76.03,0,42,60,72,N/A,N/A
14/3/2026,12:09:16 pm,125,34.06,1012.4,76.95,0,42,62,73,N/A,N/A
14/3/2026,12:09:26 pm,125,33.84,1012.4,77.41,0,41,61,72,N/A,N/A
14/3/2026,12:09:46 pm,125,33.56,1012.37,77.41,0,42,61,72,N/A,N/A
14/3/2026,12:09:56 pm,125,33.65,1012.39,77.88,0,44,65,75,N/A,N/A
14/3/2026,12:10:06 pm,125,33.65,1012.38,77.41,0,45,67,75,N/A,N/A
14/3/2026,12:10:40 pm,36.81,34.75,1012.32,71.88,0,44,66,76,N/A,N/A
14/3/2026,12:10:49 pm,36.9,34.56,1012.36,69.12,0,44,66,76,N/A,N/A
14/3/2026,12:10:59 pm,37,34.46,1012.36,67.74,0,43,67,76,N/A,N/A
14/3/2026,12:11:09 pm,37.13,34.16,1012.33,67.28,0,44,66,76,N/A,N/A
14/3/2026,12:11:19 pm,37.24,33.96,1012.33,65.89,0,43,64,75,N/A,N/A
14/3/2026,12:11:29 pm,37.39,33.84,1012.34,64.97,0,43,64,75,N/A,N/A
14/3/2026,12:11:39 pm,37.44,33.65,1012.32,65.89,0,42,63,74,N/A,N/A
14/3/2026,12:11:50 pm,37.55,33.15,1012.32,64.51,0,42,64,74,N/A,N/A
14/3/2026,12:12:00 pm,37.6,33.25,1012.33,64.51,0,43,64,74,N/A,N/A
14/3/2026,12:12:10 pm,37.7,33.44,1012.37,70.04,0,44,63,75,N/A,N/A
14/3/2026,12:12:20 pm,37.75,33.64,1012.32,70.5,0,42,61,74,N/A,N/A
14/3/2026,12:12:30 pm,37.7,33.73,1012.33,70.5,0,42,62,73,N/A,N/A
14/3/2026,12:12:40 pm,37.67,33.64,1012.34,70.04,0,41,60,72,N/A,N/A
14/3/2026,12:12:50 pm,37.72,33.44,1012.31,70.5,0,42,61,73,N/A,N/A
14/3/2026,12:13:00 pm,37.78,33.44,1012.32,28.11,0,43,62,73,N/A,N/A
14/3/2026,12:13:10 pm,37.81,33.52,1012.3,69.12,0,46,68,75,N/A,N/A
14/3/2026,12:13:20 pm,37.84,33.52,1012.27,70.5,0,47,68,75,N/A,N/A
14/3/2026,12:13:31 pm,37.85,33.52,1012.32,70.5,0,46,69,76,N/A,N/A
14/3/2026,12:13:41 pm,37.88,33.42,1012.3,69.58,0,45,68,76,N/A,N/A
14/3/2026,12:13:51 pm,37.89,33.52,1012.27,70.5,0,46,68,76,N/A,N/A
14/3/2026,12:14:01 pm,37.91,33.42,1012.26,70.04,0,44,66,75,N/A,N/A
Invalid Date,Invalid Date,37.82,33.72,1012.27,70.04,0,42,63,73,N/A,N/A
14/3/2026,12:14:48 pm,37.82,33.72,1012.26,70.96,0,41,61,73,N/A,N/A
14/3/2026,12:14:58 pm,37.82,33.72,1012.24,70.5,0,42,62,75,N/A,N/A
14/3/2026,12:15:08 pm,37.81,33.72,1012.25,70.96,0,41,61,74,N/A,N/A
14/3/2026,12:15:18 pm,37.78,33.83,1012.25,71.42,0,41,60,72,N/A,N/A
14/3/2026,12:15:28 pm,37.82,33.72,1012.3,48.84,0,42,59,71,N/A,N/A
14/3/2026,12:15:39 pm,37.86,33.72,1012.23,61.29,0,43,62,73,N/A,N/A
14/3/2026,12:15:49 pm,37.86,33.81,1012.24,52.07,0,42,62,73,N/A,N/A
14/3/2026,12:15:59 pm,37.85,33.91,1012.25,51.61,0,42,61,72,N/A,N/A
14/3/2026,12:16:09 pm,37.88,33.91,1012.24,47.46,0,42,62,74,N/A,N/A
14/3/2026,12:16:19 pm,37.86,33.91,1012.22,55.76,0,42,62,74,N/A,N/A
14/3/2026,12:16:30 pm,37.89,33.91,1012.25,40.09,0,41,60,71,N/A,N/A
14/3/2026,12:16:40 pm,37.89,33.81,1012.22,37.79,0,42,61,72,N/A,N/A
14/3/2026,12:16:50 pm,37.94,34.01,1012.23,52.07,0,42,60,72,N/A,N/A
14/3/2026,12:17:00 pm,37.96,34.01,1012.23,50.69,0,42,61,72,N/A,N/A
14/3/2026,12:17:10 pm,37.96,33.91,1012.17,37.32,0,43,62,73,N/A,N/A
14/3/2026,12:17:20 pm,37.96,33.81,1012.22,37.79,0,43,62,73,N/A,N/A
14/3/2026,12:17:30 pm,37.96,33.81,1012.17,42.39,0,42,62,72,N/A,N/A
14/3/2026,12:17:40 pm,37.97,33.81,1012.23,47.92,0,44,62,73,N/A,N/A
14/3/2026,12:17:50 pm,37.89,33.62,1012.22,58.52,0,44,61,73,N/A,N/A
14/3/2026,12:18:00 pm,37.93,33.33,1012.21,56.22,0,44,61,73,N/A,N/A
14/3/2026,12:18:10 pm,37.96,33.04,1012.24,48.84,0,41,61,71,N/A,N/A
14/3/2026,12:18:20 pm,38,32.75,1012.24,62.21,0,43,65,75,N/A,N/A
14/3/2026,12:18:30 pm,38.03,32.84,1012.23,63.13,0,42,63,74,N/A,N/A
14/3/2026,12:18:41 pm,38.06,33.02,1012.22,47.92,0,42,64,74,N/A,N/A
14/3/2026,12:18:51 pm,38.09,33.02,1012.23,60.83,0,42,65,75,N/A,N/A
14/3/2026,12:19:01 pm,38.12,33.02,1012.21,62.67,0,41,64,75,N/A,N/A
14/3/2026,12:40:31 pm,38.71,33.18,1011.77,69.58,-01,41,61,71,N/A,N/A
14/3/2026,12:40:41 pm,38.57,33.37,1011.8,69.58,-01,42,61,72,N/A,N/A
14/3/2026,12:40:51 pm,38.46,33.49,1011.76,69.58,-01,43,62,73,N/A,N/A
14/3/2026,12:41:01 pm,38.35,33.69,1011.78,37.79,-01,42,61,72,N/A,N/A
14/3/2026,12:41:11 pm,38.3,33.69,1011.76,38.71,-01,43,61,73,N/A,N/A
14/3/2026,12:41:21 pm,38.32,33.78,1011.74,64.97,-01,42,62,72,N/A,N/A
14/3/2026,12:41:31 pm,38.28,33.8,1011.76,33.18,-01,41,62,71,N/A,N/A
14/3/2026,12:41:41 pm,38.25,33.8,1011.69,35.48,-01,43,63,74,N/A,N/A
14/3/2026,12:41:51 pm,38.18,33.89,1011.77,64.05,-01,42,61,72,N/A,N/A
14/3/2026,12:42:01 pm,38.13,34.28,1011.77,34.56,-01,44,62,74,N/A,N/A
14/3/2026,12:42:12 pm,38.2,34.28,1011.72,60.36,-01,42,62,72,N/A,N/A
14/3/2026,12:42:22 pm,38.13,34.28,1011.75,63.13,-01,42,62,72,N/A,N/A
14/3/2026,12:42:32 pm,38.22,34.38,1011.71,64.05,-01,41,62,72,N/A,N/A
14/3/2026,12:42:42 pm,38.3,34.36,1011.72,37.79,-01,42,62,73,N/A,N/A
14/3/2026,12:42:52 pm,38.35,34.36,1011.72,58.06,-01,40,60,72,N/A,N/A
14/3/2026,12:43:02 pm,38.35,34.45,1011.71,61.29,-01,40,61,72,N/A,N/A
14/3/2026,12:43:12 pm,38.26,34.57,1011.68,15.67,-01,39,59,71,N/A,N/A
14/3/2026,12:43:23 pm,38.23,34.67,1011.7,34.56,687,39,60,72,N/A,N/A
14/3/2026,12:43:33 pm,38.26,34.77,1011.72,37.79,-00,39,60,71,N/A,N/A
14/3/2026,12:43:43 pm,38.25,34.77,1011.69,45.16,681,41,62,73,N/A,N/A
14/3/2026,12:43:53 pm,38.09,34.96,1011.67,63.13,-00,40,59,71,N/A,N/A
14/3/2026,12:44:03 pm,38.06,35.25,1011.73,43.78,683,40,59,71,N/A,N/A
14/3/2026,12:44:14 pm,38.01,35.27,1011.71,61.29,690,41,62,73,N/A,N/A
14/3/2026,12:44:24 pm,37.94,35.56,1011.68,60.36,-00,39,59,72,N/A,N/A
14/3/2026,12:44:34 pm,37.93,35.46,1011.71,42.39,833,39,59,72,N/A,N/A
14/3/2026,12:44:44 pm,37.89,35.46,1011.66,67.28,818,39,59,72,N/A,N/A
14/3/2026,12:44:55 pm,37.85,35.46,1011.71,53.91,-00,40,59,72,N/A,N/A
14/3/2026,12:45:05 pm,37.96,35.36,1011.67,67.74,776,41,60,73,N/A,N/A
14/3/2026,12:45:15 pm,38,35.36,1011.68,60.36,749,39,59,72,N/A,N/A
14/3/2026,12:45:25 pm,38.01,35.27,1011.64,69.58,-00,39,59,72,N/A,N/A
14/3/2026,12:45:35 pm,37.88,35.36,1011.68,47.92,726,39,58,72,N/A,N/A
14/3/2026,12:45:45 pm,37.96,35.46,1011.62,69.12,-00,40,60,72,N/A,N/A
14/3/2026,12:45:56 pm,37.88,35.46,1011.64,47.92,-00,39,60,71,N/A,N/A
14/3/2026,12:46:06 pm,37.94,35.46,1011.64,45.62,-00,42,64,74,N/A,N/A
14/3/2026,12:46:16 pm,37.98,35.46,1011.69,53.45,701,44,66,77,N/A,N/A
14/3/2026,12:46:26 pm,38.03,35.36,1011.66,72.81,-00,41,65,75,N/A,N/A
14/3/2026,12:46:36 pm,38,35.36,1011.69,36.86,-00,43,64,76,N/A,N/A
14/3/2026,12:46:47 pm,37.98,35.46,1011.66,19.81,699,43,63,74,N/A,N/A
14/3/2026,12:46:57 pm,37.91,35.56,1011.66,20.28,-00,43,63,73,N/A,N/A
14/3/2026,12:47:07 pm,37.88,35.75,1011.67,21.66,689,45,65,76,N/A,N/A
14/3/2026,12:47:17 pm,37.85,35.85,1011.66,30.87,-00,43,64,75,N/A,N/A
14/3/2026,12:47:28 pm,37.89,35.85,1011.68,30.41,-00,43,66,76,N/A,N/A
14/3/2026,12:47:38 pm,37.93,35.94,1011.64,29.03,-00,42,63,75,N/A,N/A
14/3/2026,12:47:48 pm,37.94,35.94,1011.63,29.03,693,42,64,76,N/A,N/A
14/3/2026,12:47:58 pm,37.96,35.94,1011.67,30.87,689,41,63,73,N/A,N/A
14/3/2026,12:48:08 pm,37.93,36.04,1011.63,30.87,-00,42,62,73,N/A,N/A
14/3/2026,12:48:18 pm,37.86,36.04,1011.65,30.41,688,41,61,73,N/A,N/A
14/3/2026,12:48:29 pm,37.88,36.04,1011.65,29.95,690,41,59,72,N/A,N/A
14/3/2026,12:48:39 pm,37.85,36.14,1011.64,30.87,689,40,59,72,N/A,N/A
14/3/2026,12:49:10 pm,38.03,35.94,1011.6,29.49,-01,39,58,72,N/A,N/A
14/3/2026,12:49:20 pm,37.98,35.85,1011.62,29.95,-01,40,58,73,N/A,N/A
14/3/2026,12:49:30 pm,37.89,36.04,1011.59,29.49,-01,41,60,74,N/A,N/A
14/3/2026,12:49:40 pm,37.79,36.16,1011.58,29.03,-01,41,61,73,N/A,N/A
14/3/2026,12:49:50 pm,37.81,36.14,1011.61,29.49,-01,41,61,73,N/A,N/A
14/3/2026,12:50:01 pm,37.79,36.25,1011.59,29.49,-01,40,57,69,N/A,N/A
14/3/2026,12:50:11 pm,37.81,36.24,1011.57,31.33,-01,41,58,71,N/A,N/A
14/3/2026,12:50:21 pm,37.84,36.24,1011.58,29.95,-01,41,58,72,N/A,N/A
14/3/2026,12:50:31 pm,37.91,36.14,1011.61,30.87,-01,40,57,71,N/A,N/A
14/3/2026,12:50:41 pm,37.96,36.14,1011.57,30.87,-01,40,57,71,N/A,N/A
14/3/2026,12:50:51 pm,37.91,36.14,1011.57,30.87,-01,41,59,72,N/A,N/A
14/3/2026,12:51:01 pm,37.93,36.14,1011.59,30.87,-01,40,59,71,N/A,N/A
14/3/2026,12:51:11 pm,37.98,36.24,1011.59,30.87,-01,39,57,70,N/A,N/A
14/3/2026,12:51:22 pm,38.04,36.12,1011.58,30.87,-01,40,61,74,N/A,N/A
14/3/2026,12:51:32 pm,37.94,36.14,1011.54,29.95,-01,40,60,72,N/A,N/A
14/3/2026,12:51:42 pm,37.98,36.14,1011.6,30.41,-01,40,60,74,N/A,N/A
14/3/2026,12:51:52 pm,37.97,36.24,1011.57,30.87,-01,40,61,74,N/A,N/A
14/3/2026,12:52:03 pm,38,36.33,1011.56,30.87,701,40,60,73,N/A,N/A
14/3/2026,12:52:13 pm,38,36.33,1011.57,30.87,707,39,59,72,N/A,N/A
14/3/2026,12:52:23 pm,37.93,36.33,1011.58,31.33,698,40,62,74,N/A,N/A
14/3/2026,12:52:33 pm,37.96,36.33,1011.52,30.87,706,39,62,73,N/A,N/A
14/3/2026,12:52:43 pm,37.96,36.24,1011.53,31.33,702,39,61,72,N/A,N/A
14/3/2026,12:52:53 pm,37.88,36.24,1011.59,30.87,692,40,59,72,N/A,N/A
14/3/2026,12:53:04 pm,37.86,36.33,1011.58,30.87,690,38,55,69,N/A,N/A
14/3/2026,12:53:14 pm,37.91,36.33,1011.54,30.87,679,38,56,69,N/A,N/A
14/3/2026,12:53:24 pm,37.89,36.33,1011.56,31.33,688,38,56,70,N/A,N/A
14/3/2026,12:53:34 pm,37.94,36.33,1011.52,30.87,689,38,55,69,N/A,N/A
14/3/2026,12:53:45 pm,37.91,36.33,1011.56,29.95,688,39,56,68,N/A,N/A
14/3/2026,12:53:55 pm,37.86,36.43,1011.57,17.51,680,40,58,70,N/A,N/A
14/3/2026,12:54:05 pm,37.81,36.72,1011.57,32.72,689,39,55,69,N/A,N/A
14/3/2026,12:54:16 pm,37.81,36.72,1011.56,66.82,692,38,55,70,N/A,N/A
14/3/2026,12:54:26 pm,37.79,36.54,1011.53,66.82,691,40,57,72,N/A,N/A
14/3/2026,12:54:37 pm,37.79,36.54,1011.5,66.36,695,40,57,72,N/A,N/A
14/3/2026,12:54:47 pm,37.84,36.52,1011.53,66.82,690,39,58,71,N/A,N/A
14/3/2026,12:54:57 pm,37.89,36.43,1011.55,65.89,684,39,60,72,N/A,N/A
14/3/2026,12:55:07 pm,37.89,36.33,1011.54,66.36,686,39,59,72,N/A,N/A
14/3/2026,12:55:17 pm,37.96,36.24,1011.56,65.43,694,40,61,72,N/A,N/A
14/3/2026,12:55:27 pm,37.96,36.24,1011.53,64.05,699,40,60,72,N/A,N/A
14/3/2026,12:55:37 pm,37.94,36.14,1011.52,65.89,696,42,62,73,N/A,N/A
14/3/2026,12:55:48 pm,37.98,36.14,1011.5,65.43,698,41,63,73,N/A,N/A
14/3/2026,12:55:58 pm,38,36.04,1011.44,65.43,694,41,63,74,N/A,N/A
14/3/2026,12:56:08 pm,37.97,36.04,1011.47,64.97,688,41,62,74,N/A,N/A
14/3/2026,12:56:18 pm,37.93,36.04,1011.54,65.89,691,42,63,75,N/A,N/A
14/3/2026,12:56:28 pm,37.86,36.14,1011.5,65.89,687,42,62,74,N/A,N/A
14/3/2026,12:56:39 pm,37.89,36.14,1011.51,66.36,691,41,61,73,N/A,N/A
14/3/2026,12:56:49 pm,37.85,36.14,1011.51,65.43,690,41,63,75,N/A,N/A
14/3/2026,12:56:59 pm,37.81,36.14,1011.52,64.05,687,41,61,74,N/A,N/A
14/3/2026,12:57:09 pm,37.74,36.16,1011.48,63.13,687,39,58,71,N/A,N/A
14/3/2026,12:57:19 pm,37.72,36.25,1011.43,66.36,680,39,59,71,N/A,N/A
14/3/2026,12:57:30 pm,37.72,36.16,1011.48,67.28,698,40,59,71,N/A,N/A
14/3/2026,12:57:40 pm,37.75,36.16,1011.47,66.82,692,39,58,70,N/A,N/A
14/3/2026,12:57:50 pm,37.79,36.06,1011.46,67.28,688,40,58,69,N/A,N/A
14/3/2026,12:58:00 pm,37.78,35.96,1011.42,66.36,688,40,60,72,N/A,N/A
14/3/2026,12:58:10 pm,37.81,35.94,1011.47,67.74,691,40,60,72,N/A,N/A
14/3/2026,12:58:20 pm,37.79,35.96,1011.45,67.28,691,39,59,70,N/A,N/A
14/3/2026,12:58:31 pm,37.79,35.96,1011.45,68.2,686,39,57,71,N/A,N/A
14/3/2026,12:58:41 pm,37.76,35.86,1011.46,65.89,695,39,57,70,N/A,N/A
14/3/2026,12:58:51 pm,37.76,35.86,1011.46,67.74,690,40,60,71,N/A,N/A
14/3/2026,12:59:02 pm,37.85,35.85,1011.43,66.82,684,39,60,70,N/A,N/A
14/3/2026,12:59:12 pm,37.89,35.75,1011.44,66.82,685,41,62,73,N/A,N/A
14/3/2026,12:59:22 pm,37.98,35.66,1011.43,80.64,700,39,60,72,N/A,N/A
14/3/2026,12:59:32 pm,38.03,35.66,1011.4,81.1,701,40,61,73,N/A,N/A
14/3/2026,12:59:42 pm,38.11,35.54,1011.44,83.4,699,41,60,72,N/A,N/A
14/3/2026,12:59:52 pm,38.06,35.44,1011.42,83.87,700,40,59,73,N/A,N/A
14/3/2026,1:00:03 pm,37.94,35.66,1011.39,83.4,702,39,57,70,N/A,N/A
14/3/2026,1:00:13 pm,37.97,35.75,1011.43,83.4,705,42,61,73,N/A,N/A
14/3/2026,1:00:23 pm,37.96,35.75,1011.43,84.79,717,41,60,73,N/A,N/A
14/3/2026,1:00:33 pm,37.96,35.75,1011.43,85.25,695,39,58,72,N/A,N/A
14/3/2026,1:00:43 pm,38,35.75,1011.45,85.25,698,38,56,70,N/A,N/A
14/3/2026,1:00:53 pm,37.94,35.75,1011.45,85.25,699,39,57,71,N/A,N/A
14/3/2026,1:01:04 pm,37.86,35.66,1011.4,86.17,700,38,57,71,N/A,N/A
14/3/2026,1:01:14 pm,37.93,35.66,1011.38,86.63,690,40,59,73,N/A,N/A
14/3/2026,1:01:24 pm,37.89,35.56,1011.4,86.17,697,40,60,73,N/A,N/A
14/3/2026,1:01:34 pm,37.93,35.56,1011.4,85.25,699,40,60,72,N/A,N/A
14/3/2026,1:01:45 pm,37.98,35.36,1011.37,85.25,694,39,60,72,N/A,N/A
14/3/2026,1:01:55 pm,37.96,35.36,1011.39,87.09,684,40,61,73,N/A,N/A
14/3/2026,1:02:05 pm,37.91,35.36,1011.38,85.71,696,40,61,73,N/A,N/A
14/3/2026,1:02:15 pm,37.97,35.36,1011.37,84.79,699,40,57,70,N/A,N/A
14/3/2026,1:02:25 pm,38.03,35.36,1011.38,85.25,714,40,58,70,N/A,N/A
14/3/2026,1:02:36 pm,38.03,35.27,1011.38,73.73,719,41,61,72,N/A,N/A
14/3/2026,1:02:46 pm,37.98,35.27,1011.38,83.4,724,39,59,70,N/A,N/A
14/3/2026,1:02:56 pm,38.03,35.27,1011.37,87.09,716,39,60,71,N/A,N/A
14/3/2026,1:03:06 pm,38.04,35.15,1011.36,88.01,733,38,59,70,N/A,N/A
14/3/2026,1:03:16 pm,38.03,35.17,1011.4,88.01,735,40,62,72,N/A,N/A
14/3/2026,1:05:48 pm,37.93,35.36,1011.28,70.04,-01,41,61,73,N/A,N/A
14/3/2026,1:05:58 pm,37.98,35.36,1011.32,70.5,-01,40,60,74,N/A,N/A
14/3/2026,1:06:08 pm,37.97,35.36,1011.31,70.5,-01,39,58,72,N/A,N/A
14/3/2026,1:06:18 pm,37.93,35.46,1011.33,70.96,-01,39,58,70,N/A,N/A
14/3/2026,1:06:29 pm,37.89,35.56,1011.28,71.88,-01,40,60,72,N/A,N/A
14/3/2026,1:08:01 pm,37.88,36.04,1011.27,68.2,-01,38,56,69,N/A,N/A
14/3/2026,1:08:12 pm,37.88,36.14,1011.26,66.36,-01,39,57,70,N/A,N/A
Invalid Date,Invalid Date,37.94,36.24,1011.29,68.2,-01,39,57,70,N/A,N/A
14/3/2026,1:08:41 pm,37.91,36.14,1011.25,68.2,-01,39,57,70,N/A,N/A
14/3/2026,1:16:45 pm,38.25,34.86,1011.09,76.95,-01,41,61,74,N/A,N/A
Invalid Date,Invalid Date,41.6,35.5,1010.59,54.84,-01,37,53,69,N/A,N/A
Invalid Date,Invalid Date,41.63,35.5,1010.67,55.76,-01,36,53,69,N/A,N/A
14/3/2026,1:55:29 pm,41.62,35.6,1010.64,54.37,-01,37,55,70,N/A,N/A
14/3/2026,1:55:39 pm,41.6,35.6,1010.54,55.3,-01,38,57,71,N/A,N/A
14/3/2026,2:03:46 pm,40.76,38.16,1010.46,53.45,-01,35,52,66,N/A,N/A
14/3/2026,2:03:51 pm,40.82,38.06,1010.42,54.37,-01,36,53,67,N/A,N/A
Invalid Date,Invalid Date,40,40.92,1010.49,48.38,-00,38,58,76,N/A,N/A
Invalid Date,Invalid Date,40.01,41.02,1010.46,48.84,-00,35,52,68,N/A,N/A
14/3/2026,2:09:21 pm,40.16,40.9,1010.44,48.84,-00,37,54,69,N/A,N/A
14/3/2026,2:09:31 pm,40.27,40.8,1010.38,48.38,-00,38,55,70,N/A,N/A
14/3/2026,2:09:41 pm,40.41,40.49,1010.46,40.55,-00,35,51,66,N/A,N/A
14/3/2026,2:09:51 pm,40.54,40.39,1010.46,48.38,-00,35,52,66,N/A,N/A
Invalid Date,Invalid Date,40.69,39.99,1010.45,48.84,-00,0,0,0,N/A,N/A
14/3/2026,2:10:40 pm,40.73,39.89,1010.47,49.31,-00,37,53,66,N/A,N/A
14/3/2026,2:10:50 pm,40.79,39.89,1010.43,49.31,-00,35,53,66,N/A,N/A
14/3/2026,2:11:00 pm,40.74,39.99,1010.44,48.38,-00,35,52,66,N/A,N/A
14/3/2026,2:11:10 pm,40.79,39.89,1010.44,49.77,-00,36,52,66,N/A,N/A
14/3/2026,2:11:20 pm,40.74,39.89,1010.42,48.84,-00,36,52,65,N/A,N/A
14/3/2026,2:23:26 pm,40.74,41.44,1010.3,51.61,-00,35,51,64,N/A,N/A
14/3/2026,2:23:35 pm,40.88,41.32,1010.22,52.07,-00,34,50,63,N/A,N/A
14/3/2026,2:23:45 pm,41.01,41.22,1010.3,52.07,-00,34,51,65,N/A,N/A
14/3/2026,2:23:55 pm,41.06,41.03,1010.27,52.53,-00,34,49,64,N/A,N/A
14/3/2026,2:24:05 pm,41.06,41.03,1010.3,51.61,-00,33,49,63,N/A,N/A
14/3/2026,2:24:15 pm,41.08,41.03,1010.28,53.91,-00,34,50,64,N/A,N/A
14/3/2026,2:24:25 pm,41.2,41.01,1010.3,64.97,-00,33,50,65,N/A,N/A
14/3/2026,2:24:35 pm,41.2,40.91,1010.34,64.51,-00,34,52,66,N/A,N/A
14/3/2026,2:24:45 pm,41.25,40.91,1010.25,64.51,-00,33,51,64,N/A,N/A
14/3/2026,2:24:55 pm,41.25,40.81,1010.25,64.51,-00,33,51,64,N/A,N/A
14/3/2026,2:25:06 pm,41.29,40.81,1010.3,64.51,-00,35,52,66,N/A,N/A
14/3/2026,2:25:16 pm,41.29,40.81,1010.23,64.05,-00,34,50,65,N/A,N/A
14/3/2026,2:25:26 pm,41.39,40.8,1010.36,64.97,-00,33,49,64,N/A,N/A
14/3/2026,2:25:36 pm,41.42,40.7,1010.35,63.59,-00,33,50,64,N/A,N/A
14/3/2026,2:25:46 pm,41.45,40.61,1010.32,64.05,-00,33,49,63,N/A,N/A
14/3/2026,2:25:56 pm,41.42,40.7,1010.33,49.77,-00,34,50,64,N/A,N/A
14/3/2026,2:26:06 pm,41.47,40.61,1010.33,63.59,-00,33,49,61,N/A,N/A
14/3/2026,2:26:16 pm,41.48,40.7,1010.29,64.51,-00,33,49,62,N/A,N/A
14/3/2026,2:26:26 pm,41.57,40.61,1010.26,64.97,-00,34,50,63,N/A,N/A
14/3/2026,2:26:37 pm,41.6,40.41,1010.24,65.43,-00,33,49,62,N/A,N/A
14/3/2026,2:26:47 pm,41.66,40.39,1010.26,63.59,-00,33,48,63,N/A,N/A
14/3/2026,2:26:57 pm,41.67,40.39,1010.25,66.36,-00,33,49,62,N/A,N/A
14/3/2026,2:27:07 pm,41.64,40.39,1010.24,65.43,-00,34,50,64,N/A,N/A
14/3/2026,2:27:17 pm,41.6,40.61,1010.23,65.43,-00,33,49,62,N/A,N/A
14/3/2026,2:27:27 pm,41.54,40.8,1010.27,7.37,-00,34,50,64,N/A,N/A
14/3/2026,2:27:37 pm,125,40.8,1010.28,65.89,-00,33,49,62,N/A,N/A
14/3/2026,2:27:48 pm,125,40.8,1010.24,64.05,-00,34,51,63,N/A,N/A
14/3/2026,2:27:58 pm,125,40.91,1010.27,66.82,-00,34,50,63,N/A,N/A
14/3/2026,2:28:08 pm,125,41.2,1010.26,66.82,-00,33,48,62,N/A,N/A
14/3/2026,2:28:18 pm,125,41.51,1010.23,66.82,-00,33,49,63,N/A,N/A
14/3/2026,2:28:29 pm,125,41.82,1010.26,65.89,-00,34,50,63,N/A,N/A
14/3/2026,2:28:39 pm,125,42.11,1010.25,66.36,-00,34,50,63,N/A,N/A
14/3/2026,2:28:49 pm,125,42.42,1010.27,65.89,-00,33,48,61,N/A,N/A
14/3/2026,2:28:59 pm,125,42.61,1010.22,65.89,-00,33,49,61,N/A,N/A
14/3/2026,2:29:09 pm,125,42.73,1010.16,65.43,-00,33,50,63,N/A,N/A
14/3/2026,2:29:19 pm,125,43.02,1010.18,66.36,-00,33,49,61,N/A,N/A
14/3/2026,2:29:30 pm,125,43.21,1010.24,66.36,-00,33,49,61,N/A,N/A
14/3/2026,2:29:40 pm,125,43.33,1010.24,65.89,-00,33,49,61,N/A,N/A
14/3/2026,2:29:50 pm,125,43.52,1010.21,66.82,-00,33,48,61,N/A,N/A
14/3/2026,2:30:00 pm,125,43.62,1010.23,66.36,-00,33,48,62,N/A,N/A
14/3/2026,2:30:11 pm,125,43.93,1010.23,65.89,-00,32,48,60,N/A,N/A
14/3/2026,2:30:21 pm,125,44.03,1010.18,66.36,-00,32,48,60,N/A,N/A
14/3/2026,2:30:31 pm,125,44.22,1010.19,66.36,-00,33,48,61,N/A,N/A
14/3/2026,2:30:41 pm,125,44.34,1010.17,65.89,-00,32,48,62,N/A,N/A
14/3/2026,2:30:51 pm,125,44.43,1010.16,66.36,-00,32,47,61,N/A,N/A
14/3/2026,2:31:02 pm,125,44.43,1010.17,66.82,-00,32,48,61,N/A,N/A
14/3/2026,2:31:12 pm,125,44.32,1010.18,66.36,-00,32,48,61,N/A,N/A
14/3/2026,2:31:22 pm,125,44.34,1010.21,66.82,-00,33,48,62,N/A,N/A
14/3/2026,2:31:32 pm,125,44.43,1010.18,65.89,-00,32,47,62,N/A,N/A
14/3/2026,2:31:42 pm,125,44.53,1010.23,66.36,-00,33,50,64,N/A,N/A
14/3/2026,2:31:52 pm,125,44.73,1010.17,65.89,-00,33,49,62,N/A,N/A
14/3/2026,2:32:03 pm,125,44.73,1010.22,65.89,-00,33,49,61,N/A,N/A
14/3/2026,2:32:13 pm,125,44.84,1010.19,66.82,-00,32,48,62,N/A,N/A
Invalid Date,Invalid Date,125,44.94,1010.27,66.36,-00,32,48,60,N/A,N/A
14/3/2026,2:33:07 pm,125,45.04,1010.26,65.89,-00,31,47,60,N/A,N/A
14/3/2026,2:33:14 pm,125,45.04,1010.22,66.82,-00,33,48,61,N/A,N/A
14/3/2026,2:53:32 pm,125,44.56,1010.05,66.82,-00,29,44,55,N/A,N/A
14/3/2026,2:53:43 pm,125,44.65,1009.95,67.28,-00,29,44,54,N/A,N/A
14/3/2026,8:50:43 pm,125,47.81,1010.3,11.06,0,26,39,49,N/A,N/A
14/3/2026,8:50:48 pm,125,47.69,1010.28,11.06,0,25,38,48,N/A,N/A
14/3/2026,8:50:58 pm,125,47.69,1010.24,11.06,0,25,38,48,N/A,N/A
14/3/2026,8:51:08 pm,125,47.71,1010.29,11.06,0,25,37,46,N/A,N/A
14/3/2026,8:51:18 pm,125,47.81,1010.32,11.06,0,24,36,46,N/A,N/A
14/3/2026,8:51:29 pm,125,47.81,1010.26,10.6,0,24,37,46,N/A,N/A
14/3/2026,8:51:39 pm,125,48,1010.24,6.91,0,24,36,45,N/A,N/A
14/3/2026,8:51:49 pm,125,48,1010.31,8.29,0,23,35,44,N/A,N/A
14/3/2026,8:51:59 pm,125,48.1,1010.32,8.29,0,24,36,47,N/A,N/A
14/3/2026,8:52:09 pm,125,48.1,1010.34,12.44,0,23,35,45,N/A,N/A
14/3/2026,8:52:20 pm,125,48.1,1010.32,11.52,0,23,34,42,N/A,N/A
14/3/2026,8:52:30 pm,125,48.2,1010.28,14.28,0,23,33,39,N/A,N/A
14/3/2026,8:52:40 pm,125,48.2,1010.29,1056.15,0,22,32,37,N/A,N/A
14/3/2026,8:52:50 pm,125,48.3,1010.25,13.82,0,23,34,39,N/A,N/A
14/3/2026,8:53:01 pm,125,48.2,1010.33,12.9,0,22,33,38,N/A,N/A
14/3/2026,8:53:11 pm,125,48.3,1010.31,11.98,0,23,33,38,N/A,N/A
Invalid Date,Invalid Date,31.39,61.52,1010.58,9.68,0,20,42,49,N/A,N/A
14/3/2026,9:25:38 pm,31.84,60.78,1010.66,12.44,500,22,43,52,N/A,N/A
14/3/2026,9:25:47 pm,32.32,59.25,1010.66,12.9,500,22,39,50,N/A,N/A
14/3/2026,9:25:57 pm,32.7,58.25,1010.62,12.9,500,23,40,50,N/A,N/A
14/3/2026,9:26:07 pm,33.03,57.31,1010.57,12.44,500,24,38,47,N/A,N/A
14/3/2026,9:26:18 pm,33.32,56.5,1010.6,11.98,500,24,38,48,N/A,N/A
14/3/2026,9:26:28 pm,33.6,55.88,1010.69,10.6,1360,24,38,47,N/A,N/A
14/3/2026,9:26:38 pm,33.86,55.18,1010.65,12.44,1119,24,38,47,N/A,N/A
14/3/2026,9:26:48 pm,34.06,54.66,1010.65,12.44,1307,25,36,46,N/A,N/A
14/3/2026,9:26:58 pm,34.22,54.17,1010.68,11.98,949,25,36,46,N/A,N/A
14/3/2026,9:27:08 pm,34.43,53.75,1010.66,11.52,1438,26,36,46,N/A,N/A
14/3/2026,9:27:19 pm,34.59,53.44,1010.68,10.14,1785,26,38,48,N/A,N/A
14/3/2026,9:27:29 pm,34.75,53.14,1010.56,11.06,2927,26,39,49,N/A,N/A
14/3/2026,9:27:39 pm,34.91,52.73,1010.69,11.06,2715,27,39,49,N/A,N/A
14/3/2026,9:27:49 pm,35.03,52.4,1010.64,12.9,3054,26,39,49,N/A,N/A
14/3/2026,9:27:59 pm,35.16,52.22,1010.71,12.44,1904,26,38,51,N/A,N/A
14/3/2026,9:28:10 pm,35.23,52.02,1010.67,12.9,2284,25,38,50,N/A,N/A
14/3/2026,9:28:20 pm,35.36,51.8,1010.68,12.9,1691,26,39,50,N/A,N/A
14/3/2026,9:28:30 pm,35.4,51.61,1010.68,12.9,1856,25,37,48,N/A,N/A
14/3/2026,9:28:40 pm,35.5,51.51,1010.69,12.9,1517,25,38,48,N/A,N/A
14/3/2026,9:28:51 pm,125,51.29,1010.61,12.9,1945,27,40,49,N/A,N/A
14/3/2026,9:29:01 pm,125,51.09,1010.7,12.9,1673,26,40,50,N/A,N/A
14/3/2026,9:29:11 pm,125,50.87,1010.71,12.9,1859,26,39,48,N/A,N/A
14/3/2026,9:29:21 pm,125,50.78,1010.71,13.36,1632,27,39,49,N/A,N/A
14/3/2026,9:29:31 pm,125,50.68,1010.68,12.9,1755,26,38,49,N/A,N/A
14/3/2026,9:29:41 pm,125,50.58,1010.65,13.36,1591,27,39,49,N/A,N/A
14/3/2026,9:29:51 pm,125,50.48,1010.7,13.82,1511,26,38,48,N/A,N/A
14/3/2026,9:30:01 pm,125,50.36,1010.71,13.36,1578,27,40,49,N/A,N/A
14/3/2026,9:30:12 pm,125,50.26,1010.67,12.9,1547,25,39,48,N/A,N/A
14/3/2026,9:30:22 pm,125,50.16,1010.7,12.9,1756,26,40,49,N/A,N/A
14/3/2026,9:30:32 pm,125,50.07,1010.73,12.9,1466,25,38,48,N/A,N/A
14/3/2026,9:30:42 pm,125,50.07,1010.75,12.44,1655,25,38,48,N/A,N/A
14/3/2026,9:30:52 pm,125,49.95,1010.69,12.44,1490,26,38,47,N/A,N/A
14/3/2026,9:31:02 pm,125,49.85,1010.71,12.9,1699,27,39,49,N/A,N/A
14/3/2026,9:31:13 pm,125,49.76,1010.72,12.9,1224,27,39,49,N/A,N/A
14/3/2026,9:31:23 pm,125,49.66,1010.73,12.9,1497,25,38,46,N/A,N/A
14/3/2026,9:31:33 pm,125,49.56,1010.69,12.44,1177,26,39,48,N/A,N/A
14/3/2026,9:31:43 pm,125,49.46,1010.71,12.44,1456,26,39,49,N/A,N/A
14/3/2026,9:31:53 pm,125,49.56,1010.74,12.44,1148,25,38,48,N/A,N/A
14/3/2026,9:32:04 pm,125,49.63,1010.72,11.98,1699,26,39,49,N/A,N/A
14/3/2026,9:32:14 pm,125,49.34,1010.67,11.98,1334,25,38,48,N/A,N/A
Invalid Date,Invalid Date,32.28,59.74,1010.8,9.22,0,21,31,32,N/A,N/A
14/3/2026,9:41:31 pm,32.75,59.22,1010.85,6.91,0,21,33,35,N/A,N/A
14/3/2026,9:41:38 pm,33.12,58.18,1010.84,3.69,0,22,33,39,N/A,N/A
14/3/2026,9:41:48 pm,33.6,56.86,1010.87,10.6,0,21,34,38,N/A,N/A
14/3/2026,9:41:58 pm,33.94,55.96,1010.86,12.9,0,22,35,41,N/A,N/A
14/3/2026,9:42:08 pm,34.24,55.15,1010.87,12.9,0,22,35,40,N/A,N/A
14/3/2026,9:42:18 pm,34.49,54.53,1010.86,12.9,0,22,35,41,N/A,N/A
14/3/2026,9:42:28 pm,34.75,53.92,1010.88,12.9,0,22,36,43,N/A,N/A
14/3/2026,9:42:38 pm,34.92,53.5,1010.9,12.9,0,23,35,42,N/A,N/A
14/3/2026,9:42:48 pm,35.1,52.99,1010.85,12.9,0,24,36,43,N/A,N/A
14/3/2026,9:42:58 pm,35.28,52.58,1010.8,12.44,0,23,34,42,N/A,N/A
14/3/2026,9:49:24 pm,33.59,56.86,1010.93,12.44,500,24,35,46,N/A,N/A
14/3/2026,9:49:32 pm,33.78,56.45,1010.92,12.44,500,24,35,46,N/A,N/A
14/3/2026,9:49:42 pm,34.17,55.44,1010.95,11.52,500,23,35,44,N/A,N/A
14/3/2026,9:49:52 pm,34.46,54.63,1010.85,11.52,500,23,36,46,N/A,N/A
Invalid Date,Invalid Date,31.75,66.11,1010.22,24.42,0,24,31,32,N/A,N/A
15/3/2026,1:23:47 pm,32.22,65.16,1010.2,21.2,500,23,31,33,N/A,N/A
15/3/2026,1:23:54 pm,32.78,63.7,1010.19,21.2,500,20,30,36,N/A,N/A
15/3/2026,1:24:05 pm,33.18,62.49,1010.19,21.66,500,19,30,35,N/A,N/A
15/3/2026,1:24:15 pm,33.53,61.25,1010.24,21.66,500,19,31,38,N/A,N/A
15/3/2026,1:24:26 pm,33.86,60.35,1010.22,21.66,500,19,32,38,N/A,N/A
15/3/2026,1:24:36 pm,34.15,59.54,1010.22,21.66,739,19,31,39,N/A,N/A
15/3/2026,1:24:46 pm,34.34,58.83,1010.22,22.12,689,19,31,41,N/A,N/A
15/3/2026,1:24:56 pm,34.58,58.31,1010.18,22.12,722,20,32,41,N/A,N/A
15/3/2026,1:25:06 pm,34.75,57.82,1010.11,23.04,717,19,31,39,N/A,N/A
15/3/2026,1:25:16 pm,34.92,57.31,1010.2,21.2,766,19,31,38,N/A,N/A
15/3/2026,1:25:27 pm,35.14,56.79,1010.2,23.04,727,20,31,37,N/A,N/A
15/3/2026,1:25:37 pm,35.38,56.27,1010.23,23.5,747,19,30,39,N/A,N/A
15/3/2026,1:25:47 pm,35.5,55.89,1010.24,24.42,712,20,30,41,N/A,N/A
15/3/2026,1:25:57 pm,35.68,55.47,1010.19,24.42,713,19,29,40,N/A,N/A
15/3/2026,1:26:08 pm,35.72,55.18,1010.19,24.42,701,19,30,39,N/A,N/A
15/3/2026,1:26:18 pm,35.82,54.76,1010.19,24.42,718,19,30,38,N/A,N/A
15/3/2026,1:26:28 pm,35.92,54.57,1010.21,23.5,693,19,30,36,N/A,N/A
Invalid Date,Invalid Date,36.39,53.54,1009.94,86.63,0,15,26,33,N/A,N/A
16/3/2026,1:06:48 am,36.41,53.64,1009.91,85.71,0,14,24,32,N/A,N/A
16/3/2026,1:06:57 am,125,53.64,1009.98,86.63,0,14,25,36,N/A,N/A
16/3/2026,1:07:07 am,125,53.54,1009.93,86.17,0,14,25,33,N/A,N/A
16/3/2026,1:07:47 am,125,53.54,1010,86.17,0,14,27,32,N/A,N/A
16/3/2026,1:07:58 am,125,53.54,1009.93,86.63,0,12,28,31,N/A,N/A
16/3/2026,1:08:08 am,125,53.64,1009.96,86.63,0,12,29,32,N/A,N/A
16/3/2026,1:08:18 am,125,53.64,1009.94,86.17,0,12,28,33,N/A,N/A
16/3/2026,1:08:28 am,125,53.64,1009.91,86.17,0,12,27,35,N/A,N/A
16/3/2026,1:08:38 am,125,53.54,1009.97,86.63,0,12,26,33,N/A,N/A
16/3/2026,1:08:48 am,125,53.54,1009.97,86.17,0,13,27,33,N/A,N/A
16/3/2026,1:08:58 am,125,53.54,1009.93,86.17,0,15,29,36,N/A,N/A
16/3/2026,1:09:08 am,125,53.64,1009.85,86.17,0,14,26,32,N/A,N/A
16/3/2026,1:09:18 am,125,53.64,1009.87,86.17,0,14,26,34,N/A,N/A
16/3/2026,1:09:28 am,125,53.64,1009.89,86.17,0,13,25,33,N/A,N/A
16/3/2026,1:09:38 am,125,53.64,1009.85,86.17,0,12,25,34,N/A,N/A
16/3/2026,1:09:48 am,125,53.64,1009.86,86.17,0,14,28,34,N/A,N/A
16/3/2026,1:09:58 am,125,53.64,1009.89,86.17,0,14,28,34,N/A,N/A
16/3/2026,1:10:08 am,125,53.64,1009.91,86.17,0,14,28,32,N/A,N/A
16/3/2026,1:10:18 am,125,53.74,1009.92,86.17,0,15,28,30,N/A,N/A
16/3/2026,1:10:28 am,125,53.64,1009.9,86.17,0,15,27,30,N/A,N/A
16/3/2026,1:10:38 am,125,53.74,1009.94,86.17,0,15,25,31,N/A,N/A
16/3/2026,1:10:48 am,125,53.64,1009.95,86.17,0,15,24,31,N/A,N/A
16/3/2026,1:10:58 am,125,53.54,1009.93,86.17,0,14,24,30,N/A,N/A
16/3/2026,1:11:09 am,125,53.54,1009.96,86.17,0,15,25,31,N/A,N/A
16/3/2026,1:11:19 am,125,53.54,1009.91,86.17,0,15,25,33,N/A,N/A
16/3/2026,1:11:29 am,125,53.54,1009.94,86.17,0,12,24,31,N/A,N/A
16/3/2026,1:11:39 am,125,53.45,1009.96,85.71,0,13,26,34,N/A,N/A
16/3/2026,1:11:49 am,125,53.54,1009.95,86.17,0,14,26,35,N/A,N/A
16/3/2026,1:11:59 am,125,53.54,1009.95,86.63,0,13,24,34,N/A,N/A
16/3/2026,1:12:09 am,125,53.54,1009.94,86.63,0,13,23,32,N/A,N/A
16/3/2026,1:12:19 am,125,53.54,1009.95,86.63,0,13,23,31,N/A,N/A
16/3/2026,1:12:29 am,125,53.54,1009.96,86.17,0,14,24,32,N/A,N/A
16/3/2026,1:12:39 am,125,53.54,1009.91,86.17,0,13,24,31,N/A,N/A
16/3/2026,1:12:49 am,125,53.54,1009.95,86.17,0,14,25,32,N/A,N/A
16/3/2026,1:12:59 am,125,53.64,1009.93,86.63,0,13,25,32,N/A,N/A
16/3/2026,1:14:35 am,125,53.45,1009.89,86.63,0,14,26,33,N/A,N/A
16/3/2026,1:14:45 am,125,53.45,1009.8,86.17,0,17,27,33,N/A,N/A
16/3/2026,1:14:55 am,125,53.45,1009.89,86.63,0,15,26,29,N/A,N/A
16/3/2026,1:15:05 am,125,53.45,1009.88,86.63,0,14,26,30,N/A,N/A
16/3/2026,1:15:15 am,125,53.54,1009.85,86.63,0,13,27,30,N/A,N/A
16/3/2026,1:15:25 am,125,53.54,1009.93,86.63,0,13,27,32,N/A,N/A
16/3/2026,1:15:35 am,125,53.45,1009.86,86.63,0,14,27,35,N/A,N/A
16/3/2026,1:15:45 am,125,53.45,1009.88,86.63,0,14,25,34,N/A,N/A
16/3/2026,1:15:55 am,125,53.45,1009.91,86.63,0,14,26,31,N/A,N/A
16/3/2026,1:16:05 am,125,53.54,1009.84,86.63,0,13,26,32,N/A,N/A
16/3/2026,1:24:56 am,33.51,61.48,1009.75,83.87,1679,16,25,34,N/A,N/A
16/3/2026,1:25:05 am,33.73,60.77,1009.78,83.87,1911,16,25,35,N/A,N/A
16/3/2026,1:25:15 am,33.95,60.25,1009.65,83.4,1931,16,26,34,N/A,N/A
16/3/2026,1:25:26 am,34.16,59.64,1009.71,83.87,2124,16,26,32,N/A,N/A
16/3/2026,1:25:35 am,34.34,59.22,1009.69,83.4,2099,17,27,32,N/A,N/A
16/3/2026,1:25:46 am,34.53,58.7,1009.68,83.87,1880,15,25,32,N/A,N/A
16/3/2026,1:25:55 am,34.64,58.5,1009.76,83.87,1733,15,25,32,N/A,N/A
16/3/2026,1:26:05 am,34.78,57.99,1009.75,83.87,2322,15,25,31,N/A,N/A
16/3/2026,1:26:15 am,34.92,57.7,1009.75,83.87,1930,15,26,32,N/A,N/A
16/3/2026,1:27:49 am,35.77,55.44,1009.74,83.87,1197,16,27,31,N/A,N/A
16/3/2026,1:27:59 am,35.82,55.25,1009.64,83.4,2172,16,27,31,N/A,N/A
16/3/2026,1:28:10 am,35.89,55.15,1009.76,83.4,1808,15,29,32,N/A,N/A
16/3/2026,1:28:20 am,35.97,55.05,1009.71,83.87,2274,14,26,31,N/A,N/A
16/3/2026,1:28:30 am,35.99,54.86,1009.73,83.87,1735,13,27,32,N/A,N/A
16/3/2026,1:28:40 am,35.99,54.96,1009.77,83.87,2370,12,26,30,N/A,N/A
16/3/2026,1:28:50 am,36.03,54.83,1009.72,83.4,1929,12,26,30,N/A,N/A
16/3/2026,1:29:00 am,36,54.86,1009.74,83.4,2222,11,25,28,N/A,N/A
16/3/2026,1:29:10 am,36.08,54.74,1009.75,83.87,1739,12,26,29,N/A,N/A
16/3/2026,1:29:20 am,36.08,54.74,1009.74,83.87,2344,10,24,28,N/A,N/A
16/3/2026,1:29:30 am,36.08,54.64,1009.73,83.87,1931,11,25,29,N/A,N/A
16/3/2026,1:29:40 am,36.15,54.64,1009.72,83.87,2139,13,24,30,N/A,N/A
16/3/2026,1:29:50 am,36.09,54.54,1009.78,83.87,1857,13,25,32,N/A,N/A
16/3/2026,1:30:00 am,36.15,54.64,1009.68,83.4,2499,13,25,31,N/A,N/A
16/3/2026,1:30:10 am,36.2,54.54,1009.61,83.4,2010,15,26,31,N/A,N/A
16/3/2026,1:30:20 am,36.23,54.44,1009.66,83.4,2064,14,25,28,N/A,N/A
16/3/2026,1:30:30 am,36.28,54.32,1009.64,83.4,1851,14,27,31,N/A,N/A
16/3/2026,1:30:40 am,36.32,54.32,1009.66,83.4,2250,13,27,30,N/A,N/A
16/3/2026,1:30:50 am,36.37,54.13,1009.73,83.4,1994,13,25,30,N/A,N/A
16/3/2026,1:31:00 am,36.41,54.13,1009.79,83.4,1966,12,24,30,N/A,N/A
16/3/2026,1:31:10 am,36.41,53.93,1009.73,83.4,1929,13,25,32,N/A,N/A
16/3/2026,1:31:20 am,36.44,54.03,1009.7,83.4,2198,13,27,32,N/A,N/A
16/3/2026,1:31:30 am,36.41,53.93,1009.75,83.87,2041,14,26,33,N/A,N/A
16/3/2026,1:31:40 am,36.51,53.91,1009.75,83.87,1936,13,26,34,N/A,N/A
16/3/2026,1:31:50 am,36.53,53.81,1009.75,83.87,2033,16,28,32,N/A,N/A
16/3/2026,1:32:00 am,36.56,53.81,1009.75,83.87,2155,14,26,30,N/A,N/A
16/3/2026,1:32:10 am,36.56,53.81,1009.72,83.87,2196,15,27,32,N/A,N/A
16/3/2026,1:32:20 am,36.56,53.81,1009.73,83.87,1880,14,26,33,N/A,N/A
16/3/2026,1:32:30 am,36.51,53.91,1009.71,83.4,2049,14,27,38,N/A,N/A
16/3/2026,1:32:40 am,36.5,54.03,1009.77,83.87,2020,13,27,34,N/A,N/A
16/3/2026,1:32:51 am,36.54,53.81,1009.75,83.87,2151,12,26,33,N/A,N/A
16/3/2026,1:33:01 am,36.6,53.71,1009.74,83.87,1829,12,26,32,N/A,N/A
16/3/2026,1:33:11 am,36.62,53.61,1009.72,83.87,2111,12,27,31,N/A,N/A
16/3/2026,1:33:21 am,36.57,53.71,1009.76,83.87,2011,14,29,34,N/A,N/A
16/3/2026,1:33:31 am,36.56,53.71,1009.74,83.87,2212,14,28,33,N/A,N/A
16/3/2026,1:33:41 am,36.53,53.81,1009.69,83.87,1739,15,27,33,N/A,N/A
16/3/2026,1:33:51 am,36.56,53.71,1009.61,83.4,2121,16,26,32,N/A,N/A
16/3/2026,1:34:01 am,36.56,53.71,1009.67,83.4,1875,15,25,31,N/A,N/A
16/3/2026,1:34:11 am,36.57,53.61,1009.69,83.87,2168,14,25,32,N/A,N/A
16/3/2026,1:34:21 am,36.6,53.52,1009.72,83.4,1707,15,26,33,N/A,N/A
16/3/2026,1:34:31 am,36.65,53.52,1009.72,83.4,2148,16,27,32,N/A,N/A
16/3/2026,1:36:02 am,36.65,53.61,1009.68,83.87,1458,13,26,29,N/A,N/A
16/3/2026,1:36:12 am,36.64,53.52,1009.66,83.87,1885,12,24,28,N/A,N/A
16/3/2026,1:36:22 am,36.64,53.61,1009.68,83.87,1715,12,24,29,N/A,N/A
16/3/2026,1:36:33 am,36.65,53.61,1009.73,83.87,2205,13,26,32,N/A,N/A
16/3/2026,1:36:42 am,36.65,53.52,1009.59,83.4,1854,12,25,32,N/A,N/A
16/3/2026,1:36:53 am,36.62,53.61,1009.6,83.4,1947,12,23,30,N/A,N/A
16/3/2026,1:37:02 am,36.66,53.52,1009.64,83.4,1771,13,25,32,N/A,N/A
16/3/2026,1:37:13 am,36.69,53.52,1009.69,83.4,2233,13,25,32,N/A,N/A
16/3/2026,1:37:22 am,36.59,53.61,1009.64,83.4,1982,12,24,30,N/A,N/A
16/3/2026,1:37:33 am,36.62,53.61,1009.71,83.4,1965,13,26,30,N/A,N/A
16/3/2026,1:37:42 am,36.65,53.61,1009.69,83.87,1710,13,25,30,N/A,N/A
16/3/2026,1:37:52 am,36.69,53.42,1009.69,83.87,2253,13,26,30,N/A,N/A
16/3/2026,1:38:02 am,36.66,53.52,1009.7,83.87,1817,14,25,29,N/A,N/A
16/3/2026,1:38:12 am,36.65,53.61,1009.7,83.87,2130,15,28,34,N/A,N/A
16/3/2026,1:38:22 am,36.65,53.61,1009.72,83.87,1695,13,25,30,N/A,N/A
16/3/2026,1:38:32 am,36.66,53.52,1009.69,83.87,2248,14,25,30,N/A,N/A
16/3/2026,1:38:42 am,36.65,53.61,1009.69,83.87,1869,14,25,30,N/A,N/A
16/3/2026,1:38:52 am,36.6,53.61,1009.68,83.87,2055,13,26,29,N/A,N/A
16/3/2026,1:39:02 am,36.59,53.71,1009.7,83.87,1817,11,24,29,N/A,N/A
16/3/2026,1:39:12 am,36.6,53.61,1009.63,83.4,2256,12,23,30,N/A,N/A
16/3/2026,1:39:22 am,36.6,53.61,1009.66,83.4,1918,14,23,32,N/A,N/A
16/3/2026,1:39:32 am,36.6,53.61,1009.66,83.4,1947,15,25,32,N/A,N/A
16/3/2026,1:39:42 am,36.64,53.61,1009.65,83.4,1868,15,24,30,N/A,N/A
16/3/2026,1:39:52 am,36.62,53.61,1009.64,83.4,2240,15,23,31,N/A,N/A
16/3/2026,1:40:02 am,36.62,53.61,1009.65,83.4,2007,15,24,30,N/A,N/A
16/3/2026,1:40:12 am,36.64,53.61,1009.67,83.87,2039,14,23,31,N/A,N/A
16/3/2026,1:40:22 am,36.65,53.52,1009.67,83.87,2044,14,23,31,N/A,N/A
16/3/2026,1:40:32 am,36.66,53.52,1009.68,83.87,2126,13,24,34,N/A,N/A
16/3/2026,1:40:42 am,36.68,53.52,1009.67,83.87,2215,14,25,38,N/A,N/A
16/3/2026,1:40:52 am,36.66,53.52,1009.66,83.87,1954,14,26,36,N/A,N/A
16/3/2026,1:41:03 am,36.64,53.61,1009.71,83.87,2248,14,26,35,N/A,N/A
16/3/2026,1:41:13 am,36.65,53.61,1009.71,83.4,2290,14,26,33,N/A,N/A
16/3/2026,1:41:23 am,36.6,53.61,1009.71,83.4,2403,12,25,31,N/A,N/A
16/3/2026,1:41:33 am,36.62,53.71,1009.69,83.87,1906,13,26,31,N/A,N/A
16/3/2026,1:41:43 am,36.66,53.61,1009.68,83.87,2236,14,27,32,N/A,N/A
16/3/2026,1:41:53 am,36.64,53.52,1009.68,83.4,2094,13,25,33,N/A,N/A
16/3/2026,1:42:03 am,36.65,53.52,1009.66,83.4,2269,13,24,30,N/A,N/A
16/3/2026,1:42:13 am,36.68,53.61,1009.59,83.87,1793,12,25,31,N/A,N/A
16/3/2026,1:42:23 am,36.69,53.52,1009.6,82.94,2222,14,25,31,N/A,N/A
16/3/2026,1:42:33 am,36.62,53.52,1009.64,83.4,1923,13,25,29,N/A,N/A
16/3/2026,1:42:43 am,36.65,53.61,1009.62,83.4,2252,12,25,29,N/A,N/A
16/3/2026,1:42:53 am,36.6,53.52,1009.64,83.4,1754,9,25,29,N/A,N/A
16/3/2026,1:43:03 am,36.64,53.61,1009.65,83.4,2209,11,25,30,N/A,N/A
16/3/2026,1:43:13 am,36.65,53.61,1009.65,83.87,1895,11,25,31,N/A,N/A
16/3/2026,1:43:23 am,36.65,53.61,1009.65,83.87,2309,11,23,29,N/A,N/A
16/3/2026,1:43:33 am,36.64,55.27,1009.67,80.64,1784,10,23,28,N/A,N/A
Invalid Date,Invalid Date,36.64,53.91,1009.66,82.94,3491,10,23,30,N/A,N/A
16/3/2026,1:44:05 am,36.59,54.29,1009.69,83.87,4166,0,0,0,N/A,N/A
16/3/2026,1:44:15 am,36.57,53.71,1009.64,83.87,3373,11,26,31,N/A,N/A
16/3/2026,1:44:25 am,36.6,53.71,1009.7,83.87,3787,11,25,31,N/A,N/A
16/3/2026,1:44:35 am,36.6,53.61,1009.59,83.87,2893,11,25,35,N/A,N/A
16/3/2026,1:44:45 am,36.64,53.61,1009.61,83.87,2847,13,23,34,N/A,N/A
16/3/2026,1:44:55 am,36.62,53.61,1009.6,83.87,2534,12,22,32,N/A,N/A
16/3/2026,1:45:05 am,36.69,53.52,1009.63,83.87,2772,13,22,30,N/A,N/A
16/3/2026,1:45:16 am,36.64,53.61,1009.68,83.87,2491,12,21,30,N/A,N/A
16/3/2026,1:45:26 am,36.65,53.61,1009.64,83.87,2365,12,22,30,N/A,N/A
16/3/2026,1:45:36 am,36.65,53.71,1009.64,83.87,2466,13,23,28,N/A,N/A
16/3/2026,1:45:46 am,36.71,53.61,1009.66,83.87,2602,9,21,26,N/A,N/A
16/3/2026,1:45:56 am,36.66,53.52,1009.66,83.87,2429,9,21,26,N/A,N/A
16/3/2026,1:46:06 am,36.65,53.61,1009.66,83.87,2200,10,23,28,N/A,N/A
16/3/2026,1:46:16 am,36.69,53.52,1009.67,83.87,2245,7,21,26,N/A,N/A
16/3/2026,1:46:26 am,36.59,53.52,1009.65,83.87,2252,8,22,28,N/A,N/A
16/3/2026,1:46:36 am,36.59,53.61,1009.62,83.87,2155,9,22,29,N/A,N/A
16/3/2026,1:46:46 am,36.57,53.71,1009.66,83.87,1890,9,23,30,N/A,N/A
16/3/2026,1:46:56 am,36.5,53.93,1009.68,83.87,1997,10,24,30,N/A,N/A
16/3/2026,1:47:06 am,36.49,54.03,1009.63,83.87,2020,10,23,29,N/A,N/A
16/3/2026,1:47:16 am,36.44,54.03,1009.65,83.87,2101,8,22,26,N/A,N/A
16/3/2026,1:47:26 am,36.43,54.03,1009.67,83.87,1841,8,22,27,N/A,N/A
16/3/2026,1:47:36 am,36.5,53.93,1009.69,83.87,1719,10,23,28,N/A,N/A
16/3/2026,1:47:46 am,36.53,53.81,1009.65,83.87,1976,11,23,29,N/A,N/A
16/3/2026,1:47:56 am,36.49,53.83,1009.64,83.87,2111,10,22,27,N/A,N/A
16/3/2026,1:48:06 am,36.46,53.93,1009.63,83.87,1776,11,22,27,N/A,N/A
16/3/2026,1:48:16 am,36.49,53.93,1009.63,83.87,2059,14,24,29,N/A,N/A
16/3/2026,1:48:26 am,36.5,53.93,1009.53,83.4,1988,13,24,29,N/A,N/A
16/3/2026,1:48:36 am,36.5,53.93,1009.59,83.87,2131,14,23,29,N/A,N/A
16/3/2026,1:50:10 am,36.66,53.52,1009.65,83.87,1203,10,22,28,N/A,N/A
16/3/2026,1:50:20 am,36.6,53.61,1009.63,83.87,2032,10,22,27,N/A,N/A
16/3/2026,1:50:30 am,36.62,53.52,1009.63,83.87,1772,12,23,29,N/A,N/A
16/3/2026,1:50:41 am,36.65,53.52,1009.58,83.87,2135,11,22,30,N/A,N/A
16/3/2026,1:50:51 am,36.71,53.42,1009.58,83.87,1719,12,22,32,N/A,N/A
16/3/2026,1:51:01 am,36.71,53.42,1009.6,83.87,2202,12,21,30,N/A,N/A
16/3/2026,1:51:11 am,36.76,53.32,1009.61,84.33,1778,12,21,29,N/A,N/A
16/3/2026,1:51:21 am,36.72,53.22,1009.61,83.87,2030,11,23,29,N/A,N/A
16/3/2026,1:51:31 am,36.71,53.32,1009.61,83.87,1676,10,22,27,N/A,N/A
16/3/2026,1:51:41 am,36.69,53.42,1009.64,83.87,2217,11,24,29,N/A,N/A
Invalid Date,Invalid Date,36.72,53.32,1009.59,83.87,1422,0,0,0,N/A,N/A
16/3/2026,1:53:24 am,36.76,53.32,1009.61,83.87,1605,10,22,28,N/A,N/A
16/3/2026,1:53:34 am,36.73,53.32,1009.61,83.87,2000,9,21,26,N/A,N/A
16/3/2026,1:53:44 am,36.75,53.32,1009.57,83.87,1893,10,21,27,N/A,N/A
16/3/2026,1:53:54 am,36.73,53.42,1009.58,83.87,2140,11,24,31,N/A,N/A
16/3/2026,1:54:04 am,36.75,53.32,1009.61,83.87,1721,10,23,29,N/A,N/A
16/3/2026,1:54:14 am,36.71,53.42,1009.51,83.4,2124,10,22,27,N/A,N/A
16/3/2026,1:54:24 am,36.72,53.42,1009.57,83.4,1817,10,22,26,N/A,N/A
16/3/2026,1:54:34 am,36.69,53.42,1009.54,83.87,2143,10,23,26,N/A,N/A
16/3/2026,1:54:44 am,36.71,53.42,1009.54,83.87,1702,9,22,27,N/A,N/A
16/3/2026,1:54:54 am,36.71,53.42,1009.58,83.87,2139,11,24,29,N/A,N/A
16/3/2026,1:55:04 am,36.72,53.42,1009.59,83.87,1811,9,24,30,N/A,N/A
16/3/2026,1:55:14 am,36.68,53.52,1009.57,83.87,2223,10,24,30,N/A,N/A
16/3/2026,1:55:25 am,36.64,53.52,1009.56,83.87,1710,10,25,31,N/A,N/A
16/3/2026,1:55:35 am,36.57,53.61,1009.58,83.87,2282,9,25,28,N/A,N/A
16/3/2026,1:55:45 am,36.64,53.81,1009.57,83.87,1814,10,26,28,N/A,N/A
16/3/2026,1:55:55 am,36.65,53.71,1009.58,83.87,2194,10,23,28,N/A,N/A
16/3/2026,1:56:05 am,36.68,53.61,1009.58,83.87,1669,10,22,28,N/A,N/A
16/3/2026,1:56:15 am,36.69,53.52,1009.55,83.87,2237,9,22,29,N/A,N/A
16/3/2026,1:56:25 am,36.68,53.52,1009.54,83.87,1769,9,22,27,N/A,N/A
16/3/2026,1:56:35 am,36.72,53.52,1009.6,83.87,2189,9,23,27,N/A,N/A
16/3/2026,1:56:45 am,36.73,53.32,1009.55,83.87,1665,10,24,30,N/A,N/A
16/3/2026,1:56:55 am,36.71,53.42,1009.56,83.87,2273,9,23,28,N/A,N/A
16/3/2026,1:57:05 am,36.76,53.32,1009.59,83.87,1787,9,22,28,N/A,N/A
16/3/2026,1:57:15 am,36.8,53.3,1009.59,83.87,2171,9,21,29,N/A,N/A
16/3/2026,1:57:25 am,36.83,53.2,1009.53,83.87,1682,9,21,28,N/A,N/A
16/3/2026,1:57:35 am,36.78,53.3,1009.51,83.4,2191,9,23,27,N/A,N/A
16/3/2026,1:57:45 am,36.8,53.3,1009.51,83.4,1826,9,22,29,N/A,N/A
16/3/2026,1:57:55 am,36.76,53.32,1009.48,83.87,1968,10,25,30,N/A,N/A
16/3/2026,1:58:05 am,36.75,53.32,1009.54,83.87,1769,11,26,29,N/A,N/A
16/3/2026,1:58:15 am,36.78,53.2,1009.54,83.87,2252,8,22,26,N/A,N/A
16/3/2026,1:58:25 am,36.72,53.42,1009.53,83.87,1922,7,22,27,N/A,N/A
16/3/2026,2:00:04 am,36.78,53.1,1009.51,83.87,1571,10,24,29,N/A,N/A
16/3/2026,2:00:15 am,36.73,53.22,1009.49,83.87,1977,9,23,30,N/A,N/A
16/3/2026,2:00:24 am,36.73,53.22,1009.5,83.87,1975,9,21,28,N/A,N/A
16/3/2026,2:00:34 am,36.73,53.22,1009.47,83.87,2192,9,22,27,N/A,N/A
16/3/2026,2:00:44 am,36.69,53.32,1009.48,83.87,1716,9,22,25,N/A,N/A
16/3/2026,2:00:54 am,36.69,53.32,1009.51,83.87,2194,10,23,29,N/A,N/A
16/3/2026,2:01:04 am,36.66,53.32,1009.53,83.87,1860,10,24,30,N/A,N/A
16/3/2026,2:01:14 am,36.64,53.32,1009.46,83.87,1994,8,22,27,N/A,N/A
16/3/2026,2:01:24 am,36.68,53.42,1009.49,84.33,1754,9,23,25,N/A,N/A
16/3/2026,2:01:34 am,36.68,53.42,1009.48,84.33,2143,10,21,25,N/A,N/A
16/3/2026,2:01:44 am,36.66,53.32,1009.48,83.87,1844,10,22,27,N/A,N/A
16/3/2026,2:01:54 am,36.6,53.32,1009.47,84.33,1888,10,22,26,N/A,N/A
16/3/2026,2:02:04 am,36.65,53.42,1009.45,83.87,1763,9,21,24,N/A,N/A
16/3/2026,2:02:14 am,36.62,53.42,1009.46,83.87,1922,8,22,25,N/A,N/A
16/3/2026,2:02:24 am,36.64,53.42,1009.43,83.87,1953,8,22,26,N/A,N/A
16/3/2026,2:02:34 am,36.65,53.32,1009.46,83.87,1751,9,23,26,N/A,N/A
16/3/2026,2:02:44 am,36.6,53.32,1009.45,84.33,1905,9,23,25,N/A,N/A
16/3/2026,2:02:54 am,36.6,53.42,1009.44,83.87,1894,8,23,27,N/A,N/A
16/3/2026,2:03:04 am,36.56,53.42,1009.45,83.4,1968,8,22,25,N/A,N/A
16/3/2026,2:03:14 am,36.51,53.52,1009.39,83.87,1695,7,21,24,N/A,N/A
16/3/2026,2:03:24 am,36.49,53.64,1009.41,83.87,1919,7,20,25,N/A,N/A
16/3/2026,2:03:34 am,36.44,53.64,1009.43,83.87,1854,8,23,28,N/A,N/A
16/3/2026,2:03:44 am,36.49,53.74,1009.44,83.87,1995,8,21,26,N/A,N/A
16/3/2026,2:03:54 am,36.46,53.64,1009.45,83.87,1674,9,22,28,N/A,N/A
16/3/2026,2:04:04 am,36.41,53.83,1009.45,83.87,1946,10,21,28,N/A,N/A
16/3/2026,2:04:14 am,36.31,53.93,1009.49,83.87,1839,12,25,28,N/A,N/A
16/3/2026,2:04:24 am,36.37,53.93,1009.47,84.33,2080,11,25,28,N/A,N/A
16/3/2026,2:04:34 am,36.46,53.83,1009.46,83.87,1650,12,25,28,N/A,N/A
16/3/2026,2:04:44 am,36.46,53.74,1009.45,83.87,1977,11,22,28,N/A,N/A
16/3/2026,2:04:54 am,36.38,53.74,1009.46,83.87,1743,12,23,27,N/A,N/A
16/3/2026,2:05:04 am,36.44,53.64,1009.45,83.87,2012,11,22,27,N/A,N/A
16/3/2026,2:05:14 am,36.49,53.64,1009.48,83.87,1553,8,22,26,N/A,N/A
16/3/2026,2:05:24 am,36.49,53.54,1009.47,83.87,2030,8,23,24,N/A,N/A
16/3/2026,2:05:34 am,36.46,53.64,1009.43,83.87,1626,8,21,24,N/A,N/A
16/3/2026,2:05:44 am,36.39,53.64,1009.42,83.87,2053,10,21,24,N/A,N/A
16/3/2026,2:05:54 am,36.35,53.83,1009.4,83.87,1531,9,22,25,N/A,N/A
16/3/2026,2:06:04 am,36.27,54.05,1009.43,83.87,2094,11,24,27,N/A,N/A
16/3/2026,2:06:14 am,36.34,54.03,1009.46,83.87,1686,9,23,27,N/A,N/A
16/3/2026,2:06:24 am,36.31,54.03,1009.45,83.4,2111,10,25,28,N/A,N/A
16/3/2026,2:06:34 am,36.32,54.03,1009.32,83.4,1586,9,25,29,N/A,N/A
16/3/2026,2:06:44 am,36.35,54.03,1009.4,83.87,2107,9,24,31,N/A,N/A
16/3/2026,2:06:54 am,36.34,54.03,1009.4,83.87,1709,10,23,31,N/A,N/A
16/3/2026,2:07:04 am,36.35,54.03,1009.36,83.4,1972,9,23,30,N/A,N/A
Invalid Date,Invalid Date,32,65.39,1009.28,84.33,0,15,23,23,N/A,N/A
16/3/2026,2:11:08 am,32.37,64.84,1009.28,84.33,500,13,23,25,N/A,N/A
16/3/2026,2:11:17 am,125,63.7,1009.37,84.79,500,13,22,27,N/A,N/A
16/3/2026,2:11:27 am,125,62.69,1009.4,84.79,500,11,21,27,N/A,N/A
16/3/2026,2:11:37 am,125,61.77,1009.33,84.79,500,11,22,28,N/A,N/A
16/3/2026,2:11:47 am,125,61.06,1009.34,84.79,500,11,24,29,N/A,N/A
16/3/2026,2:11:57 am,125,60.35,1009.34,84.33,3023,12,24,31,N/A,N/A
16/3/2026,2:12:07 am,125,59.74,1009.35,84.79,2586,12,23,32,N/A,N/A
16/3/2026,2:12:17 am,125,59.22,1009.23,84.33,2757,12,25,33,N/A,N/A
24/3/2026,9:54:41 am,N/A,0,N/A,0,0,N/A,0,N/A,N/A,N/A
24/3/2026,9:54:41 am,N/A,0,N/A,0,0,N/A,0,N/A,N/A,N/A
24/3/2026,9:54:41 am,N/A,0,N/A,0,0,N/A,0,N/A,N/A,N/A
24/3/2026,9:54:41 am,N/A,0,N/A,0,0,N/A,0,N/A,N/A,N/A
24/3/2026,9:54:41 am,N/A,0,N/A,0,0,N/A,0,N/A,N/A,N/A
24/3/2026,9:54:41 am,N/A,0,N/A,0,0,N/A,0,N/A,N/A,N/A
24/3/2026,9:54:41 am,N/A,0,N/A,0,0,N/A,0,N/A,N/A,N/A
24/3/2026,9:54:41 am,N/A,0,N/A,0,0,N/A,0,N/A,N/A,N/A
24/3/2026,9:54:41 am,N/A,0,N/A,0,0,N/A,0,N/A,N/A,N/A
24/3/2026,9:54:41 am,N/A,0,N/A,0,0,N/A,0,N/A,N/A,N/A
24/3/2026,9:54:41 am,N/A,0,N/A,0,0,N/A,0,N/A,N/A,N/A
24/3/2026,9:54:41 am,N/A,0,N/A,0,0,N/A,0,N/A,N/A,N/A
24/3/2026,9:54:41 am,N/A,0,N/A,0,0,N/A,0,N/A,N/A,N/A
24/3/2026,9:54:41 am,N/A,0,N/A,0,0,N/A,0,N/A,N/A,N/A
24/3/2026,9:54:41 am,N/A,0,N/A,0,0,N/A,0,N/A,N/A,N/A
24/3/2026,9:54:41 am,N/A,0,N/A,0,0,N/A,0,N/A,N/A,N/A
24/3/2026,9:54:41 am,N/A,0,N/A,0,0,N/A,0,N/A,N/A,N/A
24/3/2026,9:54:41 am,N/A,0,N/A,0,0,N/A,0,N/A,N/A,N/A
24/3/2026,9:54:41 am,N/A,0,N/A,0,0,N/A,0,N/A,N/A,N/A
24/3/2026,9:54:41 am,N/A,55.0,N/A,800,0,N/A,0,N/A,N/A,N/A
24/3/2026,9:54:41 am,N/A,55.0,N/A,800,0,N/A,0,N/A,N/A,N/A
24/3/2026,9:54:41 am,N/A,55.0,N/A,800,0,N/A,0,N/A,N/A,N/A
24/3/2026,9:54:41 am,N/A,55.0,N/A,800,0,N/A,0,N/A,N/A,N/A
24/3/2026,9:54:41 am,N/A,54,N/A,600,0,N/A,0,N/A,N/A,N/A
24/3/2026,9:54:41 am,N/A,54,N/A,600,0,N/A,0,N/A,N/A,N/A
24/3/2026,9:54:41 am,N/A,54,N/A,600,0,N/A,0,N/A,N/A,N/A
24/3/2026,9:54:41 am,N/A,54,N/A,600,0,N/A,0,N/A,N/A,N/A
24/3/2026,9:54:41 am,0,0,N/A,0,0,N/A,0,N/A,N/A,N/A
24/3/2026,9:54:41 am,0,0,N/A,0,0,N/A,0,N/A,N/A,N/A
24/3/2026,9:54:41 am,0,0,N/A,0,0,N/A,0,N/A,N/A,N/A
24/3/2026,9:54:41 am,0,0,N/A,0,0,N/A,0,N/A,N/A,N/A
24/3/2026,9:54:41 am,0,0,N/A,0,0,N/A,0,N/A,N/A,N/A
24/3/2026,9:54:41 am,0,0,N/A,0,0,N/A,0,N/A,N/A,N/A
24/3/2026,9:54:41 am,0,0,N/A,0,0,N/A,0,N/A,N/A,N/A
24/3/2026,9:54:41 am,0,0,N/A,0,0,N/A,0,N/A,N/A,N/A
24/3/2026,9:54:41 am,0,0,N/A,0,0,N/A,0,N/A,N/A,N/A
24/3/2026,9:54:41 am,0,0,N/A,0,0,N/A,0,N/A,N/A,N/A
24/3/2026,9:54:41 am,0,0,N/A,0,0,N/A,0,N/A,N/A,N/A
24/3/2026,9:54:41 am,0,0,N/A,0,0,N/A,0,N/A,N/A,N/A
24/3/2026,9:54:41 am,0,0,N/A,0,0,N/A,0,N/A,N/A,N/A
24/3/2026,9:54:41 am,0,0,N/A,0,0,N/A,0,N/A,N/A,N/A
24/3/2026,9:54:41 am,0,0,N/A,0,0,N/A,0,N/A,N/A,N/A
24/3/2026,9:54:41 am,0,0,N/A,0,0,N/A,0,N/A,N/A,N/A
24/3/2026,9:54:41 am,0,0,N/A,0,0,N/A,0,N/A,N/A,N/A
24/3/2026,9:54:41 am,0,0,N/A,0,0,N/A,0,N/A,N/A,N/A
24/3/2026,9:54:41 am,22.5,55.0,N/A,800,0,N/A,0,N/A,N/A,N/A
24/3/2026,9:54:41 am,22.5,55.0,N/A,800,0,N/A,0,N/A,N/A,N/A
24/3/2026,9:54:41 am,22.5,55.0,N/A,800,0,N/A,0,N/A,N/A,N/A
24/3/2026,9:54:41 am,22.5,55.0,N/A,800,0,N/A,0,N/A,N/A,N/A
24/3/2026,9:54:41 am,0,0,N/A,0,0,N/A,0,N/A,N/A,N/A
24/3/2026,9:54:41 am,0,0,N/A,0,0,N/A,0,N/A,N/A,N/A
24/3/2026,9:54:41 am,0,0,N/A,0,0,N/A,0,N/A,N/A,N/A
24/3/2026,9:54:41 am,0,0,N/A,0,0,N/A,0,N/A,N/A,N/A
24/3/2026,9:54:41 am,0,0,N/A,0,0,N/A,0,N/A,N/A,N/A
24/3/2026,9:54:41 am,0,0,N/A,0,0,N/A,0,N/A,N/A,N/A
24/3/2026,9:54:41 am,0,0,N/A,0,0,N/A,0,N/A,N/A,N/A
24/3/2026,9:54:41 am,0,0,N/A,0,0,N/A,0,N/A,N/A,N/A
24/3/2026,9:54:41 am,0,0,N/A,0,0,N/A,0,N/A,N/A,N/A
24/3/2026,9:54:41 am,0,0,N/A,0,0,N/A,0,N/A,N/A,N/A
24/3/2026,9:54:41 am,0,0,N/A,0,0,N/A,0,N/A,N/A,N/A
24/3/2026,9:54:41 am,0,0,N/A,0,0,N/A,0,N/A,N/A,N/A
24/3/2026,9:54:41 am,0,0,N/A,0,0,N/A,0,N/A,N/A,N/A
24/3/2026,9:54:41 am,0,0,N/A,0,0,N/A,0,N/A,N/A,N/A
24/3/2026,9:54:41 am,0,0,N/A,0,0,N/A,0,N/A,N/A,N/A
24/3/2026,9:54:41 am,0,0,N/A,0,0,N/A,0,N/A,N/A,N/A
24/3/2026,9:54:41 am,0,0,N/A,0,0,N/A,0,N/A,N/A,N/A
24/3/2026,9:54:41 am,0,0,N/A,0,0,N/A,0,N/A,N/A,N/A
24/3/2026,9:54:41 am,0,0,N/A,0,0,N/A,0,N/A,N/A,N/A
24/3/2026,9:54:41 am,0,0,N/A,0,0,N/A,0,N/A,N/A,N/A
24/3/2026,9:54:41 am,0,0,N/A,0,0,N/A,0,N/A,N/A,N/A
24/3/2026,9:54:41 am,0,0,N/A,0,0,N/A,0,N/A,N/A,N/A
24/3/2026,9:54:41 am,0,0,N/A,0,0,N/A,0,N/A,N/A,N/A
24/3/2026,9:54:41 am,0,0,N/A,0,0,N/A,0,N/A,N/A,N/A
24/3/2026,9:54:41 am,0,0,N/A,0,0,N/A,0,N/A,N/A,N/A
24/3/2026,9:54:41 am,0,0,N/A,0,0,N/A,0,N/A,N/A,N/A
24/3/2026,9:54:41 am,0,0,0,0,0,0,0,0,N/A,N/A
24/3/2026,9:54:41 am,0,0,0,0,0,0,0,0,N/A,N/A
24/3/2026,9:54:41 am,0,0,0,0,0,0,0,0,N/A,N/A
24/3/2026,9:54:41 am,0,0,0,0,0,0,0,0,N/A,N/A
24/3/2026,9:54:41 am,0,0,0,0,0,0,0,0,N/A,N/A
24/3/2026,9:54:41 am,0,0,0,0,0,0,0,0,N/A,N/A
24/3/2026,9:54:41 am,0,0,0,0,0,0,0,0,N/A,N/A
24/3/2026,9:54:41 am,0,0,0,0,0,0,0,0,N/A,N/A
24/3/2026,9:54:41 am,0,0,0,0,0,0,0,0,N/A,N/A
24/3/2026,9:54:41 am,0,0,0,0,0,0,0,0,N/A,N/A
24/3/2026,9:54:41 am,0,0,0,0,0,0,0,0,N/A,N/A
24/3/2026,9:54:41 am,0,0,0,0,0,0,0,0,N/A,N/A
24/3/2026,9:54:41 am,0,0,0,0,0,0,0,0,N/A,N/A
24/3/2026,9:54:41 am,0,0,0,0,0,0,0,0,N/A,N/A
24/3/2026,9:54:41 am,0,0,0,0,0,0,0,0,N/A,N/A
24/3/2026,9:54:41 am,0,0,0,0,0,0,0,0,N/A,N/A
24/3/2026,9:54:41 am,0,0,0,0,0,0,0,0,N/A,N/A
24/3/2026,9:54:41 am,0,0,0,0,0,0,0,0,N/A,N/A
24/3/2026,9:54:41 am,0,0,0,0,0,0,0,0,N/A,N/A
24/3/2026,9:54:41 am,0,0,0,0,0,0,0,0,N/A,N/A
24/3/2026,9:54:41 am,0,0,0,0,0,0,0,0,N/A,N/A
24/3/2026,9:54:41 am,0,0,0,0,0,0,0,0,N/A,N/A
24/3/2026,9:54:41 am,0,0,0,0,0,0,0,0,N/A,N/A
24/3/2026,9:54:41 am,0,0,0,0,0,0,0,0,N/A,N/A
24/3/2026,9:54:41 am,0,0,0,0,0,0,0,0,N/A,N/A
24/3/2026,9:54:41 am,0,0,0,0,0,0,0,0,N/A,N/A
24/3/2026,9:54:41 am,0,0,0,0,0,0,0,0,N/A,N/A
24/3/2026,9:54:41 am,0,0,0,0,0,0,0,0,N/A,N/A
24/3/2026,9:54:41 am,0,0,0,0,0,0,0,0,N/A,N/A
24/3/2026,9:54:41 am,0,0,0,0,0,0,0,0,N/A,N/A
24/3/2026,9:54:41 am,0,0,0,0,0,0,0,0,N/A,N/A
24/3/2026,9:54:41 am,0,0,0,0,0,0,0,0,N/A,N/A
24/3/2026,9:54:41 am,0,0,0,0,0,0,0,0,N/A,N/A
24/3/2026,9:54:41 am,0,0,0,0,0,0,0,0,N/A,N/A
24/3/2026,9:54:41 am,0,0,0,0,0,0,0,0,N/A,N/A
24/3/2026,9:54:41 am,0,0,0,0,0,0,0,0,N/A,N/A
24/3/2026,9:54:41 am,0,0,0,0,0,0,0,0,N/A,N/A
24/3/2026,9:54:41 am,0,0,0,0,0,0,0,0,N/A,N/A
24/3/2026,9:54:41 am,0,0,0,0,0,0,0,0,N/A,N/A
24/3/2026,9:54:41 am,0,0,0,0,0,0,0,0,N/A,N/A
24/3/2026,9:54:41 am,0,0,0,0,0,0,0,0,N/A,N/A
24/3/2026,9:54:41 am,0,0,0,0,0,0,0,0,N/A,N/A
24/3/2026,9:54:41 am,0,0,0,0,0,0,0,0,N/A,N/A
24/3/2026,9:54:41 am,0,0,0,0,0,0,0,0,N/A,N/A
24/3/2026,9:54:41 am,0,0,0,0,0,0,0,0,N/A,N/A
24/3/2026,9:54:41 am,0,0,0,0,0,0,0,0,N/A,N/A
24/3/2026,9:54:41 am,0,0,0,0,0,0,0,0,N/A,N/A
24/3/2026,9:54:41 am,0,0,0,0,0,0,0,0,N/A,N/A
24/3/2026,9:54:41 am,0,0,0,0,0,0,0,0,N/A,N/A
24/3/2026,9:54:41 am,0,0,0,0,0,0,0,0,N/A,N/A
24/3/2026,9:54:41 am,0,0,0,0,0,0,0,0,N/A,N/A
24/3/2026,9:54:41 am,0,0,0,0,0,0,0,0,N/A,N/A
24/3/2026,9:54:41 am,25.5,60.2,1013,1200,450,10,20,30,N/A,N/A
24/3/2026,9:54:41 am,25.5,60.2,1013,1200,450,10,20,30,N/A,N/A
24/3/2026,9:54:41 am,25.5,60.2,1013,1200,450,10,20,30,N/A,N/A
24/3/2026,9:54:41 am,25.5,60.2,1013,1200,450,10,20,30,N/A,N/A
24/3/2026,9:54:41 am,25,60,1014,1000,500,20,30,40,N/A,N/A
24/3/2026,9:54:41 am,25,60,1014,1000,500,20,30,40,N/A,N/A
24/3/2026,9:54:41 am,25,60,1014,1000,500,20,30,40,N/A,N/A
24/3/2026,9:54:41 am,0,0,0,0,0,0,0,0,N/A,N/A
24/3/2026,9:54:41 am,0,0,0,0,0,0,0,0,N/A,N/A
24/3/2026,9:54:41 am,0,0,0,0,0,0,0,0,N/A,N/A
24/3/2026,9:54:41 am,0,0,0,0,0,0,0,0,N/A,N/A
24/3/2026,9:54:41 am,0,0,0,0,0,0,0,0,N/A,N/A
24/3/2026,9:54:41 am,0,0,0,0,0,0,0,0,N/A,N/A
24/3/2026,9:54:41 am,0,0,0,0,0,0,0,0,N/A,N/A
24/3/2026,9:54:41 am,0,0,0,0,0,0,0,0,N/A,N/A
24/3/2026,9:54:41 am,0,0,0,0,0,0,0,0,N/A,N/A
24/3/2026,9:54:41 am,0,0,0,0,0,0,0,0,N/A,N/A
24/3/2026,9:54:41 am,0,0,0,0,0,0,0,0,N/A,N/A
24/3/2026,9:54:41 am,0,0,0,0,0,0,0,0,N/A,N/A
24/3/2026,9:54:41 am,0,0,0,0,0,0,0,0,N/A,N/A
24/3/2026,9:54:41 am,0,0,0,0,0,0,0,0,N/A,N/A
24/3/2026,9:54:41 am,0,0,0,0,0,0,0,0,N/A,N/A
24/3/2026,9:54:41 am,0,0,0,0,0,0,0,0,N/A,N/A
24/3/2026,9:54:41 am,0,0,0,0,0,0,0,0,N/A,N/A
24/3/2026,9:54:41 am,0,0,0,0,0,0,0,0,N/A,N/A
24/3/2026,9:54:41 am,0,0,0,0,0,0,0,0,N/A,N/A
24/3/2026,9:54:41 am,0,0,0,0,0,0,0,0,N/A,N/A
24/3/2026,9:54:41 am,0,0,0,0,0,0,0,0,N/A,N/A
24/3/2026,9:54:41 am,0,0,0,0,0,0,0,0,N/A,N/A
24/3/2026,9:54:41 am,0,0,0,0,0,0,0,0,N/A,N/A
24/3/2026,9:54:41 am,0,0,0,0,0,0,0,0,N/A,N/A
24/3/2026,9:54:41 am,0,0,0,0,0,0,0,0,N/A,N/A
24/3/2026,9:54:41 am,0,0,0,0,0,0,0,0,N/A,N/A
24/3/2026,9:54:41 am,0,0,0,0,0,0,0,0,N/A,N/A
24/3/2026,9:54:41 am,0,0,0,0,0,0,0,0,N/A,N/A
24/3/2026,9:54:41 am,0,0,0,0,0,0,0,0,N/A,N/A
24/3/2026,9:54:41 am,0,0,0,0,0,0,0,0,N/A,N/A
24/3/2026,9:54:41 am,0,0,0,0,0,0,0,0,N/A,N/A
24/3/2026,9:54:41 am,0,0,0,0,0,0,0,0,N/A,N/A
24/3/2026,9:54:41 am,0,0,0,0,0,0,0,0,N/A,N/A
24/3/2026,9:54:41 am,0,0,0,0,0,0,0,0,N/A,N/A
24/3/2026,9:54:41 am,0,0,0,0,0,0,0,0,N/A,N/A
24/3/2026,9:54:41 am,0,0,0,0,0,0,0,0,N/A,N/A
24/3/2026,9:54:41 am,0,0,0,0,0,0,0,0,N/A,N/A
24/3/2026,9:54:41 am,0,0,0,0,0,0,0,0,N/A,N/A
24/3/2026,9:54:41 am,0,0,0,0,0,0,0,0,N/A,N/A
24/3/2026,9:54:41 am,0,0,0,0,0,0,0,0,N/A,N/A
24/3/2026,9:54:41 am,0,0,0,0,0,0,0,0,N/A,N/A
24/3/2026,9:54:41 am,0,0,0,0,0,0,0,0,N/A,N/A
24/3/2026,9:54:41 am,0,0,0,0,0,0,0,0,N/A,N/A
24/3/2026,9:54:41 am,0,0,0,0,0,0,0,0,N/A,N/A
24/3/2026,9:54:41 am,0,0,0,0,0,0,0,0,N/A,N/A
24/3/2026,9:54:41 am,0,0,0,0,0,0,0,0,N/A,N/A
24/3/2026,9:54:41 am,0,0,0,0,0,0,0,0,N/A,N/A
24/3/2026,9:54:41 am,0,0,0,0,0,0,0,0,N/A,N/A
24/3/2026,9:54:41 am,0,0,0,0,0,0,0,0,N/A,N/A
24/3/2026,9:54:41 am,0,0,0,0,0,0,0,0,N/A,N/A
24/3/2026,9:54:41 am,0,0,0,0,0,0,0,0,N/A,N/A
24/3/2026,9:54:41 am,0,0,0,0,0,0,0,0,N/A,N/A
24/3/2026,9:54:41 am,0,0,0,0,0,0,0,0,N/A,N/A
24/3/2026,9:54:41 am,0,0,0,0,0,0,0,0,N/A,N/A
24/3/2026,9:54:41 am,0,0,0,0,0,0,0,0,N/A,N/A
24/3/2026,9:54:41 am,0,0,0,0,0,0,0,0,N/A,N/A
24/3/2026,9:54:41 am,0,0,0,0,0,0,0,0,N/A,N/A
24/3/2026,9:54:41 am,0,0,0,0,0,0,0,0,N/A,N/A
24/3/2026,9:54:41 am,0,0,0,0,0,0,0,0,N/A,N/A
24/3/2026,9:54:41 am,0,0,0,0,0,0,0,0,N/A,N/A
24/3/2026,9:54:41 am,0,0,0,0,0,0,0,0,N/A,N/A
24/3/2026,9:54:41 am,0,0,0,0,0,0,0,0,N/A,N/A
24/3/2026,9:54:41 am,0,0,0,0,0,0,0,0,N/A,N/A
24/3/2026,9:54:41 am,0,0,0,0,0,0,0,0,N/A,N/A
24/3/2026,9:54:41 am,0,0,0,0,0,0,0,0,N/A,N/A
24/3/2026,9:54:41 am,0,0,0,0,0,0,0,0,N/A,N/A
24/3/2026,9:54:41 am,0,0,0,0,0,0,0,0,N/A,N/A
24/3/2026,9:54:41 am,0,0,0,0,0,0,0,0,N/A,N/A
24/3/2026,9:54:41 am,0,0,0,0,0,0,0,0,N/A,N/A
24/3/2026,9:54:41 am,0,0,0,0,0,0,0,0,N/A,N/A
24/3/2026,9:54:41 am,0,0,0,0,0,0,0,0,N/A,N/A
24/3/2026,9:54:41 am,0,0,0,0,0,0,0,0,N/A,N/A
24/3/2026,9:54:41 am,0,0,0,0,0,0,0,0,N/A,N/A
24/3/2026,9:54:41 am,0,0,0,0,0,0,0,0,N/A,N/A
24/3/2026,9:54:41 am,0,0,0,0,0,0,0,0,N/A,N/A
24/3/2026,9:54:41 am,0,0,0,0,0,0,0,0,N/A,N/A
24/3/2026,9:54:41 am,0,0,0,0,0,0,0,0,N/A,N/A
24/3/2026,9:54:41 am,0,0,0,0,0,0,0,0,N/A,N/A
24/3/2026,9:54:41 am,0,0,0,0,0,0,0,0,N/A,N/A
24/3/2026,9:54:41 am,0,0,0,0,0,0,0,0,N/A,N/A
24/3/2026,9:54:41 am,0,0,0,0,0,0,0,0,N/A,N/A
24/3/2026,9:54:41 am,0,0,0,0,0,0,0,0,N/A,N/A
24/3/2026,9:54:41 am,0,0,0,0,0,0,0,0,N/A,N/A
24/3/2026,9:54:41 am,0,0,0,0,0,0,0,0,N/A,N/A
24/3/2026,9:54:41 am,0,0,0,0,0,0,0,0,N/A,N/A
24/3/2026,9:54:41 am,0,0,0,0,0,0,0,0,N/A,N/A
24/3/2026,9:54:41 am,0,0,0,0,0,0,0,0,N/A,N/A
24/3/2026,9:54:41 am,25.5,60.2,1013,1200,w,10,20,30,N/A,N/A
24/3/2026,9:54:41 am,25.5,60.2,1013,1200,w,10,20,30,N/A,N/A
24/3/2026,9:54:41 am,25.5,60.2,1013,1200,w,10,20,30,N/A,N/A
24/3/2026,9:54:41 am,25.5,60.2,1013,1200,w,10,20,30,N/A,N/A
24/3/2026,9:54:41 am,25.5,60.2,1013,1200,w,10,20,30,N/A,N/A
24/3/2026,9:54:41 am,25.5,60.2,1013,1200,w,10,20,30,N/A,N/A
24/3/2026,9:54:41 am,25.5,60.2,1013,1200,w,10,20,30,N/A,N/A
24/3/2026,9:54:41 am,25.5,60.2,1013,1200,450,10,20,30,N/A,N/A
24/3/2026,9:54:41 am,25.5,60.2,1013,1200,450,10,20,30,N/A,N/A
24/3/2026,9:54:41 am,25.5,60.2,1013,1200,450,10,20,30,N/A,N/A
24/3/2026,9:54:41 am,25.5,60.2,1013,1200,450,10,20,30,N/A,N/A
24/3/2026,9:54:41 am,25.5,60.2,1013,1200,450,10,20,30,N/A,N/A
24/3/2026,9:54:41 am,25.5,60.2,1013,1200,450,10,20,30,N/A,N/A
24/3/2026,9:54:41 am,25,50.2,1013,1200,450,10,20,30,N/A,N/A
24/3/2026,9:54:41 am,25,50.2,1013,1200,450,10,20,30,N/A,N/A
24/3/2026,9:54:41 am,25,50.2,1013,1200,450,10,20,30,N/A,N/A
24/3/2026,9:54:41 am,25,50.2,1013,1200,450,10,20,30,N/A,N/A
24/3/2026,9:54:41 am,25,50.2,1013,1200,450,10,20,30,N/A,N/A
24/3/2026,9:54:41 am,25,50.2,1013,1200,450,10,20,30,N/A,N/A
24/3/2026,9:54:41 am,25,50.2,1013,1200,450,10,20,30,N/A,N/A
24/3/2026,9:54:41 am,25.5,60.2,1013,1200,w,10,20,30,N/A,N/A
24/3/2026,9:54:41 am,25.5,60.2,1013,1200,w,10,20,30,N/A,N/A
24/3/2026,9:54:41 am,25.5,60.2,1013,1200,w,10,20,30,N/A,N/A
24/3/2026,9:54:41 am,25.5,60.2,1013,1200,w,10,20,30,N/A,N/A
24/3/2026,9:54:41 am,25.5,60.2,1013,1200,w,10,20,30,N/A,N/A
24/3/2026,9:54:41 am,25.5,60.2,1013,1200,w,10,20,30,N/A,N/A
24/3/2026,9:54:41 am,25.5,60.2,1013,1200,w,10,20,30,N/A,N/A
24/3/2026,9:54:41 am,25.5,60.2,1013,1200,w,10,20,30,N/A,N/A
24/3/2026,9:54:41 am,25.5,60.2,1013,1200,w,10,20,30,N/A,N/A
24/3/2026,9:54:41 am,25.5,60.2,1013,1200,w,10,20,30,N/A,N/A
24/3/2026,9:54:41 am,25.5,60.2,1013,1200,w,10,20,30,N/A,N/A
24/3/2026,9:54:41 am,25.5,60.2,1013,1200,w,10,20,30,N/A,N/A
24/3/2026,9:54:41 am,25.5,60.2,1013,1200,w,10,20,30,N/A,N/A
24/3/2026,9:54:41 am,25.5,60.2,1013,1200,w,10,20,30,N/A,N/A
24/3/2026,9:54:41 am,25.5,60.2,1013,1200,w,10,20,30,N/A,N/A
24/3/2026,9:54:41 am,25.5,60.2,1013,1200,w,10,20,30,N/A,N/A
24/3/2026,9:54:41 am,25.5,60.2,1013,1200,w,10,20,30,N/A,N/A
24/3/2026,9:54:41 am,25.5,60.2,1013,1200,w,10,20,30,N/A,N/A
24/3/2026,9:54:41 am,25.5,60.2,1013,1200,w,10,20,30,N/A,N/A
24/3/2026,9:54:41 am,25.5,60.2,1013,1200,w,10,20,30,N/A,N/A
24/3/2026,9:54:41 am,25.5,60.2,1013,1200,w,10,20,30,N/A,N/A
24/3/2026,9:54:41 am,25.5,60.2,1013,1200,w,10,20,30,N/A,N/A
24/3/2026,9:54:41 am,25.5,60.2,1013,1200,w,10,20,30,N/A,N/A
24/3/2026,9:54:41 am,25.5,60.2,1013,1200,w,10,20,30,N/A,N/A
24/3/2026,9:54:41 am,25.5,60.2,1013,1200,w,10,20,30,N/A,N/A
24/3/2026,9:54:41 am,25.5,60.2,1013,1200,w,10,20,30,N/A,N/A
24/3/2026,9:54:41 am,25.5,60.2,1013,1200,w,10,20,30,N/A,N/A
24/3/2026,9:54:41 am,25.5,60.2,1013,1200,w,10,20,30,N/A,N/A
24/3/2026,9:54:41 am,25.5,60.2,1013,1200,w,10,20,30,N/A,N/A
24/3/2026,9:54:41 am,25.5,60.2,1013,1200,w,10,20,30,N/A,N/A
24/3/2026,9:54:41 am,25.5,60.2,1013,1200,w,10,20,30,N/A,N/A
24/3/2026,9:54:41 am,25.5,60.2,1013,1200,w,10,20,30,N/A,N/A
24/3/2026,9:54:41 am,25.5,60.2,1013,1200,w,10,20,30,N/A,N/A
24/3/2026,9:54:41 am,25.5,60.2,1013,1200,w,10,20,30,N/A,N/A
24/3/2026,9:54:41 am,25.5,60.2,1013,1200,w,10,20,30,N/A,N/A
24/3/2026,9:54:41 am,25.5,60.2,1013,1200,w,10,20,30,N/A,N/A
24/3/2026,9:54:41 am,25.5,60.2,1013,1200,w,10,20,30,N/A,N/A
24/3/2026,9:54:41 am,25.5,60.2,1013,1200,w,10,20,30,N/A,N/A
24/3/2026,9:54:41 am,25.5,60.2,1013,1200,w,10,20,30,N/A,N/A
24/3/2026,9:54:41 am,25.5,60.2,1013,1200,w,10,20,30,N/A,N/A
24/3/2026,9:54:41 am,25.5,60.2,1013,1200,w,10,20,30,N/A,N/A
24/3/2026,9:54:41 am,25.5,60.2,1013,1200,w,10,20,30,N/A,N/A
24/3/2026,9:54:41 am,25.5,60.2,1013,1200,w,10,20,30,N/A,N/A
24/3/2026,9:54:41 am,25.5,60.2,1013,1200,w,10,20,30,N/A,N/A
24/3/2026,9:54:41 am,37.82,48.74,1008.59,150.68,561,56,81,91,N/A,N/A
24/3/2026,9:54:41 am,37.67,48.85,1008.56,148.84,636,55,78,87,N/A,N/A
24/3/2026,9:54:41 am,37.60,49.05,1008.62,148.84,739,54,78,86,N/A,N/A
24/3/2026,9:54:41 am,37.60,49.15,1008.60,149.30,738,55,80,85,N/A,N/A
24/3/2026,9:54:41 am,37.62,49.05,1008.56,150.22,673,53,82,87,N/A,N/A
24/3/2026,9:54:41 am,37.51,49.27,1008.57,149.76,779,54,83,88,N/A,N/A
24/3/2026,9:54:41 am,37.46,49.37,1008.57,149.30,702,55,82,91,N/A,N/A
24/3/2026,9:54:41 am,37.34,49.56,1008.56,149.30,636,55,81,92,N/A,N/A
24/3/2026,9:54:41 am,37.29,49.85,1008.56,149.30,849,55,81,92,N/A,N/A
24/3/2026,9:54:41 am,37.15,50.07,1008.58,149.30,746,55,83,91,N/A,N/A
24/3/2026,9:54:41 am,37.17,50.16,1008.61,148.84,604,54,80,88,N/A,N/A
24/3/2026,9:54:41 am,37.25,50.16,1008.55,149.30,672,54,81,90,N/A,N/A
24/3/2026,9:54:41 am,37.32,49.75,1008.58,149.30,601,54,80,91,N/A,N/A
24/3/2026,9:54:41 am,37.39,49.46,1008.60,148.84,589,53,82,89,N/A,N/A
24/3/2026,9:54:41 am,37.47,49.46,1008.60,148.84,693,51,75,79,N/A,N/A
24/3/2026,9:54:41 am,37.55,49.15,1008.60,148.38,583,51,75,80,N/A,N/A
24/3/2026,9:54:41 am,37.41,49.17,1008.58,148.84,646,50,75,82,N/A,N/A
24/3/2026,9:54:41 am,37.39,49.37,1008.61,149.30,578,48,72,81,N/A,N/A
24/3/2026,9:54:41 am,37.49,49.27,1008.58,148.38,669,48,72,80,N/A,N/A
24/3/2026,9:54:41 am,37.27,48.80,1008.56,148.84,659,48,73,77,N/A,N/A
24/3/2026,9:54:41 am,37.27,49.29,1008.59,148.84,400,48,74,79,N/A,N/A
24/3/2026,9:54:41 am,37.24,49.29,1008.54,147.92,618,48,71,78,N/A,N/A
24/3/2026,9:54:41 am,37.15,49.10,1008.54,148.84,591,48,71,78,N/A,N/A
24/3/2026,9:54:41 am,36.87,49.41,1008.58,148.38,648,47,67,73,N/A,N/A
24/3/2026,9:54:41 am,36.65,49.73,1008.55,148.84,669,48,71,76,N/A,N/A
24/3/2026,9:54:41 am,36.60,50.41,1008.57,147.46,585,48,70,77,N/A,N/A
24/3/2026,9:54:41 am,36.34,50.43,1008.49,148.38,699,48,72,80,N/A,N/A
24/3/2026,9:54:41 am,36.35,50.92,1008.52,147.46,602,47,71,79,N/A,N/A
24/3/2026,9:54:41 am,36.34,50.92,1008.52,147.92,702,46,71,82,N/A,N/A
24/3/2026,9:54:41 am,36.49,50.73,1008.56,147.46,697,48,73,84,N/A,N/A
24/3/2026,9:54:41 am,36.69,50.41,1008.54,147.00,603,50,74,81,N/A,N/A
24/3/2026,9:54:41 am,36.51,49.92,1008.51,147.00,628,49,73,79,N/A,N/A
24/3/2026,9:54:41 am,36.44,50.24,1008.51,147.46,400,47,74,78,N/A,N/A
24/3/2026,9:54:41 am,36.28,50.63,1008.48,147.92,400,49,75,80,N/A,N/A
24/3/2026,9:54:41 am,36.23,51.14,1008.52,147.46,602,50,75,80,N/A,N/A
24/3/2026,9:54:41 am,36.37,50.43,1008.51,147.46,595,47,73,80,N/A,N/A
24/3/2026,9:54:41 am,36.62,50.41,1008.50,146.07,780,48,73,82,N/A,N/A
24/3/2026,9:54:41 am,36.76,49.82,1008.55,147.00,697,49,73,82,N/A,N/A
24/3/2026,9:54:41 am,36.90,49.61,1008.45,147.46,660,50,72,81,N/A,N/A
24/3/2026,9:54:41 am,36.95,49.51,1008.53,147.46,705,51,76,82,N/A,N/A
24/3/2026,9:54:41 am,37.15,49.00,1008.45,147.46,627,49,74,80,N/A,N/A
24/3/2026,9:54:41 am,36.93,49.22,1008.51,147.00,701,49,74,81,N/A,N/A
24/3/2026,9:54:41 am,37.00,49.22,1008.51,147.46,526,49,75,81,N/A,N/A
24/3/2026,9:54:41 am,36.99,49.32,1008.51,147.92,604,48,72,78,N/A,N/A
24/3/2026,9:54:41 am,36.60,50.02,1008.45,147.46,636,48,73,79,N/A,N/A
24/3/2026,9:54:41 am,36.47,50.43,1008.49,147.92,606,47,76,79,N/A,N/A
24/3/2026,9:54:41 am,36.38,50.53,1008.49,148.38,693,48,73,78,N/A,N/A
24/3/2026,9:54:41 am,36.66,50.02,1008.49,147.46,610,49,75,81,N/A,N/A
24/3/2026,9:54:41 am,36.51,49.63,1008.48,147.46,644,45,70,78,N/A,N/A
24/3/2026,9:54:41 am,36.60,49.34,1008.52,147.46,1272,45,70,78,N/A,N/A
24/3/2026,9:54:41 am,36.54,49.34,1008.52,147.46,712,45,66,72,N/A,N/A
24/3/2026,9:54:41 am,36.54,49.34,1008.52,147.46,706,43,63,70,N/A,N/A
24/3/2026,9:54:41 am,36.57,49.73,1008.49,147.00,640,42,65,70,N/A,N/A
24/3/2026,9:54:41 am,36.49,49.76,1008.55,146.53,675,42,65,71,N/A,N/A
24/3/2026,9:54:41 am,36.46,49.37,1008.48,146.53,656,41,59,67,N/A,N/A
24/3/2026,9:54:41 am,36.16,49.19,1008.50,146.07,598,38,56,63,N/A,N/A
24/3/2026,9:54:41 am,36.07,49.68,1008.49,146.53,489,38,57,62,N/A,N/A
24/3/2026,9:54:41 am,35.90,49.61,1008.43,147.00,555,35,57,62,N/A,N/A
24/3/2026,9:54:41 am,35.97,49.99,1008.48,145.61,546,36,56,58,N/A,N/A
24/3/2026,9:54:41 am,36.00,49.90,1008.51,146.07,678,37,58,60,N/A,N/A
24/3/2026,9:54:41 am,36.12,50.07,1008.48,146.53,520,38,58,63,N/A,N/A
24/3/2026,9:54:41 am,36.27,49.78,1008.50,146.07,639,36,54,62,N/A,N/A
24/3/2026,9:54:41 am,36.34,49.56,1008.52,146.07,675,38,56,64,N/A,N/A
24/3/2026,9:54:41 am,36.37,49.37,1008.47,144.69,588,39,57,63,N/A,N/A
24/3/2026,9:54:41 am,36.41,49.46,1008.50,145.61,666,40,60,67,N/A,N/A
24/3/2026,9:54:41 am,36.46,48.58,1008.42,144.69,668,36,55,62,N/A,N/A
24/3/2026,9:54:41 am,36.32,48.88,1008.41,145.15,633,37,55,63,N/A,N/A
24/3/2026,9:54:41 am,36.38,48.97,1008.44,145.61,699,35,54,59,N/A,N/A
24/3/2026,9:54:41 am,36.41,48.88,1008.45,145.15,599,34,53,60,N/A,N/A
24/3/2026,9:54:41 am,36.54,48.75,1008.45,146.07,637,35,55,63,N/A,N/A
24/3/2026,9:54:41 am,36.62,48.85,1008.45,146.07,670,35,54,59,N/A,N/A
24/3/2026,9:54:41 am,36.57,48.57,1008.47,147.46,615,34,53,56,N/A,N/A
24/3/2026,9:54:41 am,36.53,48.18,1008.47,151.14,714,35,49,53,N/A,N/A
24/3/2026,9:54:41 am,36.51,47.78,1008.42,151.60,611,33,50,55,N/A,N/A
24/3/2026,9:54:41 am,36.47,48.68,1008.44,148.38,629,34,54,63,N/A,N/A
24/3/2026,9:54:41 am,36.35,47.91,1008.36,148.84,779,33,52,61,N/A,N/A
24/3/2026,9:54:41 am,36.23,48.13,1008.36,150.22,662,32,51,58,N/A,N/A
24/3/2026,9:54:41 am,36.41,48.88,1008.37,151.60,779,33,51,59,N/A,N/A
24/3/2026,9:54:41 am,36.62,47.88,1008.40,150.68,721,32,51,55,N/A,N/A
24/3/2026,9:54:41 am,36.75,48.18,1008.43,151.60,560,34,55,60,N/A,N/A
24/3/2026,9:54:41 am,36.76,48.27,1008.44,147.92,654,33,54,58,N/A,N/A
24/3/2026,9:54:41 am,36.69,47.59,1008.44,146.53,656,33,50,55,N/A,N/A
24/3/2026,9:54:41 am,36.71,48.08,1008.41,146.53,714,36,51,55,N/A,N/A
24/3/2026,9:54:41 am,36.62,48.57,1008.41,146.07,698,35,49,55,N/A,N/A
24/3/2026,9:54:41 am,39.09,45.14,1009.05,5.53,684,15,30,35,N/A,N/A
24/3/2026,9:54:41 am,39.47,42.99,1009.10,11.06,696,14,29,37,N/A,N/A
24/3/2026,9:54:41 am,39.77,43.64,1009.08,14.28,701,14,26,35,N/A,N/A
24/3/2026,9:54:41 am,39.89,44.97,1009.07,3.69,710,12,25,33,N/A,N/A
24/3/2026,9:54:41 am,40.00,41.20,1009.08,4.15,720,10,24,30,N/A,N/A
24/3/2026,9:54:41 am,39.97,42.27,1009.08,3.69,715,7,22,25,N/A,N/A
24/3/2026,9:54:41 am,39.67,41.52,42.84,2.30,702,8,20,23,N/A,N/A
24/3/2026,9:54:41 am,39.79,42.29,1009.00,8.76,706,10,22,23,N/A,N/A
24/3/2026,9:54:41 am,39.88,42.75,1008.98,7.83,704,8,21,26,N/A,N/A
24/3/2026,9:54:41 am,40.08,45.04,1008.93,7.37,727,8,22,27,N/A,N/A
24/3/2026,9:54:41 am,40.27,46.20,1008.92,6.91,729,9,24,28,N/A,N/A
24/3/2026,9:54:41 am,40.57,45.60,1009.08,8.29,735,9,23,27,N/A,N/A
24/3/2026,9:54:41 am,40.74,43.46,1009.11,53.91,734,10,26,29,N/A,N/A
24/3/2026,9:54:41 am,40.91,45.17,1009.19,13.82,719,10,26,29,N/A,N/A
24/3/2026,9:54:41 am,33.37,61.58,1008.65,1.84,769,20,30,36,N/A,N/A
24/3/2026,9:54:41 am,33.94,59.67,1008.70,1.84,801,19,30,37,N/A,N/A
24/3/2026,9:54:41 am,34.28,58.83,1008.68,1.38,795,19,31,35,N/A,N/A
24/3/2026,9:54:41 am,34.58,58.02,1008.62,1.84,786,17,27,32,N/A,N/A
24/3/2026,9:54:41 am,34.85,57.31,1008.70,2.30,790,18,27,31,N/A,N/A
24/3/2026,9:54:41 am,35.06,56.79,1008.69,1.84,784,17,24,30,N/A,N/A
24/3/2026,9:54:41 am,35.14,56.50,1008.67,2.30,783,17,26,30,N/A,N/A
24/3/2026,9:54:41 am,35.38,56.18,1008.70,1.84,783,19,26,30,N/A,N/A
24/3/2026,9:54:41 am,35.53,55.57,1008.73,1.84,778,18,25,30,N/A,N/A
24/3/2026,9:54:41 am,35.66,55.27,1008.71,1.84,776,18,27,32,N/A,N/A
24/3/2026,9:54:41 am,35.81,55.05,1008.69,2.30,774,18,27,31,N/A,N/A
24/3/2026,9:54:41 am,36.00,54.66,1008.72,1.38,774,17,26,30,N/A,N/A
24/3/2026,9:54:41 am,35.99,54.28,1008.60,4.61,773,17,29,31,N/A,N/A
24/3/2026,9:54:41 am,36.03,53.96,1008.60,5.07,771,17,28,33,N/A,N/A
24/3/2026,9:54:41 am,36.12,53.86,1008.58,1.84,760,17,27,30,N/A,N/A
24/3/2026,9:54:41 am,36.16,53.67,1008.61,1.84,758,17,29,34,N/A,N/A
24/3/2026,9:54:41 am,36.09,53.57,1008.58,1.84,755,16,28,35,N/A,N/A
24/3/2026,9:54:41 am,36.12,53.47,1008.60,1.84,757,16,28,34,N/A,N/A
24/3/2026,9:54:41 am,36.12,53.57,1008.61,1.84,757,18,28,32,N/A,N/A
24/3/2026,9:54:41 am,36.16,53.57,1008.63,1.84,764,19,29,33,N/A,N/A
24/3/2026,9:54:41 am,36.23,53.47,1008.58,1.84,768,18,30,35,N/A,N/A
24/3/2026,9:54:41 am,36.38,53.06,1008.63,1.84,769,20,31,37,N/A,N/A
24/3/2026,9:54:41 am,36.46,52.96,1008.60,1.84,770,20,31,36,N/A,N/A
24/3/2026,9:54:41 am,36.53,52.74,1008.58,1.84,776,18,30,34,N/A,N/A
24/3/2026,9:54:41 am,36.60,52.55,1008.63,1.84,773,18,32,35,N/A,N/A
24/3/2026,9:54:41 am,36.59,52.25,1008.66,1.84,767,20,33,36,N/A,N/A
24/3/2026,9:54:41 am,36.60,52.15,1008.61,1.84,763,19,32,36,N/A,N/A
24/3/2026,9:54:41 am,36.57,52.25,1008.60,1.84,760,20,34,38,N/A,N/A
24/3/2026,9:54:41 am,36.65,51.97,1008.64,1.84,751,19,33,37,N/A,N/A
24/3/2026,9:54:41 am,36.57,51.97,1008.61,1.84,748,21,34,37,N/A,N/A
24/3/2026,9:54:41 am,36.59,52.06,1008.65,1.84,736,22,36,41,N/A,N/A
24/3/2026,9:54:41 am,36.66,52.15,1008.65,1.84,741,21,34,38,N/A,N/A
24/3/2026,9:54:41 am,36.60,52.15,1008.61,1.84,748,20,33,39,N/A,N/A
24/3/2026,9:54:41 am,36.60,52.15,1008.64,1.84,737,19,33,36,N/A,N/A
24/3/2026,9:54:41 am,36.64,52.25,1008.63,1.84,733,21,34,35,N/A,N/A
24/3/2026,9:54:41 am,29.30,70.67,1010.44,325.79,500,35,61,72,N/A,N/A
24/3/2026,9:54:41 am,30.00,69.18,1010.47,325.32,500,36,56,62,N/A,N/A
24/3/2026,9:54:41 am,30.64,66.93,1010.44,319.80,500,39,59,63,N/A,N/A
24/3/2026,9:54:41 am,31.20,65.19,1010.41,318.87,500,41,62,67,N/A,N/A
24/3/2026,9:54:41 am,31.63,63.75,1010.43,320.26,984,42,62,67,N/A,N/A
24/3/2026,9:54:41 am,31.93,62.84,1010.48,81.10,865,38,58,63,N/A,N/A
24/3/2026,9:54:41 am,32.30,61.99,1010.50,74.19,887,37,57,61,N/A,N/A
24/3/2026,9:54:41 am,32.72,60.99,1010.52,126.26,1151,36,53,56,N/A,N/A
24/3/2026,9:54:41 am,33.04,60.05,1010.53,127.18,783,34,51,54,N/A,N/A
24/3/2026,9:54:41 am,33.38,59.23,1010.52,123.03,908,33,50,53,N/A,N/A
24/3/2026,9:54:41 am,33.63,58.42,1010.48,122.57,699,32,50,55,N/A,N/A
24/3/2026,9:54:41 am,33.94,57.71,1010.51,122.57,702,33,49,54,N/A,N/A
24/3/2026,9:54:41 am,34.13,56.90,1010.46,125.80,798,31,47,54,N/A,N/A
24/3/2026,9:54:41 am,34.30,56.38,1010.52,125.34,936,33,48,52,N/A,N/A
24/3/2026,9:54:41 am,34.49,56.10,1010.48,125.34,683,31,46,51,N/A,N/A
24/3/2026,9:54:41 am,34.65,55.58,1010.48,125.34,990,29,43,47,N/A,N/A
24/3/2026,9:54:41 am,34.81,55.07,1010.50,125.80,887,29,43,47,N/A,N/A
24/3/2026,9:54:41 am,34.89,54.68,1010.48,125.80,778,27,39,43,N/A,N/A
24/3/2026,9:54:41 am,35.04,54.46,1010.49,126.26,709,26,42,44,N/A,N/A
24/3/2026,9:54:41 am,35.11,54.26,1010.48,125.80,651,25,41,42,N/A,N/A
24/3/2026,9:54:41 am,35.16,53.97,1010.53,124.88,445,27,43,46,N/A,N/A
24/3/2026,9:54:41 am,35.26,53.77,1010.51,126.26,670,25,39,40,N/A,N/A
24/3/2026,9:54:41 am,35.36,53.55,1010.51,126.26,802,26,40,43,N/A,N/A
24/3/2026,9:54:41 am,35.48,53.26,1010.47,126.26,833,26,38,41,N/A,N/A
24/3/2026,9:54:41 am,35.59,53.04,1010.50,126.26,760,26,37,39,N/A,N/A
24/3/2026,9:54:41 am,35.63,52.84,1010.53,124.88,863,26,37,39,N/A,N/A
24/3/2026,9:54:41 am,35.65,52.65,1010.47,125.34,719,24,35,38,N/A,N/A
24/3/2026,9:54:41 am,35.74,52.55,1010.52,126.26,676,24,36,41,N/A,N/A
24/3/2026,9:54:41 am,35.80,52.43,1010.53,125.34,753,25,37,42,N/A,N/A
24/3/2026,9:54:41 am,35.82,52.23,1010.46,125.80,687,25,37,40,N/A,N/A
24/3/2026,9:54:41 am,35.87,52.14,1010.49,126.26,508,26,38,42,N/A,N/A
24/3/2026,9:54:41 am,35.90,52.04,1010.53,124.88,730,21,32,36,N/A,N/A
24/3/2026,9:54:41 am,35.96,51.94,1010.52,125.34,699,22,33,36,N/A,N/A
24/3/2026,9:54:41 am,35.87,51.84,1010.54,125.34,610,21,33,35,N/A,N/A
24/3/2026,9:54:41 am,35.96,51.84,1010.49,125.34,665,23,32,36,N/A,N/A
24/3/2026,9:54:41 am,35.94,51.75,1010.49,125.34,657,23,33,36,N/A,N/A
24/3/2026,9:54:41 am,36.01,51.62,1010.51,125.80,712,22,32,34,N/A,N/A
24/3/2026,9:54:41 am,36.07,51.62,1010.49,125.80,775,21,32,33,N/A,N/A
24/3/2026,9:54:41 am,36.09,51.53,1010.52,126.26,679,22,33,38,N/A,N/A
24/3/2026,9:54:41 am,36.09,51.43,1010.49,125.80,738,22,32,35,N/A,N/A
18/3/2026,11:14:24 pm,36.27,51.14,1010.46,125.34,718,21,29,35,0h 0m,3
18/3/2026,11:14:39 pm,36.22,51.14,1010.48,125.34,721,19,27,31,0h 0m,3
18/3/2026,11:14:54 pm,36.22,51.14,1010.46,124.88,698,20,28,32,0h 0m,3
18/3/2026,11:15:09 pm,36.19,51.23,1010.49,125.34,664,19,30,33,0h 1m,3
18/3/2026,11:15:24 pm,36.22,51.14,1010.41,125.80,774,20,31,36,0h 1m,3
18/3/2026,11:15:39 pm,36.25,51.04,1010.42,125.80,692,18,27,32,0h 1m,3
18/3/2026,11:15:54 pm,36.25,51.04,1010.41,124.88,744,20,30,34,0h 1m,3
18/3/2026,11:16:09 pm,36.20,51.04,1010.48,125.34,718,19,29,36,0h 2m,3
18/3/2026,11:16:24 pm,36.22,51.04,1010.47,124.88,661,18,27,32,0h 2m,3
18/3/2026,11:16:39 pm,36.20,51.04,1010.45,126.26,712,19,30,33,0h 2m,3
18/3/2026,11:16:54 pm,36.25,50.95,1010.40,125.34,677,19,30,31,0h 2m,3
18/3/2026,11:17:09 pm,36.31,50.92,1010.39,125.34,677,18,28,30,0h 3m,3
18/3/2026,11:17:24 pm,36.32,50.82,1010.43,124.88,632,18,27,30,0h 3m,3
18/3/2026,11:17:39 pm,36.31,50.73,1010.43,124.88,675,18,29,30,0h 3m,3
18/3/2026,11:17:54 pm,36.34,50.73,1010.42,124.88,711,17,27,28,0h 3m,3
18/3/2026,11:18:09 pm,36.31,50.82,1010.45,125.34,682,18,27,29,0h 4m,3
18/3/2026,11:18:24 pm,36.37,50.73,1010.40,125.80,738,17,27,29,0h 4m,3
18/3/2026,11:18:39 pm,36.29,50.73,1010.43,125.34,705,18,26,28,0h 4m,3
18/3/2026,11:18:54 pm,36.25,50.85,1010.43,124.88,725,17,26,28,0h 4m,3
18/3/2026,11:19:09 pm,36.28,50.82,1010.44,124.88,708,17,27,29,0h 5m,3
18/3/2026,11:19:24 pm,36.32,50.73,1010.44,124.88,707,17,27,29,0h 5m,3
18/3/2026,11:19:39 pm,36.31,50.73,1010.45,125.80,797,16,26,31,0h 5m,3
18/3/2026,11:19:54 pm,36.29,50.73,1010.45,124.42,702,16,25,32,0h 5m,3
18/3/2026,11:20:09 pm,36.25,50.75,1010.42,124.42,707,15,25,28,0h 6m,3
18/3/2026,11:20:24 pm,36.29,51.01,1010.46,67.28,867,16,26,30,0h 6m,3
18/3/2026,11:20:39 pm,36.34,51.21,1010.47,132.25,734,16,25,30,0h 6m,3
18/3/2026,11:20:54 pm,36.38,50.92,1010.46,49.77,883,17,24,28,0h 6m,3
18/3/2026,11:21:09 pm,36.43,50.92,1010.44,49.77,696,17,25,26,0h 7m,3
18/3/2026,11:21:24 pm,36.29,51.21,1010.47,49.31,736,17,27,29,0h 7m,3
18/3/2026,11:21:51 pm,36.37,51.01,1010.45,50.23,500,13,28,29,0h 0m,3
18/3/2026,11:22:06 pm,36.31,51.50,1010.45,45.62,500,14,27,28,0h 0m,3
18/3/2026,11:22:21 pm,36.43,51.31,1010.43,49.31,500,16,27,28,0h 0m,3
18/3/2026,11:22:36 pm,36.43,51.21,1010.49,20.74,500,17,26,30,0h 1m,3
18/3/2026,11:22:51 pm,36.50,51.01,1010.46,36.86,690,16,26,28,0h 1m,3
18/3/2026,11:23:06 pm,36.46,51.01,1010.47,47.46,703,16,25,27,0h 1m,3
18/3/2026,11:23:27 pm,36.38,50.92,1010.50,47.00,758,18,26,28,0h 0m,3
18/3/2026,11:23:42 pm,36.38,51.01,1010.46,47.46,768,19,29,32,0h 0m,3
18/3/2026,11:23:57 pm,36.31,50.92,1010.45,47.46,758,20,29,31,0h 0m,3
18/3/2026,11:24:12 pm,36.32,50.92,1010.47,47.46,739,21,29,31,0h 1m,3
18/3/2026,11:24:27 pm,36.29,51.11,1010.48,47.46,708,19,28,32,0h 1m,3
18/3/2026,11:24:42 pm,36.32,51.01,1010.47,47.46,713,18,27,29,0h 1m,3
18/3/2026,11:24:57 pm,36.35,51.01,1010.44,47.46,720,18,25,31,0h 1m,3
18/3/2026,11:25:12 pm,36.28,51.01,1010.48,47.46,740,16,26,29,0h 2m,3
18/3/2026,11:25:27 pm,36.28,51.11,1010.48,47.46,780,17,26,29,0h 2m,3
18/3/2026,11:25:42 pm,36.23,51.14,1010.46,47.46,736,18,26,30,0h 2m,3
18/3/2026,11:25:57 pm,36.20,51.14,1010.46,47.46,698,17,26,28,0h 2m,3
18/3/2026,11:26:12 pm,36.17,51.14,1010.46,47.46,557,16,24,28,0h 3m,3
18/3/2026,11:26:27 pm,36.13,51.14,1010.46,47.46,630,16,26,29,0h 3m,3
18/3/2026,11:26:42 pm,36.16,51.14,1010.44,47.46,582,16,27,30,0h 3m,3
18/3/2026,11:26:57 pm,36.16,51.14,1010.42,47.46,664,16,28,29,0h 3m,3
18/3/2026,11:27:12 pm,36.15,51.14,1010.45,47.46,578,15,26,27,0h 4m,3
18/3/2026,11:27:27 pm,36.09,51.23,1010.44,47.46,745,15,26,28,0h 4m,3
18/3/2026,11:27:42 pm,36.09,51.23,1010.40,47.46,712,15,27,29,0h 4m,3
18/3/2026,11:27:57 pm,36.03,51.33,1010.44,47.46,696,16,29,31,0h 4m,3
18/3/2026,11:28:12 pm,35.99,51.45,1010.44,47.46,769,16,29,32,0h 5m,3
18/3/2026,11:28:27 pm,36.03,51.43,1010.47,47.46,736,20,31,34,0h 5m,3
18/3/2026,11:28:42 pm,35.99,51.36,1010.43,47.00,743,20,29,35,0h 5m,3
18/3/2026,11:28:57 pm,35.96,51.55,1010.44,47.00,787,20,29,36,0h 5m,3
18/3/2026,11:29:12 pm,35.96,51.65,1010.44,47.00,864,19,26,35,0h 6m,3
18/3/2026,11:29:27 pm,35.99,51.55,1010.41,47.00,918,20,30,35,0h 6m,3
18/3/2026,11:29:42 pm,36.03,51.43,1010.41,47.00,783,19,31,37,0h 6m,3
18/3/2026,11:29:57 pm,36.00,51.45,1010.45,47.00,901,20,30,33,0h 6m,3
18/3/2026,11:30:12 pm,35.94,51.55,1010.41,47.00,885,20,30,34,0h 7m,3
18/3/2026,11:30:27 pm,35.89,51.55,1010.45,47.00,750,19,29,30,0h 7m,3
18/3/2026,11:30:42 pm,35.89,51.75,1010.43,47.00,701,20,28,30,0h 7m,3
18/3/2026,11:30:57 pm,35.85,51.75,1010.46,47.00,757,19,29,31,0h 7m,3
18/3/2026,11:31:12 pm,35.72,51.97,1010.47,47.00,632,19,29,32,0h 8m,3
18/3/2026,11:31:27 pm,35.71,51.97,1010.45,47.00,746,19,30,32,0h 8m,3
18/3/2026,11:31:42 pm,35.68,51.97,1010.46,47.00,804,18,29,30,0h 8m,3
18/3/2026,11:31:57 pm,35.68,52.06,1010.46,47.00,712,18,29,30,0h 8m,3
18/3/2026,11:32:12 pm,35.63,52.06,1010.39,47.00,753,18,29,31,0h 9m,3
18/3/2026,11:32:27 pm,35.65,52.06,1010.42,47.00,1141,18,30,30,0h 9m,3
19/3/2026,8:01:32 pm,30.10,69.15,1010.77,135.48,500,23,29,30,0h 0m,3
19/3/2026,8:01:47 pm,30.79,67.51,1010.80,93.08,500,21,34,35,0h 0m,3
19/3/2026,8:02:02 pm,31.41,65.55,1010.81,135.01,500,22,38,38,0h 0m,3
19/3/2026,8:02:17 pm,31.91,63.82,1010.80,136.40,500,23,37,40,0h 1m,3
19/3/2026,8:02:32 pm,32.33,62.48,1010.74,137.32,788,27,43,44,0h 1m,3
19/3/2026,8:02:47 pm,32.59,60.99,1010.77,136.40,775,27,42,47,0h 1m,3
19/3/2026,8:03:02 pm,32.78,60.57,1010.81,136.86,761,28,40,45,0h 1m,3
19/3/2026,8:03:17 pm,32.94,60.27,1010.83,135.48,694,28,40,46,0h 2m,3
19/3/2026,8:03:32 pm,33.00,59.69,1010.82,136.40,711,28,39,45,0h 2m,3
19/3/2026,8:03:47 pm,32.94,59.59,1010.80,135.01,755,26,38,42,0h 2m,3
19/3/2026,8:04:02 pm,33.01,59.66,1010.81,136.40,821,26,40,42,0h 2m,3
19/3/2026,8:04:17 pm,33.06,59.56,1010.81,136.86,1635,25,39,43,0h 3m,3
19/3/2026,8:04:32 pm,33.12,59.56,1010.73,137.32,4259,24,39,43,0h 3m,3
19/3/2026,8:04:47 pm,125.00,59.36,1010.69,135.94,5000,25,38,39,0h 3m,3
19/3/2026,8:05:03 pm,125.00,100.00,1010.65,136.40,5000,25,36,42,0h 3m,3
19/3/2026,8:05:17 pm,125.00,100.00,1010.69,137.32,5000,25,36,42,0h 4m,3
19/3/2026,8:05:32 pm,125.00,100.00,1010.72,135.94,5000,26,42,47,0h 4m,3
19/3/2026,8:05:47 pm,125.00,100.00,1010.64,136.40,5000,25,48,49,0h 4m,3
19/3/2026,8:06:02 pm,125.00,100.00,1010.61,137.78,5000,43,66,67,0h 4m,3
19/3/2026,8:06:17 pm,125.00,100.00,1010.61,137.78,5000,97,120,127,0h 5m,3
19/3/2026,8:06:32 pm,125.00,100.00,1010.61,137.78,5000,122,144,151,0h 5m,3
19/3/2026,8:06:47 pm,125.00,100.00,1010.61,137.78,5000,135,162,163,0h 5m,3
19/3/2026,8:07:02 pm,125.00,100.00,1010.61,137.78,5000,145,172,174,0h 5m,3
19/3/2026,8:07:17 pm,125.00,100.00,1010.61,137.78,5000,152,177,180,0h 6m,3
19/3/2026,8:07:32 pm,125.00,100.00,1010.61,137.78,5000,157,181,191,0h 6m,3
19/3/2026,8:08:01 pm,0,0,0,0,5000,162,183,190,0h 0m,2
19/3/2026,8:08:15 pm,0,0,0,0,5000,163,181,192,0h 0m,2
19/3/2026,10:38:17 pm,29.79,71.09,1012.24,100.92,410,23,36,38,0h 0m,3
19/3/2026,10:38:32 pm,30.46,69.81,1012.22,63.59,500,22,37,38,0h 0m,3
19/3/2026,10:38:47 pm,31.16,67.84,1012.20,95.85,500,23,38,42,0h 0m,3
19/3/2026,10:39:02 pm,31.75,66.20,1012.25,66.36,500,24,38,43,0h 1m,3
19/3/2026,10:39:17 pm,32.18,64.67,1012.23,92.62,796,24,41,43,0h 1m,3
19/3/2026,10:39:32 pm,32.56,63.53,1012.28,67.74,906,25,41,42,0h 1m,3
19/3/2026,10:39:47 pm,32.89,62.52,1012.30,99.99,754,25,40,41,0h 1m,3
19/3/2026,10:40:02 pm,33.16,61.51,1012.23,101.84,803,25,39,43,0h 2m,3
19/3/2026,10:40:17 pm,33.26,60.73,1012.21,100.45,744,26,39,45,0h 2m,3
19/3/2026,10:40:32 pm,33.31,60.02,1012.25,64.97,807,25,38,39,0h 2m,3
19/3/2026,10:40:47 pm,33.49,59.63,1012.25,101.38,780,26,43,46,0h 2m,3
19/3/2026,10:41:02 pm,33.71,59.30,1012.28,67.74,746,26,43,45,0h 3m,3
19/3/2026,10:41:17 pm,33.84,59.08,1012.26,106.44,694,26,42,43,0h 3m,3
19/3/2026,10:41:32 pm,34.00,58.69,1012.29,86.63,706,26,42,44,0h 3m,3
19/3/2026,10:41:47 pm,34.24,58.47,1012.28,88.93,717,26,39,43,0h 3m,3
19/3/2026,10:42:02 pm,34.39,58.14,1012.25,105.98,675,25,40,42,0h 4m,3
19/3/2026,10:42:19 pm,34.47,57.95,1012.24,105.98,909,25,39,42,0h 4m,3
19/3/2026,10:42:34 pm,34.65,57.63,1012.27,105.98,819,25,37,41,0h 4m,3
19/3/2026,10:42:47 pm,34.84,57.21,1012.24,105.52,703,25,40,43,0h 4m,3
19/3/2026,10:43:02 pm,34.97,57.11,1012.26,106.44,728,27,41,44,0h 5m,3
19/3/2026,10:43:17 pm,35.03,57.09,1012.23,77.88,792,26,39,42,0h 5m,3
19/3/2026,10:43:32 pm,35.11,56.99,1012.25,105.98,759,24,38,41,0h 5m,3
19/3/2026,10:43:59 pm,35.15,56.70,1012.25,106.91,500,27,34,35,0h 0m,3
19/3/2026,10:44:14 pm,35.07,56.99,1012.29,106.44,500,26,37,41,0h 0m,3
19/3/2026,10:44:29 pm,35.11,56.89,1012.27,106.44,500,26,36,41,0h 0m,3
19/3/2026,10:44:44 pm,35.25,56.50,1012.25,105.98,500,25,36,40,0h 1m,3
19/3/2026,10:44:59 pm,35.28,56.18,1012.25,105.98,810,24,37,40,0h 1m,3
19/3/2026,10:45:14 pm,35.34,56.09,1012.26,105.98,705,23,37,41,0h 1m,3
19/3/2026,10:45:29 pm,35.23,56.21,1012.24,104.60,785,22,37,40,0h 1m,3
19/3/2026,10:45:44 pm,35.28,56.09,1012.24,105.52,843,23,38,41,0h 2m,3
19/3/2026,10:45:59 pm,35.29,55.79,1012.22,105.52,784,24,36,39,0h 2m,3
19/3/2026,10:46:14 pm,35.41,55.60,1012.25,105.98,714,23,36,38,0h 2m,3
19/3/2026,10:46:29 pm,35.38,55.40,1012.26,105.98,683,23,35,38,0h 2m,3
19/3/2026,10:46:44 pm,35.44,55.30,1012.29,106.44,705,23,34,36,0h 3m,3
19/3/2026,10:46:59 pm,35.36,55.40,1012.25,105.98,653,22,36,39,0h 3m,3
19/3/2026,10:47:14 pm,35.43,55.60,1012.25,92.16,751,21,34,39,0h 3m,3
19/3/2026,10:47:29 pm,35.37,55.69,1012.24,85.71,756,22,36,43,0h 3m,3
19/3/2026,10:47:44 pm,35.45,55.69,1012.23,105.52,788,22,35,39,0h 4m,3
19/3/2026,10:47:59 pm,35.59,55.57,1012.26,105.98,740,23,35,41,0h 4m,3
19/3/2026,10:48:14 pm,35.41,55.30,1012.19,105.98,658,23,35,41,0h 4m,3
19/3/2026,10:48:29 pm,35.55,55.18,1012.17,105.52,724,26,38,42,0h 4m,3
19/3/2026,10:48:44 pm,35.63,55.08,1012.17,105.06,626,27,38,40,0h 5m,3
19/3/2026,10:48:59 pm,35.55,55.18,1012.20,105.52,622,26,38,40,0h 5m,3
19/3/2026,10:49:14 pm,35.59,55.47,1012.19,104.14,628,25,35,39,0h 5m,3
19/3/2026,10:49:29 pm,35.63,55.57,1012.22,105.06,773,22,36,40,0h 5m,3
19/3/2026,10:49:45 pm,35.58,55.57,1012.21,105.98,724,22,36,40,0h 6m,3
19/3/2026,10:50:00 pm,35.50,55.69,1012.20,105.98,768,24,40,42,0h 6m,3
19/3/2026,10:50:14 pm,35.59,55.47,1012.17,105.98,696,24,37,42,0h 6m,3
19/3/2026,10:50:29 pm,35.62,55.37,1012.17,105.52,674,24,37,41,0h 6m,3
19/3/2026,10:50:44 pm,35.62,55.47,1012.19,105.52,781,25,39,41,0h 7m,3
19/3/2026,10:51:00 pm,35.55,55.47,1012.12,105.52,634,24,38,42,0h 7m,3
19/3/2026,10:51:14 pm,35.63,55.57,1012.20,99.53,863,24,36,43,0h 7m,3
19/3/2026,10:51:29 pm,35.52,55.76,1012.16,97.69,715,25,37,42,0h 7m,3
19/3/2026,10:51:44 pm,35.63,55.47,1012.14,105.52,803,23,35,40,0h 8m,3
19/3/2026,10:51:59 pm,35.65,55.57,1012.17,105.52,791,23,36,38,0h 8m,3
19/3/2026,10:52:15 pm,35.48,55.60,1012.20,106.44,747,24,38,41,0h 8m,3
19/3/2026,10:52:29 pm,35.68,55.47,1012.13,105.52,776,24,37,41,0h 8m,3
19/3/2026,10:52:44 pm,35.75,55.35,1012.19,105.52,817,24,37,37,0h 9m,3
19/3/2026,10:52:59 pm,35.74,55.37,1012.12,105.98,877,24,38,39,0h 9m,3
19/3/2026,10:53:14 pm,35.68,55.47,1012.17,105.06,760,23,37,38,0h 9m,3
19/3/2026,10:53:31 pm,35.71,55.47,1012.13,104.14,795,24,39,40,0h 9m,3
19/3/2026,10:53:44 pm,35.70,55.66,1012.13,70.04,740,23,36,40,0h 10m,3
19/3/2026,10:53:59 pm,35.75,55.44,1012.16,104.14,739,23,36,39,0h 10m,3
19/3/2026,10:54:14 pm,35.77,55.35,1012.10,105.52,909,23,37,39,0h 10m,3
19/3/2026,10:54:30 pm,35.80,55.25,1012.13,105.06,779,24,38,42,0h 10m,3
19/3/2026,10:54:46 pm,35.84,55.15,1012.10,105.06,801,24,36,41,0h 11m,3
19/3/2026,10:55:00 pm,35.87,54.86,1012.13,95.39,728,25,35,41,0h 11m,3
19/3/2026,10:55:14 pm,35.78,54.76,1012.15,105.06,731,24,34,43,0h 11m,3
19/3/2026,10:55:43 pm,35.90,54.76,1012.11,98.61,410,25,47,48,0h 0m,3
19/3/2026,10:55:58 pm,35.87,54.76,1012.13,104.14,500,25,41,43,0h 0m,3
19/3/2026,10:56:13 pm,35.93,54.66,1012.09,79.26,500,24,35,39,0h 0m,3
19/3/2026,10:56:28 pm,35.85,54.47,1012.10,102.76,500,25,35,39,0h 1m,3
19/3/2026,10:56:43 pm,35.93,54.66,1012.10,104.14,747,23,35,38,0h 1m,3
19/3/2026,10:56:58 pm,35.93,54.47,1012.09,103.68,806,23,34,37,0h 1m,3
19/3/2026,10:57:13 pm,35.93,54.66,1012.11,105.98,795,23,35,37,0h 1m,3
19/3/2026,10:57:28 pm,35.89,54.76,1012.10,3.23,753,23,35,36,0h 2m,3
19/3/2026,10:57:43 pm,35.87,55.35,1012.10,107.83,886,22,33,36,0h 2m,3
19/3/2026,10:57:58 pm,35.78,54.57,1012.10,132.71,876,22,35,40,0h 2m,3
19/3/2026,10:58:13 pm,35.93,54.47,1012.08,133.63,913,23,36,40,0h 2m,3
19/3/2026,10:58:28 pm,35.90,54.57,1012.07,133.63,909,21,35,40,0h 3m,3
19/3/2026,10:58:43 pm,35.90,54.57,1012.05,132.25,801,22,35,38,0h 3m,3
19/3/2026,10:58:58 pm,35.75,54.96,1012.08,132.71,842,21,34,37,0h 3m,3
19/3/2026,10:59:13 pm,35.90,54.86,1012.09,82.48,805,23,34,38,0h 3m,3
19/3/2026,10:59:28 pm,35.89,54.66,1012.08,132.25,735,21,34,38,0h 4m,3
19/3/2026,10:59:43 pm,35.90,54.66,1012.07,112.44,834,23,37,42,0h 4m,3
19/3/2026,11:00:14 pm,35.58,55.37,1012.10,99.07,500,18,31,32,0h 0m,3
19/3/2026,11:00:29 pm,35.60,55.57,1012.08,133.63,500,23,38,40,0h 0m,3
19/3/2026,11:00:44 pm,35.43,55.60,1012.07,105.06,500,24,38,41,0h 0m,3
19/3/2026,11:00:59 pm,35.52,55.57,1012.03,132.71,500,25,37,41,0h 1m,3
19/3/2026,11:01:14 pm,35.50,55.50,1012.03,133.63,766,26,40,46,0h 1m,3
19/3/2026,11:01:29 pm,35.60,55.47,1012.03,133.17,744,24,39,40,0h 1m,3
19/3/2026,11:01:44 pm,35.72,55.18,1012.01,133.63,782,26,40,43,0h 1m,3
19/3/2026,11:01:59 pm,35.70,54.60,1012.00,133.63,610,27,39,42,0h 2m,3
19/3/2026,11:02:15 pm,35.56,55.18,1012.00,134.09,701,28,41,45,0h 2m,3
19/3/2026,11:02:34 pm,35.50,55.11,1011.99,75.57,500,25,39,51,0h 0m,3
19/3/2026,11:02:58 pm,35.41,54.62,1012.01,102.30,500,27,39,52,0h 0m,3
19/3/2026,11:03:13 pm,35.44,54.72,1012.00,133.17,500,32,49,58,0h 0m,3
19/3/2026,11:03:28 pm,35.34,54.91,1011.98,132.71,500,30,47,52,0h 0m,3
19/3/2026,11:03:43 pm,35.41,54.91,1012.03,133.17,500,30,48,52,0h 1m,3
19/3/2026,11:03:58 pm,35.41,54.82,1012.00,132.71,757,29,44,47,0h 1m,3
19/3/2026,11:04:13 pm,35.44,54.82,1012.03,131.79,704,30,43,48,0h 1m,3
19/3/2026,11:04:28 pm,35.41,55.01,1011.99,133.17,767,28,42,46,0h 1m,3
19/3/2026,11:04:43 pm,35.48,55.11,1012.01,133.17,659,28,46,50,0h 2m,3
19/3/2026,11:04:58 pm,35.37,55.01,1011.98,133.63,697,27,42,47,0h 2m,3
19/3/2026,11:05:13 pm,35.70,54.89,1011.96,127.64,727,28,44,46,0h 2m,3
19/3/2026,11:05:28 pm,35.59,54.79,1012.03,132.71,682,29,45,49,0h 2m,3
19/3/2026,11:05:43 pm,35.63,54.69,1011.97,134.55,754,29,44,48,0h 3m,3
19/3/2026,11:05:58 pm,35.58,54.69,1012.00,133.63,697,29,41,44,0h 3m,3
19/3/2026,11:06:13 pm,35.53,55.27,1012.01,2.76,715,27,40,44,0h 3m,3
19/3/2026,11:06:28 pm,35.60,55.18,1011.98,2.76,764,28,40,44,0h 3m,3
19/3/2026,11:06:43 pm,35.47,55.40,1011.96,2.76,715,26,40,42,0h 4m,3
19/3/2026,11:06:58 pm,35.62,55.27,1011.97,3.23,780,27,41,43,0h 4m,3
19/3/2026,11:07:13 pm,35.56,55.18,1011.97,3.23,734,26,41,42,0h 4m,3
19/3/2026,11:07:28 pm,35.62,55.37,1011.96,3.23,789,26,39,42,0h 4m,3
19/3/2026,11:07:43 pm,35.66,55.18,1011.96,2.76,748,27,41,44,0h 5m,3
19/3/2026,11:08:31 pm,35.60,55.37,1012.03,2.76,726,26,39,40,0h 5m,3
19/3/2026,11:09:14 pm,35.71,55.27,1011.96,2.76,721,25,41,45,0h 6m,3
19/3/2026,11:09:28 pm,35.70,55.08,1011.96,2.76,790,25,39,45,0h 6m,3
19/3/2026,11:09:43 pm,35.80,55.05,1011.96,2.76,782,26,40,46,0h 7m,3
19/3/2026,11:09:58 pm,35.62,55.18,1011.96,2.76,792,25,39,46,0h 7m,3
19/3/2026,11:10:13 pm,35.65,55.27,1011.97,2.76,781,26,39,44,0h 7m,3
19/3/2026,11:10:28 pm,35.68,55.18,1011.95,2.76,811,25,38,43,0h 7m,3
19/3/2026,11:10:43 pm,35.68,55.27,1011.99,2.76,754,26,38,42,0h 8m,3
19/3/2026,11:10:58 pm,35.63,55.27,1011.97,2.76,779,26,38,41,0h 8m,3
19/3/2026,11:11:13 pm,35.75,55.05,1011.98,2.76,855,25,38,41,0h 8m,3
19/3/2026,11:11:28 pm,35.70,55.18,1011.99,2.76,783,26,41,45,0h 8m,3
19/3/2026,11:11:43 pm,35.68,55.08,1011.99,2.76,829,24,39,41,0h 9m,3
19/3/2026,11:11:59 pm,35.66,55.18,1011.98,2.76,857,23,37,40,0h 9m,3
19/3/2026,11:12:13 pm,35.65,55.18,1012.03,2.76,794,24,36,37,0h 9m,3
19/3/2026,11:12:29 pm,35.66,54.99,1011.97,2.76,794,25,36,39,0h 9m,3
19/3/2026,11:12:43 pm,35.68,54.79,1011.97,2.76,792,24,37,39,0h 10m,3
19/3/2026,11:12:58 pm,35.63,54.69,1011.97,2.76,736,24,40,42,0h 10m,3
19/3/2026,11:13:14 pm,35.72,54.79,1011.97,2.76,728,24,39,42,0h 10m,3
19/3/2026,11:13:28 pm,35.63,54.89,1011.96,2.76,708,26,41,43,0h 10m,3
19/3/2026,11:13:43 pm,35.58,54.79,1011.97,2.76,825,26,41,44,0h 11m,3
19/3/2026,11:13:59 pm,35.48,54.52,1011.94,2.76,681,25,39,46,0h 11m,3
19/3/2026,11:14:13 pm,35.45,54.43,1012.00,2.76,785,25,38,45,0h 11m,3
19/3/2026,11:14:28 pm,35.41,54.33,1011.98,2.76,685,26,40,44,0h 11m,3
19/3/2026,11:14:43 pm,35.44,54.43,1011.97,2.76,680,27,41,44,0h 12m,3
19/3/2026,11:14:59 pm,35.36,54.52,1011.96,2.76,697,26,37,40,0h 12m,3
19/3/2026,11:15:13 pm,35.34,54.82,1011.96,2.76,707,28,40,43,0h 12m,3
19/3/2026,11:15:28 pm,35.33,54.82,1011.97,2.76,697,27,41,44,0h 12m,3
19/3/2026,11:15:43 pm,35.34,54.91,1011.99,2.76,728,27,40,42,0h 13m,3
19/3/2026,11:15:58 pm,35.47,54.91,1011.98,2.76,656,26,40,45,0h 13m,3
19/3/2026,11:16:13 pm,35.48,55.01,1011.99,2.76,741,26,38,41,0h 13m,3
19/3/2026,11:16:28 pm,35.47,55.01,1011.97,2.76,693,26,38,40,0h 13m,3
19/3/2026,11:16:43 pm,35.48,55.01,1011.96,2.76,679,25,38,42,0h 14m,3
19/3/2026,11:17:01 pm,35.43,55.11,1011.95,2.76,713,25,37,41,0h 14m,3
19/3/2026,11:17:13 pm,35.38,55.40,1011.95,2.76,743,26,37,41,0h 14m,3
19/3/2026,11:17:28 pm,35.43,55.30,1011.95,2.76,728,25,38,43,0h 14m,3
19/3/2026,11:17:43 pm,35.45,55.30,1011.99,2.76,760,23,36,41,0h 15m,3
19/3/2026,11:17:58 pm,35.52,55.18,1011.99,2.76,750,23,38,41,0h 15m,3
19/3/2026,11:18:13 pm,35.31,55.40,1011.98,2.76,761,24,38,41,0h 15m,3
19/3/2026,11:18:28 pm,35.45,55.40,1011.94,2.76,737,24,40,43,0h 15m,3
19/3/2026,11:18:43 pm,35.40,55.40,1011.99,2.76,694,25,38,41,0h 16m,3
19/3/2026,11:18:58 pm,35.48,55.40,1011.98,2.76,808,23,38,41,0h 16m,3
19/3/2026,11:19:13 pm,35.52,55.27,1011.95,2.76,732,25,43,47,0h 16m,3
19/3/2026,11:19:28 pm,35.43,57.15,1011.99,1.84,722,25,40,43,0h 16m,3
19/3/2026,11:19:43 pm,35.65,55.47,1011.94,2.76,834,24,40,44,0h 17m,3
19/3/2026,11:19:58 pm,35.59,55.18,1011.93,2.76,741,25,39,42,0h 17m,3
19/3/2026,11:20:13 pm,35.63,55.08,1011.93,2.76,687,26,41,45,0h 17m,3
19/3/2026,11:20:28 pm,35.70,54.60,1011.99,2.76,768,28,39,42,0h 17m,3
19/3/2026,11:21:02 pm,35.56,54.21,1011.98,2.76,500,27,43,66,0h 0m,3
19/3/2026,11:21:16 pm,35.45,54.33,1012.00,2.76,500,28,40,51,0h 0m,3
19/3/2026,11:21:31 pm,35.53,54.30,1011.99,2.76,500,25,37,45,0h 0m,3
19/3/2026,11:21:46 pm,35.37,54.52,1012.00,2.76,500,25,36,39,0h 1m,3
19/3/2026,11:22:01 pm,35.22,55.33,1012.03,2.76,659,25,38,41,0h 1m,3
19/3/2026,11:23:19 pm,35.40,55.40,1012.02,2.76,500,26,33,35,0h 0m,3
19/3/2026,11:23:34 pm,35.33,55.40,1011.96,2.76,500,25,38,41,0h 0m,3
19/3/2026,11:23:49 pm,35.50,55.50,1012.00,2.76,500,25,40,44,0h 0m,3
19/3/2026,11:24:04 pm,35.44,55.40,1012.01,2.76,500,25,39,41,0h 1m,3
19/3/2026,11:24:20 pm,35.48,55.21,1012.03,2.76,738,25,41,45,0h 1m,3
19/3/2026,11:24:35 pm,35.65,54.99,1012.00,2.76,795,25,40,43,0h 1m,3
19/3/2026,11:24:49 pm,35.52,55.08,1012.01,2.76,801,23,38,42,0h 1m,3
19/3/2026,11:25:05 pm,35.60,55.08,1011.98,2.76,792,25,38,42,0h 2m,3
19/3/2026,11:25:19 pm,35.48,54.91,1012.03,2.76,754,23,36,39,0h 2m,3
19/3/2026,11:25:34 pm,35.55,55.08,1012.07,2.76,767,23,37,40,0h 2m,3
19/3/2026,11:25:49 pm,35.56,54.99,1012.08,2.76,795,23,36,39,0h 2m,3
19/3/2026,11:26:04 pm,35.71,54.89,1012.05,2.76,764,23,36,41,0h 3m,3
19/3/2026,11:26:20 pm,35.59,54.89,1012.08,2.30,801,24,35,42,0h 3m,3
19/3/2026,11:26:34 pm,35.72,54.79,1012.05,2.76,743,24,37,39,0h 3m,3
19/3/2026,11:26:50 pm,35.62,54.69,1012.03,2.76,813,24,38,40,0h 3m,3
19/3/2026,11:27:29 pm,35.45,55.21,1012.06,1.84,500,25,35,36,0h 0m,3
19/3/2026,11:27:57 pm,35.44,54.91,1012.05,2.30,500,23,36,37,0h 0m,3
19/3/2026,11:28:12 pm,35.33,55.11,1012.03,2.76,500,25,39,41,0h 0m,3
19/3/2026,11:28:27 pm,35.48,54.91,1012.04,2.76,500,24,40,42,0h 0m,3
19/3/2026,11:28:42 pm,35.48,54.91,1012.08,2.76,500,25,40,42,0h 1m,3
19/3/2026,11:28:57 pm,35.45,55.21,1012.08,2.76,681,25,39,42,0h 1m,3
19/3/2026,11:29:12 pm,35.50,55.11,1012.08,2.76,762,26,40,45,0h 1m,3
19/3/2026,11:29:27 pm,35.58,55.08,1012.05,2.76,732,26,41,45,0h 1m,3
19/3/2026,11:29:42 pm,35.52,55.18,1012.07,2.76,831,23,38,40,0h 2m,3
19/3/2026,11:29:57 pm,35.63,54.89,1012.04,2.76,765,23,36,41,0h 2m,3
19/3/2026,11:30:12 pm,35.74,54.79,1012.05,2.30,884,23,38,40,0h 2m,3
19/3/2026,11:30:27 pm,35.68,54.99,1012.09,2.76,862,22,38,40,0h 2m,3
19/3/2026,11:30:42 pm,35.72,54.89,1012.10,2.76,800,22,38,41,0h 3m,3
19/3/2026,11:30:57 pm,35.80,54.76,1012.07,2.76,822,22,38,40,0h 3m,3
19/3/2026,11:31:12 pm,35.72,54.79,1012.08,2.76,758,23,37,40,0h 3m,3
19/3/2026,11:31:27 pm,35.75,54.86,1012.08,2.76,779,22,36,41,0h 3m,3
19/3/2026,11:31:43 pm,35.87,54.66,1012.04,2.76,859,22,35,41,0h 4m,3
19/3/2026,11:31:57 pm,35.93,54.18,1012.01,2.30,759,24,35,38,0h 4m,3
19/3/2026,11:32:12 pm,35.78,53.89,1012.06,2.30,770,25,37,39,0h 4m,3
19/3/2026,11:32:27 pm,35.80,54.38,1012.04,2.76,742,24,38,41,0h 4m,3
19/3/2026,11:32:42 pm,35.77,54.28,1012.03,2.76,851,25,37,40,0h 5m,3
19/3/2026,11:32:57 pm,35.74,54.40,1012.04,2.76,781,25,37,40,0h 5m,3
19/3/2026,11:33:12 pm,35.81,54.28,1012.05,2.76,616,23,35,39,0h 5m,3
19/3/2026,11:33:27 pm,35.82,54.18,1012.11,2.76,742,25,36,39,0h 5m,3
19/3/2026,11:33:42 pm,35.87,54.38,1012.07,2.76,766,25,35,39,0h 6m,3
19/3/2026,11:33:57 pm,35.82,54.38,1012.06,2.76,819,23,36,39,0h 6m,3
19/3/2026,11:34:12 pm,35.80,54.47,1012.05,2.76,744,23,35,39,0h 6m,3
19/3/2026,11:34:27 pm,35.74,54.11,1012.03,2.30,821,24,35,38,0h 6m,3
19/3/2026,11:34:42 pm,35.78,53.99,1011.96,2.30,766,21,34,35,0h 7m,3
19/3/2026,11:34:57 pm,35.82,53.89,1011.99,2.30,761,20,33,35,0h 7m,3
19/3/2026,11:35:12 pm,35.84,53.99,1012.00,2.30,699,21,33,35,0h 7m,3
19/3/2026,11:35:27 pm,35.77,53.99,1011.94,2.76,731,20,35,37,0h 7m,3
19/3/2026,11:35:42 pm,35.77,54.18,1011.89,2.76,781,19,34,37,0h 8m,3
19/3/2026,11:35:58 pm,35.72,54.30,1011.89,2.76,793,21,33,39,0h 8m,3
19/3/2026,11:36:12 pm,35.71,54.21,1011.89,2.76,786,22,35,39,0h 8m,3
19/3/2026,11:36:28 pm,35.72,54.30,1011.94,2.76,829,24,37,39,0h 8m,3
19/3/2026,11:36:42 pm,35.84,54.28,1011.89,2.76,662,23,35,37,0h 9m,3
19/3/2026,11:36:57 pm,35.81,54.28,1011.89,2.76,840,23,34,35,0h 9m,3
19/3/2026,11:37:12 pm,35.75,54.38,1011.91,2.76,743,22,31,34,0h 9m,3
19/3/2026,11:37:27 pm,35.78,54.38,1011.95,2.76,858,22,34,37,0h 9m,3
19/3/2026,11:37:42 pm,35.81,54.38,1011.90,2.76,952,21,33,37,0h 10m,3
19/3/2026,11:37:57 pm,35.81,54.47,1011.86,2.76,829,23,34,40,0h 10m,3
19/3/2026,11:38:12 pm,35.75,54.28,1011.87,2.76,874,22,33,37,0h 10m,3
19/3/2026,11:38:27 pm,35.70,54.30,1011.90,2.76,804,21,32,37,0h 10m,3
19/3/2026,11:38:42 pm,35.70,54.21,1011.88,2.76,796,21,33,36,0h 11m,3
19/3/2026,11:38:57 pm,35.58,54.30,1011.90,2.30,805,22,34,38,0h 11m,3
19/3/2026,11:39:12 pm,35.75,54.28,1011.88,1.84,618,23,35,38,0h 11m,3
19/3/2026,11:39:27 pm,35.70,54.11,1011.91,2.76,745,22,36,39,0h 11m,3
19/3/2026,11:39:59 pm,35.66,54.30,1011.91,2.30,500,22,34,34,0h 0m,3
19/3/2026,11:40:14 pm,125.00,54.60,1011.86,2.30,500,23,35,37,0h 0m,3
19/3/2026,11:40:29 pm,125.00,54.60,1011.85,2.76,500,22,34,38,0h 0m,3
19/3/2026,11:40:44 pm,125.00,55.01,1011.87,2.30,500,22,33,36,0h 1m,3
19/3/2026,11:40:59 pm,125.00,54.99,1011.85,2.76,816,22,34,36,0h 1m,3
19/3/2026,11:41:14 pm,125.00,55.01,1011.89,2.76,825,20,31,35,0h 1m,3
19/3/2026,11:41:29 pm,125.00,54.79,1011.88,2.76,829,21,30,35,0h 1m,3
19/3/2026,11:41:44 pm,125.00,54.60,1011.85,2.76,854,21,31,34,0h 2m,3
19/3/2026,11:41:59 pm,125.00,54.60,1011.85,2.76,872,20,31,35,0h 2m,3
19/3/2026,11:42:14 pm,125.00,54.11,1011.90,2.76,776,21,33,37,0h 2m,3
19/3/2026,11:42:29 pm,125.00,54.01,1011.79,2.76,805,21,32,36,0h 2m,3
19/3/2026,11:42:44 pm,125.00,53.62,1011.81,2.30,576,21,32,35,0h 3m,3
19/3/2026,11:42:59 pm,125.00,53.30,1011.84,2.76,660,22,33,35,0h 3m,3
19/3/2026,11:43:14 pm,125.00,53.23,1011.81,2.76,696,21,35,41,0h 3m,3
19/3/2026,11:43:29 pm,125.00,53.62,1011.85,2.76,689,21,34,41,0h 3m,3
19/3/2026,11:43:46 pm,125.00,53.97,1011.79,2.30,667,22,36,40,0h 4m,3
19/3/2026,11:43:59 pm,125.00,54.16,1011.82,2.76,708,22,34,38,0h 4m,3
19/3/2026,11:44:14 pm,125.00,54.23,1011.82,2.30,660,22,33,39,0h 4m,3
19/3/2026,11:44:29 pm,125.00,53.94,1011.83,1.84,702,21,32,37,0h 4m,3
19/3/2026,11:44:56 pm,35.36,54.33,1011.83,1.84,500,20,27,29,0h 0m,3
19/3/2026,11:45:11 pm,35.40,54.43,1011.83,1.84,500,22,35,39,0h 0m,3
19/3/2026,11:45:28 pm,35.34,54.43,1011.78,2.30,500,22,33,39,0h 0m,3
19/3/2026,11:45:41 pm,35.50,54.23,1011.82,2.76,500,23,34,37,0h 1m,3
19/3/2026,11:45:56 pm,35.56,54.21,1011.84,2.76,732,23,35,37,0h 1m,3
19/3/2026,11:46:11 pm,35.48,54.43,1011.80,2.76,736,23,35,38,0h 1m,3
19/3/2026,11:46:27 pm,35.58,54.30,1011.78,2.76,769,23,34,38,0h 1m,3
19/3/2026,11:46:41 pm,35.47,54.43,1011.78,2.76,904,25,35,36,0h 2m,3
19/3/2026,11:46:56 pm,35.45,54.62,1011.76,2.76,824,23,34,37,0h 2m,3
19/3/2026,11:47:11 pm,35.45,54.62,1011.73,2.76,760,22,31,35,0h 2m,3
19/3/2026,11:47:26 pm,35.58,54.40,1011.79,2.76,838,22,33,37,0h 2m,3
19/3/2026,11:47:41 pm,35.58,54.60,1011.74,2.76,814,21,34,39,0h 3m,3
19/3/2026,11:47:56 pm,35.47,54.72,1011.77,2.76,831,22,35,42,0h 3m,3
19/3/2026,11:48:11 pm,35.58,54.60,1011.75,2.76,852,22,36,39,0h 3m,3
19/3/2026,11:48:26 pm,35.66,54.21,1011.76,2.76,759,23,37,39,0h 3m,3
19/3/2026,11:48:41 pm,35.60,54.01,1011.74,2.76,788,22,35,42,0h 4m,3
19/3/2026,11:48:56 pm,35.47,53.85,1011.70,2.76,739,22,33,36,0h 4m,3
19/3/2026,11:49:11 pm,35.34,54.03,1011.70,2.76,684,20,31,36,0h 4m,3
19/3/2026,11:49:26 pm,35.18,54.55,1011.71,2.76,816,20,30,36,0h 4m,3
19/3/2026,11:49:41 pm,35.33,54.52,1011.73,2.30,689,20,30,34,0h 5m,3
19/3/2026,11:49:56 pm,35.36,54.62,1011.73,2.76,766,21,31,35,0h 5m,3
19/3/2026,11:50:11 pm,35.45,54.62,1011.66,1.84,793,20,30,35,0h 5m,3
19/3/2026,11:50:37 pm,35.43,55.01,1011.65,1.84,500,16,30,30,0h 0m,3
19/3/2026,11:50:52 pm,35.48,54.82,1011.64,2.76,500,18,32,35,0h 0m,3
19/3/2026,11:51:15 pm,35.59,54.79,1011.66,2.76,500,18,28,28,0h 0m,3
19/3/2026,11:51:30 pm,35.65,54.69,1011.64,2.76,500,18,30,32,0h 0m,3
19/3/2026,11:51:45 pm,35.81,54.47,1011.64,2.76,500,20,30,33,0h 0m,3
19/3/2026,11:52:00 pm,35.84,54.38,1011.66,2.30,500,19,30,35,0h 1m,3
19/3/2026,11:52:15 pm,35.94,54.38,1011.65,2.76,897,20,32,35,0h 1m,3
19/3/2026,11:52:30 pm,35.90,54.28,1011.59,2.76,942,20,31,35,0h 1m,3
19/3/2026,11:52:45 pm,35.90,54.18,1011.64,2.76,1080,19,31,34,0h 1m,3
19/3/2026,11:53:00 pm,36.03,53.67,1011.60,2.76,636,20,33,35,0h 2m,3
19/3/2026,11:53:15 pm,36.01,53.57,1011.63,2.76,915,21,32,33,0h 2m,3
19/3/2026,11:53:30 pm,35.84,53.69,1011.62,2.30,862,19,30,32,0h 2m,3
19/3/2026,11:53:45 pm,35.93,53.89,1011.62,2.76,862,20,32,34,0h 2m,3
19/3/2026,11:54:00 pm,35.93,53.79,1011.61,2.76,917,19,30,32,0h 3m,3
19/3/2026,11:54:15 pm,35.99,54.08,1011.57,2.76,872,17,31,32,0h 3m,3
19/3/2026,11:54:30 pm,36.00,54.18,1011.63,2.76,887,18,35,36,0h 3m,3
19/3/2026,11:54:45 pm,36.03,54.35,1011.56,2.30,945,18,31,33,0h 3m,3
19/3/2026,11:55:01 pm,36.01,54.25,1011.57,2.30,919,19,33,35,0h 4m,3
19/3/2026,11:55:15 pm,36.08,53.96,1011.58,2.30,906,19,32,36,0h 4m,3
19/3/2026,11:55:30 pm,36.09,54.05,1011.57,2.76,957,21,34,36,0h 4m,3
19/3/2026,11:55:45 pm,36.16,53.86,1011.58,2.30,879,21,33,37,0h 4m,3
19/3/2026,11:56:00 pm,36.15,53.18,1011.59,2.76,943,21,34,35,0h 5m,3
19/3/2026,11:56:15 pm,36.08,52.50,1011.56,2.76,890,19,32,34,0h 5m,3
19/3/2026,11:56:30 pm,35.84,52.92,1011.57,2.76,816,19,31,33,0h 5m,3
19/3/2026,11:56:45 pm,35.89,52.62,1011.57,2.76,739,19,30,34,0h 5m,3
19/3/2026,11:57:00 pm,35.78,52.62,1011.53,2.76,742,19,31,38,0h 6m,3
19/3/2026,11:57:15 pm,35.56,53.04,1011.57,2.76,734,18,30,36,0h 6m,3
19/3/2026,11:57:30 pm,35.47,53.26,1011.51,2.30,743,19,32,37,0h 6m,3
19/3/2026,11:57:45 pm,35.41,53.55,1011.51,2.76,641,20,30,35,0h 6m,3
19/3/2026,11:58:00 pm,35.44,53.65,1011.53,2.76,625,19,31,32,0h 7m,3
19/3/2026,11:58:15 pm,35.37,53.65,1011.54,2.76,728,21,32,33,0h 7m,3
19/3/2026,11:58:30 pm,35.23,53.87,1011.54,2.76,669,20,30,33,0h 7m,3
19/3/2026,11:58:45 pm,35.19,54.26,1011.56,2.76,734,21,29,32,0h 7m,3
19/3/2026,11:59:00 pm,35.22,53.97,1011.48,2.76,748,20,31,34,0h 8m,3
19/3/2026,11:59:15 pm,35.04,54.26,1011.48,2.76,594,20,34,36,0h 8m,3
19/3/2026,11:59:30 pm,35.18,54.06,1011.46,2.76,682,21,35,41,0h 8m,3
19/3/2026,11:59:45 pm,35.15,54.06,1011.47,2.76,709,20,33,40,0h 8m,3
20/3/2026,12:00:00 am,35.19,53.97,1011.49,2.76,631,20,31,37,0h 9m,3
20/3/2026,12:00:16 am,34.97,54.38,1011.46,2.76,1125,21,33,36,0h 9m,3
20/3/2026,12:00:30 am,35.07,54.36,1011.46,2.76,829,19,33,35,0h 9m,3
20/3/2026,12:00:45 am,35.02,54.55,1011.48,2.30,1038,20,34,36,0h 9m,3
20/3/2026,12:01:00 am,34.99,54.58,1011.47,2.76,822,20,35,39,0h 10m,3
20/3/2026,12:01:15 am,35.03,54.46,1011.43,2.76,791,20,32,36,0h 10m,3
20/3/2026,12:01:30 am,35.14,54.26,1011.48,2.76,705,19,31,34,0h 10m,3
20/3/2026,12:01:45 am,35.25,53.97,1011.44,2.76,733,20,32,35,0h 10m,3
20/3/2026,12:02:01 am,35.37,53.75,1011.49,2.76,658,19,32,33,0h 11m,3
20/3/2026,12:02:15 am,35.52,53.33,1011.49,2.76,632,20,32,34,0h 11m,3
20/3/2026,12:02:30 am,35.58,53.14,1011.50,2.76,627,21,34,36,0h 11m,3
20/3/2026,12:02:45 am,35.70,52.94,1011.51,2.76,609,21,35,37,0h 11m,3
20/3/2026,12:03:00 am,35.84,52.62,1011.49,2.76,689,20,33,37,0h 12m,3
20/3/2026,12:03:15 am,35.89,52.53,1011.48,2.76,620,21,32,35,0h 12m,3
20/3/2026,12:03:30 am,36.05,52.40,1011.47,2.76,674,20,33,35,0h 12m,3
20/3/2026,12:03:45 am,36.16,52.11,1011.46,2.76,676,20,34,37,0h 12m,3
20/3/2026,12:04:00 am,36.22,51.92,1011.50,2.76,655,21,34,36,0h 13m,3
20/3/2026,12:04:15 am,36.25,51.92,1011.49,2.76,694,21,33,37,0h 13m,3
20/3/2026,12:04:30 am,36.23,51.92,1011.42,2.76,805,20,34,37,0h 13m,3
20/3/2026,12:04:45 am,125.00,51.92,1011.43,2.76,2205,20,34,39,0h 13m,3
20/3/2026,12:05:00 am,125.00,51.92,1011.42,2.30,5000,20,32,37,0h 14m,3
20/3/2026,12:05:15 am,125.00,0.00,1011.37,2.30,5000,21,33,36,0h 14m,3
20/3/2026,12:05:30 am,125.00,52.33,1011.38,2.30,5000,20,33,39,0h 14m,3
20/3/2026,12:05:45 am,125.00,0.00,1011.35,1.84,5000,21,38,44,0h 14m,3
20/3/2026,12:06:00 am,125.00,100.00,1011.32,1.84,5000,28,48,50,0h 15m,3
20/3/2026,12:06:15 am,125.00,100.00,1011.32,1.84,5000,51,72,76,0h 15m,3
20/3/2026,12:06:30 am,125.00,100.00,1011.32,1.84,5000,83,105,109,0h 15m,3
20/3/2026,12:06:45 am,125.00,100.00,1011.32,1.84,5000,100,127,131,0h 15m,3
20/3/2026,12:07:01 am,125.00,100.00,1011.32,1.84,5000,112,136,143,0h 16m,3
20/3/2026,12:07:15 am,125.00,100.00,1011.32,1.84,5000,120,144,150,0h 16m,3
20/3/2026,12:07:39 am,0,0,0,0,5000,132,155,167,0h 0m,2
20/3/2026,12:07:54 am,0,0,0,0,5000,138,159,165,0h 0m,2
20/3/2026,6:25:11 am,28.31,70.51,1009.04,2.76,500,22,42,44,0h 0m,3
20/3/2026,6:25:26 am,29.00,69.22,1009.03,1.84,500,22,40,43,0h 0m,3
20/3/2026,6:25:41 am,29.71,67.05,1009.02,2.30,500,25,40,46,0h 0m,3
20/3/2026,6:25:56 am,30.31,65.09,1009.03,4.61,500,25,45,46,0h 1m,3
20/3/2026,6:26:11 am,30.83,63.45,1009.02,7.37,877,27,45,49,0h 1m,3
20/3/2026,6:26:26 am,31.25,62.24,1009.01,4.15,763,28,47,50,0h 1m,3
20/3/2026,6:26:41 am,31.65,61.10,1009.06,6.45,756,28,47,48,0h 1m,3
20/3/2026,6:26:56 am,32.03,60.10,1008.99,4.61,750,29,45,49,0h 2m,3
20/3/2026,6:27:11 am,32.33,59.16,1009.04,3.23,744,27,44,47,0h 2m,3
20/3/2026,6:27:27 am,32.62,58.54,1009.07,5.99,725,29,43,47,0h 2m,3
20/3/2026,6:27:41 am,32.88,57.73,1009.07,4.61,721,30,45,48,0h 2m,3
20/3/2026,6:27:56 am,33.09,57.11,1009.09,11.52,748,27,44,47,0h 3m,3
20/3/2026,6:28:11 am,33.31,56.70,1009.04,3.69,693,26,45,51,0h 3m,3
20/3/2026,6:28:26 am,33.49,56.20,1009.08,2.30,721,28,45,50,0h 3m,3
20/3/2026,6:28:41 am,33.65,55.88,1009.09,6.91,681,28,41,49,0h 3m,3
20/3/2026,6:28:57 am,33.78,55.57,1009.07,9.68,694,28,41,48,0h 4m,3
20/3/2026,6:29:11 am,33.95,55.37,1009.09,12.44,726,28,39,44,0h 4m,3
20/3/2026,6:29:26 am,34.08,54.95,1009.09,9.22,724,27,40,45,0h 4m,3
20/3/2026,6:29:41 am,34.22,54.66,1009.13,4.61,784,26,39,45,0h 4m,3
20/3/2026,6:29:57 am,34.34,54.34,1009.13,8.29,772,27,40,48,0h 5m,3
20/3/2026,6:30:11 am,34.40,54.14,1009.13,22.58,711,26,41,45,0h 5m,3
20/3/2026,6:30:26 am,34.47,53.95,1009.13,2.30,718,27,43,45,0h 5m,3
20/3/2026,6:30:41 am,34.58,53.73,1009.09,7.83,752,26,44,48,0h 5m,3
20/3/2026,6:30:56 am,34.65,53.63,1009.15,3.23,711,27,42,46,0h 6m,3
20/3/2026,6:31:12 am,34.80,53.31,1009.14,4.15,728,27,41,46,0h 6m,3
20/3/2026,6:31:27 am,34.85,53.21,1009.15,5.99,632,28,41,43,0h 6m,3
20/3/2026,6:31:41 am,34.94,53.11,1009.15,4.61,686,28,41,45,0h 6m,3
20/3/2026,6:31:56 am,34.96,52.83,1009.14,2.30,763,26,40,47,0h 7m,3
20/3/2026,6:32:12 am,35.04,52.89,1009.17,2.76,731,25,40,44,0h 7m,3
20/3/2026,6:32:26 am,35.11,52.70,1009.17,2.30,782,26,40,46,0h 7m,3
20/3/2026,6:32:43 am,35.18,52.50,1009.16,2.30,729,26,39,46,0h 7m,3
20/3/2026,6:32:56 am,35.22,52.40,1009.15,2.30,743,25,42,44,0h 8m,3
20/3/2026,6:33:11 am,35.26,52.31,1009.18,2.30,800,26,42,45,0h 8m,3
20/3/2026,6:33:26 am,35.31,52.28,1009.21,4.61,725,25,41,43,0h 8m,3
20/3/2026,6:33:42 am,35.34,52.28,1009.19,3.69,791,26,40,46,0h 8m,3
20/3/2026,6:33:56 am,35.38,52.28,1009.20,2.30,760,24,37,41,0h 9m,3
20/3/2026,6:34:12 am,35.43,52.19,1009.16,3.23,770,25,39,42,0h 9m,3
20/3/2026,6:34:26 am,35.48,52.09,1009.19,2.30,785,24,39,40,0h 9m,3
20/3/2026,6:34:41 am,35.50,52.09,1009.16,6.45,761,25,38,40,0h 9m,3
20/3/2026,6:34:56 am,35.52,52.06,1009.19,2.30,810,24,35,37,0h 10m,3
20/3/2026,6:35:12 am,35.53,52.06,1009.23,2.30,760,24,34,36,0h 10m,3
20/3/2026,6:35:42 am,35.58,51.97,1009.21,2.30,736,23,33,37,0h 10m,3
20/3/2026,6:35:56 am,35.62,51.97,1009.23,2.30,800,22,34,37,0h 11m,3
20/3/2026,6:36:12 am,35.66,51.97,1009.23,6.91,752,24,37,39,0h 11m,3
20/3/2026,6:36:26 am,35.70,51.97,1009.21,3.69,832,25,37,37,0h 11m,3
20/3/2026,6:36:42 am,35.74,51.97,1009.22,4.61,791,24,36,38,0h 11m,3
20/3/2026,6:36:57 am,35.80,51.84,1009.25,3.23,864,25,35,39,0h 12m,3
20/3/2026,6:37:11 am,35.82,51.84,1009.22,2.76,795,25,35,40,0h 12m,3
20/3/2026,6:37:26 am,35.80,51.84,1009.24,2.76,843,24,36,41,0h 12m,3
20/3/2026,6:37:42 am,35.84,51.75,1009.25,2.76,791,22,37,40,0h 12m,3
20/3/2026,6:37:57 am,35.92,51.75,1009.25,3.23,879,21,36,39,0h 13m,3
20/3/2026,6:38:12 am,35.94,51.65,1009.26,4.61,815,20,36,37,0h 13m,3
20/3/2026,6:38:26 am,35.99,51.65,1009.25,2.76,854,22,36,39,0h 13m,3
20/3/2026,6:38:42 am,35.99,51.55,1009.27,2.76,836,22,35,38,0h 13m,3
20/3/2026,6:38:56 am,36.03,51.53,1009.27,2.76,867,22,36,38,0h 14m,3
20/3/2026,6:39:12 am,36.09,51.53,1009.27,2.30,942,22,33,38,0h 14m,3
20/3/2026,6:39:27 am,36.15,51.43,1009.26,5.53,870,22,33,35,0h 14m,3
20/3/2026,6:39:41 am,36.17,51.43,1009.27,2.76,874,22,32,33,0h 14m,3
20/3/2026,6:39:56 am,36.19,51.23,1009.27,2.76,837,22,32,34,0h 15m,3
20/3/2026,6:40:11 am,36.25,51.23,1009.27,2.30,887,23,35,36,0h 15m,3
20/3/2026,6:40:26 am,36.23,51.23,1009.30,2.76,851,23,33,36,0h 15m,3
20/3/2026,6:40:42 am,36.23,51.23,1009.29,2.76,898,23,32,34,0h 15m,3
20/3/2026,6:40:56 am,36.27,51.33,1009.32,3.69,883,22,33,37,0h 16m,3
20/3/2026,6:41:12 am,36.23,51.23,1009.29,4.15,923,21,34,36,0h 16m,3
20/3/2026,6:41:27 am,36.20,51.33,1009.27,2.30,886,20,31,36,0h 16m,3
20/3/2026,6:41:42 am,36.23,51.43,1009.35,2.76,836,20,31,35,0h 16m,3
20/3/2026,6:41:56 am,36.23,51.43,1009.29,2.76,846,20,32,34,0h 17m,3
20/3/2026,6:42:11 am,36.23,51.43,1009.30,2.30,919,21,33,38,0h 17m,3
20/3/2026,6:42:26 am,36.23,51.33,1009.36,2.76,893,21,32,37,0h 17m,3
20/3/2026,6:42:42 am,36.28,51.40,1009.35,2.76,896,22,34,39,0h 17m,3
20/3/2026,6:42:57 am,36.29,51.31,1009.35,2.76,897,21,34,37,0h 18m,3
20/3/2026,6:43:12 am,36.29,51.31,1009.34,3.23,913,21,33,36,0h 18m,3
20/3/2026,6:43:27 am,36.31,51.31,1009.36,2.76,928,22,36,38,0h 18m,3
20/3/2026,6:43:42 am,36.32,51.31,1009.35,3.69,853,22,34,38,0h 18m,3
20/3/2026,6:43:57 am,36.32,51.31,1009.35,2.76,919,20,31,35,0h 19m,3
20/3/2026,6:44:12 am,36.34,51.31,1009.33,3.23,904,21,31,35,0h 19m,3
20/3/2026,6:44:26 am,36.34,51.31,1009.34,5.53,962,20,33,37,0h 19m,3
20/3/2026,6:44:41 am,36.34,51.21,1009.36,2.76,888,20,32,36,0h 19m,3
20/3/2026,6:44:57 am,36.32,51.31,1009.34,2.76,965,21,33,37,0h 20m,3
20/3/2026,6:45:11 am,36.29,51.31,1009.38,3.69,896,20,32,37,0h 20m,3
20/3/2026,6:45:27 am,36.28,51.40,1009.38,2.76,946,20,32,36,0h 20m,3
20/3/2026,6:45:42 am,36.27,51.43,1009.43,2.76,903,21,33,36,0h 20m,3
20/3/2026,6:45:57 am,36.23,51.53,1009.40,2.76,951,20,31,34,0h 21m,3
20/3/2026,6:46:12 am,36.25,51.53,1009.43,2.30,923,21,30,33,0h 21m,3
20/3/2026,6:46:27 am,36.27,51.53,1009.42,2.76,945,21,33,36,0h 21m,3
20/3/2026,6:46:42 am,36.22,51.53,1009.40,2.76,866,21,33,36,0h 21m,3
20/3/2026,6:46:57 am,36.23,51.53,1009.42,2.76,953,21,32,36,0h 22m,3
20/3/2026,6:47:12 am,36.23,51.53,1009.45,10.60,910,21,33,36,0h 22m,3
20/3/2026,6:47:26 am,36.27,51.53,1009.43,2.76,945,21,32,33,0h 22m,3
20/3/2026,6:47:42 am,36.28,51.50,1009.44,4.61,898,21,33,37,0h 22m,3
20/3/2026,6:47:57 am,36.28,51.50,1009.44,2.76,961,20,32,36,0h 23m,3
20/3/2026,6:48:12 am,36.19,51.72,1009.44,3.23,904,20,31,35,0h 23m,3
20/3/2026,6:48:42 am,36.19,51.72,1009.44,5.53,908,20,32,35,0h 23m,3
20/3/2026,6:48:56 am,36.19,51.72,1009.45,2.30,987,19,32,37,0h 24m,3
20/3/2026,6:49:12 am,36.16,51.82,1009.44,3.23,924,19,31,36,0h 24m,3
20/3/2026,6:49:27 am,36.17,51.82,1009.45,7.83,991,20,32,37,0h 24m,3
20/3/2026,6:49:42 am,36.20,51.92,1009.43,2.76,926,20,32,36,0h 24m,3
20/3/2026,6:49:56 am,36.17,51.92,1009.43,2.76,974,21,32,35,0h 25m,3
20/3/2026,6:50:11 am,36.22,51.92,1009.46,3.69,951,21,32,33,0h 25m,3
20/3/2026,6:50:27 am,36.25,51.82,1009.43,2.76,979,21,32,32,0h 25m,3
20/3/2026,6:50:42 am,36.27,51.72,1009.45,6.45,950,20,29,31,0h 25m,3
20/3/2026,6:50:57 am,36.28,51.70,1009.50,5.99,1041,21,32,34,0h 26m,3
20/3/2026,6:51:12 am,36.29,51.89,1009.49,3.23,967,21,33,36,0h 26m,3
20/3/2026,6:51:27 am,36.35,51.79,1009.45,3.69,1023,21,33,36,0h 26m,3
20/3/2026,6:51:42 am,36.38,52.19,1009.46,1.38,960,20,32,35,0h 26m,3
20/3/2026,6:51:57 am,36.38,51.79,1009.51,3.23,994,19,30,33,0h 27m,3
20/3/2026,6:52:12 am,36.44,51.50,1009.47,3.23,937,21,33,36,0h 27m,3
20/3/2026,6:52:27 am,36.44,51.40,1009.48,5.07,988,21,32,35,0h 27m,3
20/3/2026,6:52:42 am,36.39,51.50,1009.44,5.07,959,21,31,34,0h 27m,3
20/3/2026,6:52:57 am,36.43,51.50,1009.45,5.07,961,21,32,35,0h 28m,3
20/3/2026,6:53:12 am,36.39,51.50,1009.44,9.22,955,20,31,34,0h 28m,3
20/3/2026,6:53:27 am,36.39,51.60,1009.48,3.69,940,20,31,36,0h 28m,3
20/3/2026,6:53:42 am,36.35,51.60,1009.48,4.15,959,20,32,35,0h 28m,3
20/3/2026,6:53:57 am,36.38,51.60,1009.48,4.61,957,21,33,36,0h 29m,3
20/3/2026,6:54:12 am,36.41,51.60,1009.46,4.15,990,20,31,33,0h 29m,3
20/3/2026,6:54:27 am,36.39,51.60,1009.49,3.69,948,20,32,33,0h 29m,3
20/3/2026,6:54:42 am,36.39,51.60,1009.49,3.23,1016,21,32,34,0h 29m,3
20/3/2026,6:54:57 am,36.38,51.60,1009.49,3.69,926,20,30,32,0h 30m,3
20/3/2026,6:55:12 am,36.38,51.60,1009.51,3.69,999,20,34,36,0h 30m,3
20/3/2026,6:55:27 am,36.44,51.60,1009.44,6.91,950,20,33,35,0h 30m,3
20/3/2026,6:55:42 am,36.43,51.60,1009.50,5.53,986,20,33,36,0h 30m,3
20/3/2026,6:55:57 am,36.43,51.60,1009.47,4.15,937,19,32,35,0h 31m,3
20/3/2026,6:56:12 am,36.43,51.60,1009.50,3.69,1013,20,31,35,0h 31m,3
20/3/2026,6:56:27 am,36.46,51.60,1009.50,4.15,976,20,30,35,0h 31m,3
20/3/2026,6:56:42 am,36.44,51.60,1009.49,4.61,1041,21,30,36,0h 31m,3
20/3/2026,7:07:43 am,29.53,69.06,1009.65,6.45,500,19,47,48,0h 0m,3
20/3/2026,7:07:58 am,30.22,67.77,1009.62,6.45,500,19,38,41,0h 0m,3
20/3/2026,7:08:13 am,30.92,65.61,1009.67,6.45,500,20,39,42,0h 0m,3
20/3/2026,7:08:28 am,31.51,63.88,1009.69,6.45,500,22,39,42,0h 1m,3
20/3/2026,7:08:43 am,32.01,62.35,1009.72,6.45,891,23,39,44,0h 1m,3
20/3/2026,7:08:58 am,32.47,61.02,1009.69,8.76,899,24,39,46,0h 1m,3
20/3/2026,7:09:13 am,32.82,59.88,1009.71,6.45,916,23,37,43,0h 1m,3
20/3/2026,7:09:28 am,33.15,59.07,1009.72,8.76,877,24,38,44,0h 2m,3
20/3/2026,7:09:43 am,33.45,58.36,1009.72,6.91,899,26,41,45,0h 2m,3
20/3/2026,7:09:58 am,33.73,57.64,1009.72,6.45,866,25,37,41,0h 2m,3
20/3/2026,7:10:13 am,33.98,59.08,1009.74,1.38,866,26,39,40,0h 2m,3
20/3/2026,7:10:29 am,34.25,56.51,1009.71,6.91,892,25,39,41,0h 3m,3
20/3/2026,7:10:43 am,34.53,55.77,1009.77,6.91,863,25,40,43,0h 3m,3
20/3/2026,7:10:58 am,34.77,55.16,1009.78,7.37,838,25,38,40,0h 3m,3
20/3/2026,7:11:13 am,34.87,54.58,1009.74,9.68,866,24,36,38,0h 3m,3
20/3/2026,7:11:28 am,35.06,54.26,1009.77,7.83,847,24,35,37,0h 4m,3
20/3/2026,7:11:44 am,35.15,53.97,1009.76,8.29,865,25,35,38,0h 4m,3
20/3/2026,7:11:58 am,35.31,53.75,1009.74,8.76,866,24,37,39,0h 4m,3
20/3/2026,7:12:13 am,35.44,53.45,1009.77,9.22,836,25,39,40,0h 4m,3
20/3/2026,7:12:28 am,35.55,53.04,1009.77,9.68,871,23,38,40,0h 5m,3
20/3/2026,7:12:43 am,35.59,52.84,1009.77,10.14,896,24,40,41,0h 5m,3
20/3/2026,7:12:58 am,35.74,52.65,1009.80,10.60,887,23,37,39,0h 5m,3
20/3/2026,7:13:13 am,35.80,52.43,1009.73,10.60,885,23,37,40,0h 5m,3
20/3/2026,7:13:28 am,35.84,52.23,1009.76,10.60,847,24,39,42,0h 6m,3
20/3/2026,7:13:43 am,35.89,52.14,1009.79,11.06,869,23,39,41,0h 6m,3
20/3/2026,7:13:58 am,35.94,52.04,1009.76,11.06,862,25,39,41,0h 6m,3
20/3/2026,7:14:13 am,35.94,51.94,1009.74,10.60,843,25,38,39,0h 6m,3
20/3/2026,7:14:28 am,36.00,51.94,1009.80,12.90,847,25,37,39,0h 7m,3
20/3/2026,7:14:44 am,35.99,51.84,1009.81,11.52,829,25,38,38,0h 7m,3
20/3/2026,7:14:58 am,36.05,51.72,1009.78,12.44,866,26,39,41,0h 7m,3
20/3/2026,7:15:13 am,36.13,51.62,1009.76,12.90,831,24,38,41,0h 7m,3
20/3/2026,7:15:28 am,36.15,51.62,1009.80,11.98,799,22,38,42,0h 8m,3
20/3/2026,7:15:43 am,36.13,51.53,1009.79,12.90,798,23,36,40,0h 8m,3
20/3/2026,7:15:58 am,36.22,51.43,1009.79,13.82,857,23,37,42,0h 8m,3
20/3/2026,7:16:13 am,36.27,51.43,1009.81,15.21,816,22,35,38,0h 8m,3
20/3/2026,7:16:28 am,36.27,51.33,1009.81,13.36,823,23,39,42,0h 9m,3
20/3/2026,7:16:43 am,36.31,51.31,1009.81,13.36,830,22,40,42,0h 9m,3
20/3/2026,7:16:58 am,36.32,51.11,1009.79,13.82,850,22,40,43,0h 9m,3
20/3/2026,7:17:13 am,36.35,51.01,1009.82,14.28,818,22,37,40,0h 9m,3
20/3/2026,7:17:28 am,36.34,50.92,1009.84,15.21,782,24,37,40,0h 10m,3
20/3/2026,7:17:43 am,36.38,50.92,1009.85,15.21,844,23,35,39,0h 10m,3
20/3/2026,7:17:58 am,36.37,50.92,1009.85,14.75,836,24,39,40,0h 10m,3
20/3/2026,7:18:13 am,36.32,50.92,1009.86,16.13,852,25,38,41,0h 10m,3
20/3/2026,7:18:28 am,36.35,50.92,1009.84,14.75,787,25,37,42,0h 11m,3
20/3/2026,7:18:43 am,36.37,50.82,1009.86,15.21,843,26,37,42,0h 11m,3
20/3/2026,7:18:58 am,36.32,50.82,1009.84,18.89,795,27,39,43,0h 11m,3
20/3/2026,7:19:13 am,36.28,50.92,1009.90,15.67,860,26,40,44,0h 11m,3
20/3/2026,7:19:28 am,36.35,50.92,1009.88,16.13,743,25,40,44,0h 12m,3
20/3/2026,7:19:43 am,36.31,50.73,1009.86,16.13,812,24,40,45,0h 12m,3
20/3/2026,7:19:58 am,36.37,50.73,1009.82,16.13,778,25,40,45,0h 12m,3
20/3/2026,7:20:13 am,36.37,50.63,1009.88,16.13,811,27,42,45,0h 12m,3
20/3/2026,7:20:29 am,36.35,50.63,1009.90,20.74,811,26,42,45,0h 13m,3
20/3/2026,7:20:43 am,36.32,50.63,1009.87,17.05,814,25,38,41,0h 13m,3
20/3/2026,7:20:59 am,36.28,50.73,1009.85,17.51,811,25,39,43,0h 13m,3
20/3/2026,7:21:13 am,36.32,50.73,1009.87,16.59,759,25,38,42,0h 13m,3
20/3/2026,7:21:28 am,36.32,50.63,1009.90,18.89,819,25,39,42,0h 14m,3
20/3/2026,7:21:43 am,36.37,50.73,1009.89,17.51,789,25,41,43,0h 14m,3
20/3/2026,7:21:58 am,36.34,50.63,1009.91,17.51,799,25,43,47,0h 14m,3
20/3/2026,7:22:13 am,36.31,50.73,1009.90,17.97,805,25,42,44,0h 14m,3
20/3/2026,7:22:28 am,36.35,50.73,1009.91,19.81,790,28,43,45,0h 15m,3
20/3/2026,7:22:43 am,36.38,50.63,1009.93,18.43,813,27,40,45,0h 15m,3
20/3/2026,7:22:59 am,36.38,50.53,1009.93,18.89,755,26,40,42,0h 15m,3
20/3/2026,7:23:13 am,36.38,50.53,1009.91,17.97,812,25,42,43,0h 15m,3
20/3/2026,7:23:29 am,36.38,50.53,1009.96,18.43,781,27,44,48,0h 16m,3
20/3/2026,7:23:43 am,36.39,50.53,1009.92,18.89,815,28,44,47,0h 16m,3
20/3/2026,7:23:58 am,36.38,50.53,1009.95,19.81,805,28,43,45,0h 16m,3
20/3/2026,7:24:13 am,36.37,50.53,1009.98,23.50,840,27,44,50,0h 16m,3
20/3/2026,7:24:28 am,36.35,50.63,1009.96,21.66,803,27,42,46,0h 17m,3
20/3/2026,7:24:43 am,36.35,50.63,1009.99,21.20,817,29,43,49,0h 17m,3
20/3/2026,7:24:58 am,36.39,50.53,1010.01,20.74,831,30,46,50,0h 17m,3
20/3/2026,7:25:13 am,36.38,50.53,1010.03,24.88,825,28,45,50,0h 17m,3
20/3/2026,7:25:28 am,36.37,50.53,1010.00,22.12,816,27,43,48,0h 18m,3
20/3/2026,7:25:43 am,36.37,50.53,1010.03,20.74,804,28,44,49,0h 18m,3
20/3/2026,7:25:58 am,36.37,50.53,1010.05,24.42,823,28,41,47,0h 18m,3
20/3/2026,7:26:13 am,36.35,50.53,1010.06,20.74,762,28,40,49,0h 18m,3
20/3/2026,7:26:29 am,36.28,50.53,1010.03,20.74,805,27,41,47,0h 19m,3
20/3/2026,7:26:44 am,36.29,50.63,1010.06,19.81,784,27,44,47,0h 19m,3
20/3/2026,7:26:58 am,36.29,50.73,1010.04,21.20,852,28,43,47,0h 19m,3
20/3/2026,7:27:14 am,36.38,50.53,1010.07,23.04,796,28,40,45,0h 19m,3
20/3/2026,7:27:28 am,36.41,50.43,1010.06,22.12,839,28,40,45,0h 20m,3
20/3/2026,7:27:43 am,36.41,50.34,1010.09,22.58,789,27,41,45,0h 20m,3
20/3/2026,7:27:58 am,36.43,50.34,1010.12,22.58,847,28,44,46,0h 20m,3
20/3/2026,7:28:13 am,36.43,50.43,1010.10,23.50,787,27,43,45,0h 20m,3
20/3/2026,7:28:28 am,36.47,50.34,1010.07,24.42,858,28,43,47,0h 21m,3
20/3/2026,7:28:44 am,36.51,50.21,1010.05,22.58,813,29,45,50,0h 21m,3
20/3/2026,7:28:58 am,36.56,50.21,1010.13,23.50,823,29,45,47,0h 21m,3
20/3/2026,7:29:14 am,36.57,50.12,1010.11,22.12,801,28,41,44,0h 21m,3
20/3/2026,7:29:28 am,36.60,50.02,1010.09,23.04,797,27,45,48,0h 22m,3
20/3/2026,7:29:43 am,36.62,50.02,1010.07,23.96,783,26,41,44,0h 22m,3
20/3/2026,7:29:58 am,36.66,50.02,1010.08,24.88,814,26,41,44,0h 22m,3
20/3/2026,7:30:13 am,36.65,49.92,1010.11,24.42,824,27,42,44,0h 22m,3
20/3/2026,7:30:28 am,36.68,49.82,1010.06,25.80,777,27,42,47,0h 23m,3
20/3/2026,7:30:43 am,36.64,49.82,1010.09,26.27,777,27,43,46,0h 23m,3
20/3/2026,7:30:58 am,36.60,49.82,1010.10,24.88,809,26,44,46,0h 23m,3
20/3/2026,7:31:14 am,36.57,49.92,1010.10,26.73,811,28,45,46,0h 23m,3
20/3/2026,7:31:28 am,36.53,49.92,1010.06,26.27,784,27,43,46,0h 24m,3
20/3/2026,7:31:43 am,36.53,50.02,1010.06,26.27,836,27,44,47,0h 24m,3
20/3/2026,7:31:58 am,36.54,49.92,1010.05,25.80,781,27,44,47,0h 24m,3
20/3/2026,7:32:13 am,36.62,50.02,1010.02,25.34,816,26,43,47,0h 24m,3
20/3/2026,7:32:28 am,36.59,49.82,1010.04,24.88,821,26,43,47,0h 25m,3
20/3/2026,7:32:43 am,36.65,49.82,1010.01,25.34,820,25,43,47,0h 25m,3
20/3/2026,7:32:58 am,36.66,49.82,1010.07,25.34,811,27,40,45,0h 25m,3
20/3/2026,7:33:13 am,36.68,49.82,1010.08,25.34,842,25,42,44,0h 25m,3
20/3/2026,7:33:28 am,36.64,49.82,1010.08,26.73,933,27,44,49,0h 26m,3
20/3/2026,7:33:43 am,36.69,49.73,1010.06,26.27,833,27,41,47,0h 26m,3
20/3/2026,7:33:58 am,36.71,49.92,1010.09,27.19,847,27,41,45,0h 26m,3
20/3/2026,7:34:13 am,36.71,49.73,1010.10,27.19,819,25,43,47,0h 26m,3
20/3/2026,7:34:28 am,36.68,49.63,1010.06,35.02,838,28,45,49,0h 27m,3
20/3/2026,7:34:44 am,36.72,49.82,1010.06,29.03,814,27,46,48,0h 27m,3
20/3/2026,7:34:58 am,36.75,49.73,1010.08,29.03,857,31,47,50,0h 27m,3
20/3/2026,7:35:13 am,36.76,49.63,1010.05,28.11,964,29,46,51,0h 27m,3
20/3/2026,7:35:28 am,36.81,49.51,1010.07,28.11,891,30,45,48,0h 28m,3
20/3/2026,7:35:43 am,36.85,49.61,1010.04,28.11,845,27,43,45,0h 28m,3
20/3/2026,7:35:58 am,36.90,49.41,1010.04,29.03,836,26,41,44,0h 28m,3
20/3/2026,7:36:14 am,36.88,49.41,1010.07,29.49,812,28,44,45,0h 28m,3
20/3/2026,7:36:28 am,36.91,49.51,1010.06,29.49,900,28,43,46,0h 29m,3
20/3/2026,7:36:43 am,36.93,49.41,1010.09,29.49,840,27,43,47,0h 29m,3
20/3/2026,7:36:58 am,36.93,49.41,1010.02,29.49,857,25,42,47,0h 29m,3
20/3/2026,7:37:13 am,36.93,49.41,1010.06,29.49,877,27,44,49,0h 29m,3
20/3/2026,7:37:28 am,36.91,49.41,1010.07,29.49,886,27,43,47,0h 30m,3
20/3/2026,7:37:43 am,36.94,49.41,1010.03,29.95,841,26,42,46,0h 30m,3
20/3/2026,7:37:58 am,36.95,49.41,1010.07,29.95,855,26,42,47,0h 30m,3
20/3/2026,7:38:14 am,36.99,49.51,1010.05,29.95,829,27,45,47,0h 30m,3
20/3/2026,7:38:28 am,36.99,49.41,1010.09,30.41,828,27,45,50,0h 31m,3
20/3/2026,7:38:43 am,37.02,49.51,1010.03,30.87,834,25,42,44,0h 31m,3
20/3/2026,7:38:59 am,37.02,49.41,1010.08,30.87,830,26,42,44,0h 31m,3
20/3/2026,7:39:13 am,37.03,49.32,1010.02,30.41,820,25,41,45,0h 31m,3
20/3/2026,7:39:28 am,37.02,49.41,1010.08,30.87,817,27,41,44,0h 32m,3
20/3/2026,7:39:44 am,37.05,49.39,1010.06,31.33,857,28,40,42,0h 32m,3
20/3/2026,7:39:58 am,37.07,49.49,1010.02,31.80,867,28,39,44,0h 32m,3
20/3/2026,7:40:14 am,37.12,49.29,1010.05,31.33,862,28,39,42,0h 32m,3
20/3/2026,7:40:28 am,37.12,49.39,1010.08,33.18,853,26,39,44,0h 33m,3
20/3/2026,7:40:43 am,37.12,49.39,1010.06,34.10,887,27,40,43,0h 33m,3
20/3/2026,7:40:58 am,37.13,49.29,1010.07,34.10,847,25,42,45,0h 33m,3
20/3/2026,7:41:13 am,37.13,49.29,1010.04,35.94,881,24,41,45,0h 33m,3
20/3/2026,7:41:28 am,37.09,49.39,1010.04,36.40,844,23,39,44,0h 34m,3
20/3/2026,7:41:43 am,37.10,49.39,1010.05,36.40,894,26,41,46,0h 34m,3
20/3/2026,7:41:58 am,37.09,49.39,1010.04,36.86,847,25,41,43,0h 34m,3
20/3/2026,7:42:14 am,37.05,49.49,1010.06,36.86,893,27,42,43,0h 34m,3
20/3/2026,7:42:28 am,36.98,49.61,1010.06,36.40,854,27,40,44,0h 35m,3
20/3/2026,7:42:44 am,36.98,49.71,1010.05,37.79,886,27,41,45,0h 35m,3
20/3/2026,7:42:58 am,37.00,49.61,1010.06,37.79,878,27,41,45,0h 35m,3
20/3/2026,7:43:14 am,37.00,49.71,1010.07,38.25,909,26,42,46,0h 35m,3
20/3/2026,7:43:28 am,37.02,49.71,1010.07,37.79,869,27,42,47,0h 36m,3
20/3/2026,7:43:43 am,37.05,49.58,1010.10,37.79,913,26,42,45,0h 36m,3
20/3/2026,7:43:58 am,37.09,49.58,1010.08,38.25,880,26,38,39,0h 36m,3
20/3/2026,7:44:14 am,37.12,49.49,1010.08,39.17,909,26,37,40,0h 36m,3
20/3/2026,7:44:28 am,37.12,49.49,1010.08,39.63,872,24,38,40,0h 37m,3
20/3/2026,7:44:46 am,37.10,49.58,1010.08,39.63,909,24,37,40,0h 37m,3
20/3/2026,7:44:58 am,37.12,49.68,1010.10,42.85,944,23,38,41,0h 37m,3
20/3/2026,7:45:13 am,37.13,49.49,1010.12,42.85,946,24,39,42,0h 37m,3
20/3/2026,7:45:28 am,37.13,49.49,1010.12,43.32,997,23,40,43,0h 38m,3
20/3/2026,7:45:44 am,37.07,49.49,1010.10,43.78,995,24,40,45,0h 38m,3
20/3/2026,7:45:58 am,37.12,49.49,1010.10,43.32,921,26,42,47,0h 38m,3
20/3/2026,7:46:14 am,37.12,49.49,1010.11,43.78,961,25,41,44,0h 38m,3
20/3/2026,7:46:29 am,37.13,49.77,1010.12,44.24,978,25,40,44,0h 39m,3
20/3/2026,7:46:44 am,37.10,49.49,1010.15,44.24,999,26,40,43,0h 39m,3
20/3/2026,7:46:58 am,37.15,49.49,1010.17,43.78,942,26,39,42,0h 39m,3
20/3/2026,7:47:13 am,37.13,49.49,1010.13,44.24,960,25,41,45,0h 39m,3
20/3/2026,7:47:29 am,37.09,49.49,1010.13,44.70,893,24,40,46,0h 40m,3
20/3/2026,7:47:43 am,37.12,49.49,1010.16,45.16,933,25,38,43,0h 40m,3
20/3/2026,7:47:59 am,37.09,49.58,1010.19,45.16,893,24,40,45,0h 40m,3
20/3/2026,7:48:13 am,37.09,49.49,1010.17,45.16,927,24,37,44,0h 40m,3
20/3/2026,7:48:28 am,37.10,49.49,1010.20,45.62,890,26,40,46,0h 41m,3
20/3/2026,7:48:43 am,37.12,49.58,1010.19,46.08,917,26,39,45,0h 41m,3
20/3/2026,7:48:59 am,37.12,49.49,1010.18,46.54,892,25,41,45,0h 41m,3
20/3/2026,7:49:13 am,37.13,49.49,1010.22,46.54,941,26,40,43,0h 41m,3
20/3/2026,7:49:28 am,37.13,49.49,1010.21,46.08,910,27,42,47,0h 42m,3
20/3/2026,7:49:43 am,37.15,49.39,1010.23,46.08,932,24,38,42,0h 42m,3
20/3/2026,7:49:58 am,37.13,49.39,1010.16,46.54,961,24,38,42,0h 42m,3
20/3/2026,7:50:14 am,37.17,49.39,1010.23,47.00,915,24,38,43,0h 42m,3
20/3/2026,7:50:28 am,37.10,49.39,1010.23,47.00,889,24,41,45,0h 43m,3
20/3/2026,7:50:43 am,37.17,49.39,1010.21,47.00,909,25,42,45,0h 43m,3
20/3/2026,7:50:59 am,37.12,49.49,1010.25,47.00,867,26,41,44,0h 43m,3
20/3/2026,7:51:13 am,37.15,49.49,1010.24,47.00,918,25,40,45,0h 43m,3
20/3/2026,7:51:29 am,37.12,49.39,1010.27,47.46,939,25,40,44,0h 44m,3
20/3/2026,7:51:43 am,37.13,49.39,1010.27,47.00,937,24,41,45,0h 44m,3
20/3/2026,7:51:58 am,37.10,49.49,1010.25,47.00,907,25,41,45,0h 44m,3
20/3/2026,7:52:13 am,37.13,49.49,1010.28,47.46,937,24,39,44,0h 44m,3
20/3/2026,7:52:29 am,37.09,49.49,1010.29,47.46,942,24,40,43,0h 45m,3
20/3/2026,7:52:44 am,37.13,49.39,1010.32,47.00,938,25,41,43,0h 45m,3
20/3/2026,7:52:59 am,37.17,49.39,1010.28,47.46,931,25,40,44,0h 45m,3
20/3/2026,7:53:14 am,37.12,49.49,1010.34,47.46,927,25,41,44,0h 45m,3
20/3/2026,7:53:28 am,37.13,49.49,1010.35,47.46,934,24,41,45,0h 46m,3
20/3/2026,7:53:43 am,37.10,49.49,1010.35,47.46,927,25,40,45,0h 46m,3
20/3/2026,7:54:10 am,37.09,49.68,1010.37,49.77,500,22,36,45,0h 0m,3
20/3/2026,7:54:24 am,37.10,49.58,1010.36,50.23,500,24,41,44,0h 0m,3
20/3/2026,7:54:40 am,37.15,49.58,1010.37,49.77,500,24,39,42,0h 0m,3
20/3/2026,7:54:55 am,37.13,50.94,1010.38,50.23,500,25,39,43,0h 1m,3
20/3/2026,7:55:09 am,36.94,51.93,1010.37,50.23,5000,24,36,37,0h 1m,3
20/3/2026,7:55:39 am,36.93,50.09,1010.41,50.23,500,22,36,42,0h 0m,3
20/3/2026,7:55:54 am,36.87,50.19,1010.42,51.15,500,24,37,46,0h 0m,3
20/3/2026,7:56:09 am,36.91,50.19,1010.44,50.23,500,24,36,44,0h 0m,3
20/3/2026,7:56:24 am,36.87,50.29,1010.44,51.15,500,25,40,43,0h 1m,3
20/3/2026,7:56:39 am,36.90,50.29,1010.40,51.15,1894,25,38,40,0h 1m,3
20/3/2026,7:56:54 am,36.91,50.19,1010.42,51.15,1598,24,38,40,0h 1m,3
20/3/2026,7:57:09 am,36.95,50.19,1010.41,52.07,1332,25,40,43,0h 1m,3
20/3/2026,7:57:24 am,36.94,50.19,1010.37,52.07,1236,25,40,44,0h 2m,3
20/3/2026,7:57:39 am,36.90,50.29,1010.39,52.07,1122,24,37,43,0h 2m,3
20/3/2026,7:57:54 am,36.85,50.29,1010.37,52.07,1080,23,35,37,0h 2m,3
20/3/2026,7:58:09 am,36.90,50.29,1010.41,52.53,1032,24,35,39,0h 2m,3
20/3/2026,7:58:24 am,36.91,50.29,1010.40,52.07,1011,24,36,41,0h 3m,3
20/3/2026,7:58:39 am,36.85,50.29,1010.39,52.07,1007,24,37,41,0h 3m,3
20/3/2026,7:58:54 am,36.85,50.38,1010.41,52.53,991,24,38,42,0h 3m,3
20/3/2026,7:59:09 am,36.90,50.29,1010.46,52.53,917,24,38,42,0h 3m,3
20/3/2026,7:59:24 am,36.73,50.51,1010.35,37.32,968,25,38,43,0h 4m,3
20/3/2026,7:59:39 am,36.43,51.40,1010.37,41.93,1017,25,38,41,0h 4m,3
20/3/2026,7:59:54 am,36.51,51.18,1010.36,42.39,965,24,37,40,0h 4m,3
20/3/2026,8:00:09 am,36.47,51.31,1010.37,47.00,969,23,37,39,0h 4m,3
20/3/2026,8:00:24 am,36.44,51.40,1010.38,46.08,989,23,36,37,0h 5m,3
20/3/2026,8:00:49 am,36.16,51.82,1010.39,45.62,500,23,34,34,0h 0m,3
20/3/2026,8:01:04 am,36.09,52.11,1010.38,45.62,500,24,34,37,0h 0m,3
20/3/2026,8:01:19 am,36.08,52.11,1010.31,45.62,500,25,36,39,0h 0m,3
20/3/2026,8:01:34 am,36.03,52.01,1010.36,46.08,500,24,36,41,0h 1m,3
20/3/2026,8:01:49 am,35.99,52.04,1010.32,46.08,963,25,37,47,0h 1m,3
20/3/2026,8:02:04 am,35.99,52.14,1010.37,46.54,1023,25,40,46,0h 1m,3
20/3/2026,8:02:19 am,35.94,52.14,1010.36,46.54,965,24,40,44,0h 1m,3
20/3/2026,8:02:34 am,36.00,52.04,1010.35,46.54,1000,27,41,46,0h 2m,3
20/3/2026,8:02:49 am,35.92,52.04,1010.37,46.54,1066,25,41,45,0h 2m,3
20/3/2026,8:03:04 am,35.94,51.94,1010.35,46.54,971,26,42,45,0h 2m,3
20/3/2026,8:03:19 am,35.89,52.04,1010.38,47.46,1011,26,39,44,0h 2m,3
20/3/2026,8:03:34 am,35.80,52.04,1010.38,47.00,914,26,41,43,0h 3m,3
20/3/2026,8:03:49 am,35.80,52.04,1010.39,47.92,1132,27,42,44,0h 3m,3
20/3/2026,8:04:04 am,35.85,52.14,1010.38,47.92,961,26,42,46,0h 3m,3
20/3/2026,8:04:19 am,35.92,52.04,1010.42,47.46,972,28,43,48,0h 3m,3
20/3/2026,8:04:34 am,35.84,52.23,1010.41,47.92,918,26,41,48,0h 4m,3
20/3/2026,8:04:49 am,35.90,52.14,1010.36,48.84,973,27,43,46,0h 4m,3
20/3/2026,8:05:04 am,35.84,52.04,1010.39,47.46,935,27,44,49,0h 4m,3
20/3/2026,8:05:19 am,35.87,52.14,1010.44,47.00,955,26,42,46,0h 4m,3
20/3/2026,8:05:34 am,35.75,52.43,1010.44,47.92,962,26,41,44,0h 5m,3
20/3/2026,8:05:49 am,35.77,52.43,1010.42,47.92,929,27,42,47,0h 5m,3
20/3/2026,8:06:04 am,35.77,52.43,1010.44,47.92,982,25,40,47,0h 5m,3
20/3/2026,8:06:19 am,35.68,52.55,1010.46,47.92,924,27,41,44,0h 5m,3
20/3/2026,8:06:34 am,35.75,52.53,1010.41,47.46,991,26,39,43,0h 6m,3
20/3/2026,8:06:49 am,35.71,52.65,1010.44,37.32,947,26,39,44,0h 6m,3
20/3/2026,8:07:04 am,35.81,52.72,1010.46,47.46,976,27,41,46,0h 6m,3
20/3/2026,8:07:19 am,35.84,52.62,1010.45,48.84,979,27,42,47,0h 6m,3
20/3/2026,8:07:34 am,35.87,52.62,1010.46,49.31,1001,25,38,46,0h 7m,3
20/3/2026,8:07:49 am,35.90,52.53,1010.48,47.92,994,25,38,45,0h 7m,3
20/3/2026,8:08:04 am,35.81,52.62,1010.51,48.38,1052,26,40,44,0h 7m,3
20/3/2026,8:08:19 am,35.68,52.65,1010.52,47.92,986,24,38,43,0h 7m,3
20/3/2026,8:08:34 am,35.68,52.84,1010.50,48.38,989,24,38,43,0h 8m,3
20/3/2026,8:08:49 am,35.82,52.62,1010.50,48.38,1008,25,37,44,0h 8m,3
20/3/2026,8:09:04 am,35.85,52.62,1010.48,48.38,988,24,39,43,0h 8m,3
20/3/2026,8:09:19 am,35.85,52.62,1010.49,49.31,998,25,41,45,0h 8m,3
20/3/2026,8:09:34 am,35.94,52.43,1010.55,48.38,984,26,41,46,0h 9m,3
20/3/2026,8:09:49 am,35.94,52.53,1010.53,48.84,1030,26,38,43,0h 9m,3
20/3/2026,8:10:04 am,35.99,52.43,1010.51,49.77,976,24,39,42,0h 9m,3
20/3/2026,8:10:19 am,35.94,52.53,1010.53,49.31,1044,25,39,41,0h 9m,3
20/3/2026,8:10:34 am,35.89,52.62,1010.60,48.84,988,25,38,40,0h 10m,3
20/3/2026,8:10:49 am,35.84,52.82,1010.53,49.77,1049,23,37,42,0h 10m,3
20/3/2026,8:11:04 am,35.92,52.72,1010.58,50.23,1017,23,39,45,0h 10m,3
20/3/2026,8:11:19 am,35.87,52.62,1010.55,50.69,1082,24,40,44,0h 10m,3
20/3/2026,8:11:34 am,35.92,52.82,1010.61,50.23,1025,24,37,43,0h 11m,3
20/3/2026,8:11:49 am,35.96,52.62,1010.61,50.23,1159,24,38,44,0h 11m,3
20/3/2026,8:12:04 am,35.94,52.62,1010.63,51.15,1047,24,38,43,0h 11m,3
20/3/2026,8:12:19 am,35.85,52.82,1010.66,51.15,1060,22,37,40,0h 11m,3
20/3/2026,8:12:34 am,35.78,52.92,1010.65,51.61,1072,22,35,37,0h 12m,3
20/3/2026,8:12:49 am,35.71,53.14,1010.66,51.15,1020,22,36,39,0h 12m,3
20/3/2026,8:13:04 am,35.81,53.01,1010.70,50.23,1085,23,35,40,0h 12m,3
20/3/2026,8:13:19 am,35.80,52.92,1010.66,50.23,1036,24,38,41,0h 12m,3
20/3/2026,8:13:34 am,35.74,53.04,1010.69,51.61,1091,23,36,39,0h 13m,3
20/3/2026,8:13:49 am,35.80,53.01,1010.71,50.69,1026,24,38,44,0h 13m,3
20/3/2026,8:14:04 am,35.80,53.01,1010.73,51.15,1028,25,38,40,0h 13m,3
20/3/2026,8:14:19 am,35.89,52.82,1010.72,52.07,1059,24,38,41,0h 13m,3
20/3/2026,8:14:34 am,35.85,52.82,1010.74,52.07,1094,24,37,41,0h 14m,3
20/3/2026,8:14:49 am,35.82,52.82,1010.77,51.61,1057,24,38,40,0h 14m,3
20/3/2026,8:15:04 am,35.84,52.92,1010.81,18.89,1041,25,39,44,0h 14m,3
20/3/2026,8:15:19 am,35.80,53.01,1010.77,42.85,1079,23,37,41,0h 14m,3
20/3/2026,8:15:44 am,35.41,53.65,1010.67,48.38,500,19,41,51,0h 0m,3
20/3/2026,8:15:59 am,35.18,54.16,1010.67,45.62,500,19,38,45,0h 0m,3
20/3/2026,8:19:35 am,125.00,60.76,1010.72,43.32,500,25,41,49,0h 0m,3
20/3/2026,8:19:50 am,125.00,60.37,1010.75,29.03,500,24,38,42,0h 0m,3
20/3/2026,8:20:05 am,125.00,59.95,1010.76,38.25,500,24,35,41,0h 0m,3
20/3/2026,8:20:20 am,125.00,59.66,1010.82,47.46,5000,24,35,42,0h 1m,3
20/3/2026,8:20:35 am,-7.99,59.46,1010.79,47.92,5000,24,34,40,0h 1m,3
20/3/2026,8:20:50 am,125.00,59.33,1010.80,47.46,5000,23,34,37,0h 1m,3
20/3/2026,8:23:58 am,31.07,65.58,1011.09,49.31,500,26,42,42,0h 0m,3
20/3/2026,8:24:13 am,31.65,64.54,1011.07,49.77,500,24,40,41,0h 0m,3
20/3/2026,8:24:28 am,32.25,62.91,1011.07,49.31,500,23,38,43,0h 0m,3
20/3/2026,8:24:43 am,32.67,61.47,1011.13,48.84,500,24,40,44,0h 1m,3
20/3/2026,8:24:58 am,33.03,60.44,1011.13,48.84,1078,25,39,44,0h 1m,3
20/3/2026,8:25:13 am,33.38,59.43,1011.15,49.31,1084,26,40,44,0h 1m,3
20/3/2026,8:25:28 am,33.68,58.91,1011.16,48.38,1084,26,42,44,0h 1m,3
20/3/2026,8:25:43 am,33.79,58.20,1011.19,48.38,1039,27,44,45,0h 2m,3
20/3/2026,8:25:58 am,34.06,57.68,1011.18,47.92,1077,25,40,46,0h 2m,3
20/3/2026,8:26:13 am,34.22,57.20,1011.18,48.84,1082,24,40,43,0h 2m,3
20/3/2026,8:26:28 am,34.39,56.77,1011.18,48.38,1043,26,41,44,0h 2m,3
20/3/2026,8:26:43 am,34.43,56.58,1011.21,49.77,999,26,42,44,0h 3m,3
20/3/2026,8:26:58 am,34.56,56.26,1011.22,37.79,993,26,40,42,0h 3m,3
20/3/2026,8:27:13 am,34.80,55.85,1011.22,44.70,975,25,39,43,0h 3m,3
20/3/2026,8:27:28 am,34.97,55.46,1011.21,50.23,1045,27,41,44,0h 3m,3
20/3/2026,8:27:43 am,35.03,55.23,1011.22,50.23,1042,26,40,44,0h 4m,3
20/3/2026,8:27:58 am,35.16,54.94,1011.26,50.23,1063,26,41,45,0h 4m,3
20/3/2026,8:28:13 am,35.28,54.72,1011.24,50.23,1060,26,42,46,0h 4m,3
20/3/2026,8:28:28 am,35.28,54.62,1011.24,50.69,1059,27,43,44,0h 4m,3
20/3/2026,8:28:43 am,35.41,54.43,1011.19,51.15,1115,24,39,39,0h 5m,3
20/3/2026,8:28:58 am,35.60,54.01,1011.25,51.61,1070,26,39,39,0h 5m,3
20/3/2026,8:29:13 am,35.70,53.81,1011.25,51.15,1084,26,40,44,0h 5m,3
20/3/2026,8:29:28 am,35.81,53.59,1011.24,52.07,1055,26,43,46,0h 5m,3
20/3/2026,8:29:43 am,35.92,53.40,1011.25,52.53,1039,25,41,43,0h 6m,3
20/3/2026,8:29:58 am,35.87,53.50,1011.27,52.99,1051,27,39,41,0h 6m,3
20/3/2026,8:30:13 am,35.89,53.20,1011.25,53.45,1083,26,36,44,0h 6m,3
20/3/2026,8:30:28 am,35.99,53.20,1011.26,52.07,1088,26,38,46,0h 6m,3
20/3/2026,8:30:43 am,36.01,53.08,1011.28,52.53,1095,26,40,47,0h 7m,3
20/3/2026,8:30:58 am,36.07,52.98,1011.28,52.99,1094,26,38,45,0h 7m,3
20/3/2026,8:31:13 am,36.05,52.98,1011.23,52.07,1064,27,42,48,0h 7m,3
20/3/2026,8:31:28 am,35.97,53.11,1011.29,51.61,1090,26,40,45,0h 7m,3
20/3/2026,8:31:43 am,35.90,53.11,1011.24,53.91,1081,26,39,45,0h 8m,3
20/3/2026,8:31:58 am,36.05,52.98,1011.28,52.99,1116,24,39,42,0h 8m,3
20/3/2026,8:32:13 am,35.99,53.01,1011.29,53.45,1068,25,39,43,0h 8m,3
20/3/2026,8:32:28 am,36.12,52.98,1011.31,52.53,1066,26,40,46,0h 8m,3
20/3/2026,8:32:43 am,36.03,52.98,1011.30,52.07,1077,22,38,45,0h 9m,3
20/3/2026,8:32:58 am,36.15,52.79,1011.30,52.53,1079,24,40,45,0h 9m,3
20/3/2026,8:33:13 am,36.13,52.89,1011.29,52.53,1086,26,42,46,0h 9m,3
20/3/2026,8:33:28 am,35.99,53.11,1011.32,52.53,1146,26,40,41,0h 9m,3
20/3/2026,8:33:43 am,36.03,53.08,1011.33,52.07,1106,26,38,44,0h 10m,3
20/3/2026,8:33:58 am,36.13,52.89,1011.35,53.91,1083,27,39,45,0h 10m,3
20/3/2026,8:34:13 am,36.07,52.98,1011.35,52.07,1113,26,40,45,0h 10m,3
20/3/2026,8:34:28 am,36.15,52.89,1011.30,55.76,1091,24,38,46,0h 10m,3
20/3/2026,8:34:43 am,36.15,52.89,1011.32,53.91,1110,26,39,43,0h 11m,3
20/3/2026,8:34:58 am,36.20,52.79,1011.36,56.22,1076,26,39,43,0h 11m,3
20/3/2026,8:35:13 am,36.27,52.59,1011.31,57.14,1084,27,39,43,0h 11m,3
20/3/2026,8:35:28 am,36.37,52.28,1011.35,55.76,1089,27,41,43,0h 11m,3
20/3/2026,8:35:43 am,36.29,52.37,1011.32,54.84,1106,26,42,47,0h 12m,3
20/3/2026,8:35:58 am,36.25,52.50,1011.35,57.60,1073,25,39,42,0h 12m,3
20/3/2026,8:36:13 am,36.27,52.40,1011.39,58.06,1089,24,39,41,0h 12m,3
20/3/2026,8:36:28 am,36.05,52.59,1011.37,57.14,1108,24,38,40,0h 12m,3
20/3/2026,8:36:43 am,36.01,52.69,1011.33,57.14,1077,24,39,41,0h 13m,3
20/3/2026,8:36:58 am,35.99,52.82,1011.36,57.14,1089,27,44,44,0h 13m,3
20/3/2026,8:37:13 am,35.85,53.11,1011.37,57.60,1031,26,41,46,0h 13m,3
20/3/2026,8:37:28 am,35.89,52.92,1011.36,57.60,1057,27,40,46,0h 13m,3
20/3/2026,8:37:43 am,35.84,53.01,1011.35,58.06,1043,26,40,46,0h 14m,3
20/3/2026,8:37:58 am,35.99,52.82,1011.37,57.60,1030,26,39,45,0h 14m,3
20/3/2026,8:38:13 am,36.05,52.40,1011.38,56.68,1039,28,39,44,0h 14m,3
20/3/2026,8:38:28 am,36.16,52.31,1011.42,57.60,1022,28,41,46,0h 14m,3
20/3/2026,8:38:43 am,36.20,52.21,1011.40,58.98,1016,27,43,49,0h 15m,3
20/3/2026,8:38:58 am,36.31,51.99,1011.39,57.60,995,27,44,48,0h 15m,3
20/3/2026,8:39:13 am,36.28,51.89,1011.43,57.14,1024,27,45,49,0h 15m,3
20/3/2026,8:39:28 am,36.32,51.79,1011.42,58.06,990,28,46,50,0h 15m,3
20/3/2026,8:39:43 am,36.34,51.70,1011.42,56.68,991,29,45,48,0h 16m,3
20/3/2026,8:39:58 am,36.44,51.60,1011.45,53.45,974,29,45,50,0h 16m,3
20/3/2026,8:40:13 am,36.41,51.79,1011.40,55.30,975,28,43,48,0h 16m,3
20/3/2026,8:40:28 am,36.35,51.79,1011.44,58.98,984,28,43,48,0h 16m,3
20/3/2026,8:40:43 am,36.16,51.92,1011.46,55.30,945,26,41,45,0h 17m,3
20/3/2026,8:40:58 am,36.05,52.21,1011.46,55.76,984,28,42,43,0h 17m,3
20/3/2026,8:41:13 am,36.09,52.31,1011.44,58.52,962,28,44,48,0h 17m,3
20/3/2026,8:41:28 am,35.99,52.43,1011.48,59.90,948,28,43,48,0h 17m,3
20/3/2026,8:41:43 am,36.09,52.50,1011.49,56.68,959,29,42,46,0h 18m,3
20/3/2026,8:41:58 am,35.99,52.43,1011.46,57.14,985,29,42,44,0h 18m,3
20/3/2026,8:42:13 am,35.96,52.62,1011.46,56.68,957,30,43,49,0h 18m,3
20/3/2026,8:42:28 am,35.96,52.72,1011.48,47.92,974,29,42,47,0h 18m,3
20/3/2026,8:42:43 am,35.99,52.62,1011.48,59.90,1016,29,42,49,0h 19m,3
20/3/2026,8:42:58 am,35.97,52.53,1011.49,60.83,1007,27,41,50,0h 19m,3
20/3/2026,8:43:13 am,36.01,52.40,1011.49,56.22,964,29,43,51,0h 19m,3
20/3/2026,8:43:28 am,36.00,52.43,1011.50,58.06,979,27,42,49,0h 19m,3
20/3/2026,8:43:43 am,35.96,52.43,1011.53,60.36,959,27,42,47,0h 20m,3
20/3/2026,8:43:58 am,36.07,52.31,1011.50,60.83,949,27,42,46,0h 20m,3
20/3/2026,8:44:13 am,36.12,52.31,1011.54,61.29,972,26,41,45,0h 20m,3
20/3/2026,8:44:28 am,35.93,52.43,1011.51,58.98,967,28,41,46,0h 20m,3
20/3/2026,8:44:43 am,35.89,52.53,1011.52,56.68,978,28,43,48,0h 21m,3
20/3/2026,8:44:58 am,35.84,52.62,1011.51,60.36,943,28,43,45,0h 21m,3
20/3/2026,8:45:13 am,35.74,52.84,1011.57,67.74,957,28,44,44,0h 21m,3
20/3/2026,8:45:28 am,35.89,52.72,1011.55,65.43,937,26,41,42,0h 21m,3
20/3/2026,8:45:43 am,35.90,52.62,1011.54,58.06,960,26,40,43,0h 22m,3
20/3/2026,8:45:58 am,35.89,52.72,1011.57,55.30,947,26,42,47,0h 22m,3
20/3/2026,8:46:13 am,35.90,52.72,1011.58,57.60,965,25,40,43,0h 22m,3
20/3/2026,8:46:28 am,35.92,52.62,1011.60,58.06,980,27,42,45,0h 22m,3
20/3/2026,8:46:43 am,35.82,52.72,1011.54,57.14,968,26,42,45,0h 23m,3
20/3/2026,8:46:58 am,35.82,52.82,1011.55,58.98,1003,26,41,43,0h 23m,3
20/3/2026,8:47:13 am,35.84,52.92,1011.61,57.60,973,26,41,44,0h 23m,3
20/3/2026,8:47:28 am,35.90,52.82,1011.56,53.91,1003,24,40,46,0h 23m,3
20/3/2026,8:47:43 am,35.81,52.92,1011.58,55.30,965,26,41,45,0h 24m,3
20/3/2026,8:47:58 am,35.90,52.82,1011.59,57.14,990,26,42,42,0h 24m,3
20/3/2026,8:48:13 am,35.89,52.82,1011.58,58.06,979,26,42,43,0h 24m,3
20/3/2026,8:48:28 am,35.99,52.72,1011.59,58.98,994,25,40,42,0h 24m,3
20/3/2026,8:48:43 am,35.90,52.72,1011.57,54.37,996,25,42,44,0h 25m,3
20/3/2026,8:48:58 am,35.78,52.92,1011.60,58.06,994,24,39,40,0h 25m,3
20/3/2026,8:49:13 am,35.81,52.92,1011.60,56.68,974,23,37,40,0h 25m,3
20/3/2026,8:49:28 am,35.85,52.82,1011.63,57.60,1004,24,37,44,0h 25m,3
20/3/2026,8:49:43 am,35.89,52.82,1011.60,52.99,993,23,39,43,0h 26m,3
20/3/2026,8:49:58 am,35.81,52.92,1011.62,55.30,990,24,39,45,0h 26m,3
20/3/2026,8:50:13 am,35.85,52.82,1011.61,57.60,989,24,39,44,0h 26m,3
20/3/2026,8:50:28 am,35.93,52.72,1011.67,57.60,1006,24,40,42,0h 26m,3
20/3/2026,8:50:43 am,35.96,52.72,1011.65,55.76,989,25,39,41,0h 27m,3
20/3/2026,8:50:58 am,35.87,52.92,1011.66,52.07,1025,25,39,43,0h 27m,3
20/3/2026,8:51:13 am,35.89,52.92,1011.67,52.99,1027,25,38,43,0h 27m,3
20/3/2026,8:51:28 am,35.85,52.72,1011.61,55.30,1002,25,36,43,0h 27m,3
20/3/2026,8:51:43 am,35.84,52.72,1011.65,56.68,1012,24,37,41,0h 28m,3
20/3/2026,8:51:58 am,35.82,52.82,1011.65,53.45,986,24,38,43,0h 28m,3
20/3/2026,8:52:13 am,35.92,52.62,1011.69,57.60,1024,24,38,45,0h 28m,3
20/3/2026,8:52:28 am,35.99,52.43,1011.71,52.99,975,25,40,45,0h 28m,3
20/3/2026,8:52:43 am,35.97,52.43,1011.70,58.06,995,27,41,49,0h 29m,3
20/3/2026,8:52:58 am,36.05,52.31,1011.76,57.60,997,26,42,48,0h 29m,3
20/3/2026,8:53:13 am,36.08,52.31,1011.77,58.06,982,27,43,46,0h 29m,3
20/3/2026,8:53:28 am,36.15,52.21,1011.74,57.14,961,27,42,47,0h 29m,3
20/3/2026,8:53:43 am,36.13,53.18,1011.81,51.15,980,27,40,46,0h 30m,3
20/3/2026,8:53:58 am,36.16,52.31,1011.76,52.07,960,26,42,44,0h 30m,3
20/3/2026,8:54:13 am,36.19,52.01,1011.75,53.91,969,27,42,44,0h 30m,3
20/3/2026,8:54:28 am,36.16,52.11,1011.81,56.68,962,25,41,44,0h 30m,3
20/3/2026,8:54:43 am,36.07,52.31,1011.75,56.22,934,25,39,44,0h 31m,3
20/3/2026,8:54:58 am,36.17,52.21,1011.85,56.22,950,27,41,44,0h 31m,3
20/3/2026,8:55:13 am,36.20,52.11,1011.83,54.84,967,27,39,43,0h 31m,3
20/3/2026,8:55:28 am,36.20,52.11,1011.85,56.22,978,27,38,46,0h 31m,3
20/3/2026,8:55:43 am,36.25,52.11,1011.86,55.76,981,26,39,45,0h 32m,3
20/3/2026,8:55:58 am,36.25,52.11,1011.83,56.22,981,27,39,43,0h 32m,3
20/3/2026,8:56:13 am,36.28,51.99,1011.82,57.14,957,27,40,44,0h 32m,3
20/3/2026,8:56:28 am,36.28,51.99,1011.84,56.22,991,27,41,45,0h 32m,3
20/3/2026,8:56:43 am,36.25,52.11,1011.88,51.15,979,27,45,46,0h 33m,3
20/3/2026,8:56:58 am,36.17,52.40,1011.89,56.22,991,27,42,44,0h 33m,3
20/3/2026,8:57:13 am,36.31,52.09,1011.87,52.53,977,26,41,43,0h 33m,3
20/3/2026,8:57:28 am,36.29,51.99,1011.89,52.53,969,25,42,43,0h 33m,3
20/3/2026,8:57:43 am,36.23,52.21,1011.83,57.14,999,26,42,44,0h 34m,3
20/3/2026,8:57:58 am,36.27,52.11,1011.90,57.60,975,27,43,46,0h 34m,3
20/3/2026,8:58:13 am,36.22,52.21,1011.88,56.22,984,27,42,46,0h 34m,3
20/3/2026,8:58:28 am,36.25,52.31,1011.86,56.68,976,26,38,41,0h 34m,3
20/3/2026,8:58:43 am,36.32,52.19,1011.91,53.91,1015,27,39,42,0h 35m,3
20/3/2026,8:58:58 am,36.25,52.31,1011.87,57.14,988,27,41,45,0h 35m,3
20/3/2026,8:59:13 am,36.27,52.31,1011.91,56.22,1035,26,38,44,0h 35m,3
20/3/2026,8:59:28 am,36.31,52.09,1011.89,56.68,991,24,37,40,0h 35m,3
20/3/2026,8:59:43 am,36.38,52.09,1011.87,56.68,992,24,38,42,0h 36m,3
20/3/2026,8:59:58 am,36.27,52.21,1011.90,55.76,1017,25,39,42,0h 36m,3
20/3/2026,9:00:13 am,36.16,52.50,1011.85,58.52,979,24,39,40,0h 36m,3
20/3/2026,9:00:28 am,36.19,52.59,1011.91,54.37,1000,25,38,42,0h 36m,3
20/3/2026,9:00:43 am,36.22,52.50,1011.84,50.23,992,24,36,39,0h 37m,3
20/3/2026,9:00:58 am,36.16,52.59,1011.83,56.68,1029,24,37,38,0h 37m,3
20/3/2026,9:01:13 am,36.07,52.89,1011.86,57.14,992,25,37,44,0h 37m,3
20/3/2026,9:01:28 am,36.08,52.89,1011.90,57.14,1016,25,37,41,0h 37m,3
20/3/2026,9:01:43 am,36.23,52.69,1011.91,57.14,1020,23,36,41,0h 38m,3
20/3/2026,9:01:58 am,36.28,52.47,1011.87,57.14,1013,23,38,41,0h 38m,3
20/3/2026,9:02:13 am,36.31,52.37,1011.87,56.22,1048,23,36,38,0h 38m,3
20/3/2026,9:02:28 am,36.31,52.47,1011.89,54.84,997,23,38,41,0h 38m,3
20/3/2026,9:02:43 am,36.25,52.50,1011.91,56.22,1047,24,37,42,0h 39m,3
20/3/2026,9:02:58 am,36.13,52.59,1011.87,57.14,1007,24,37,41,0h 39m,3
20/3/2026,9:03:13 am,36.19,52.69,1011.91,54.84,1017,24,39,40,0h 39m,3
20/3/2026,9:03:28 am,36.16,52.69,1011.90,56.22,964,24,37,41,0h 39m,3
20/3/2026,9:03:43 am,36.15,52.69,1011.93,55.30,998,23,37,41,0h 40m,3
20/3/2026,9:03:58 am,36.22,52.69,1011.92,58.06,1023,23,37,41,0h 40m,3
20/3/2026,9:04:13 am,36.03,52.79,1011.91,55.30,985,23,37,40,0h 40m,3
20/3/2026,9:04:28 am,36.17,52.79,1011.89,57.60,1048,24,38,41,0h 40m,3
20/3/2026,9:04:43 am,36.13,52.69,1011.91,57.60,1023,24,38,40,0h 41m,3
20/3/2026,9:04:58 am,36.15,52.79,1011.95,55.76,1018,25,38,41,0h 41m,3
20/3/2026,9:05:13 am,36.07,52.79,1011.92,55.76,1004,25,39,41,0h 41m,3
20/3/2026,9:05:28 am,36.09,52.89,1011.91,56.22,1031,23,38,40,0h 41m,3
20/3/2026,9:05:43 am,36.09,52.89,1011.95,54.84,1042,24,40,40,0h 42m,3
20/3/2026,9:05:58 am,36.07,52.89,1011.91,55.30,1002,22,37,38,0h 42m,3
20/3/2026,9:06:13 am,36.13,52.89,1011.93,54.37,1102,22,36,39,0h 42m,3
20/3/2026,9:06:28 am,36.17,52.79,1011.96,55.76,1010,25,36,38,0h 42m,3
20/3/2026,9:06:43 am,36.16,52.79,1011.94,55.30,1008,23,36,40,0h 43m,3
20/3/2026,9:06:58 am,36.12,52.89,1011.93,54.37,996,25,37,40,0h 43m,3
20/3/2026,9:07:13 am,36.01,52.79,1011.94,54.84,1005,23,36,40,0h 43m,3
20/3/2026,9:07:28 am,36.13,52.89,1011.94,55.76,1027,23,35,44,0h 43m,3
20/3/2026,9:07:43 am,35.92,53.11,1011.96,53.91,991,22,34,43,0h 44m,3
20/3/2026,9:07:58 am,35.96,53.20,1011.94,55.76,1012,23,36,40,0h 44m,3
20/3/2026,9:08:13 am,36.03,53.18,1011.92,56.22,999,22,33,37,0h 44m,3
20/3/2026,9:08:28 am,35.99,53.20,1011.92,54.37,1004,23,36,38,0h 44m,3
20/3/2026,9:08:43 am,36.05,52.98,1011.91,58.98,1006,24,38,40,0h 45m,3
20/3/2026,9:08:58 am,35.94,53.20,1011.92,56.68,1024,23,37,40,0h 45m,3
20/3/2026,9:09:13 am,35.94,53.11,1011.92,55.76,1011,23,36,37,0h 45m,3
20/3/2026,9:09:28 am,35.89,53.50,1011.91,56.22,1015,22,34,38,0h 45m,3
20/3/2026,9:09:43 am,35.92,53.30,1011.90,57.60,1020,24,36,38,0h 46m,3
20/3/2026,9:09:58 am,35.84,53.40,1011.90,57.60,989,24,37,38,0h 46m,3
20/3/2026,9:10:13 am,35.92,53.30,1011.91,55.76,1021,24,40,43,0h 46m,3
20/3/2026,9:10:29 am,35.84,53.40,1011.93,55.30,991,24,38,42,0h 46m,3
20/3/2026,9:10:43 am,35.89,53.40,1011.88,55.30,1027,26,39,42,0h 47m,3
20/3/2026,9:10:58 am,35.93,53.30,1011.89,55.76,1000,26,39,41,0h 47m,3
20/3/2026,9:11:13 am,35.97,53.30,1011.86,56.68,1024,24,35,38,0h 47m,3
20/3/2026,9:11:28 am,35.94,53.30,1011.90,54.37,1025,23,34,39,0h 47m,3
20/3/2026,9:11:43 am,36.08,53.18,1011.92,53.91,997,24,35,40,0h 48m,3
20/3/2026,9:11:58 am,35.99,53.20,1011.92,55.76,1022,24,35,41,0h 48m,3
20/3/2026,9:12:13 am,36.03,53.18,1011.91,55.76,994,23,35,40,0h 48m,3
20/3/2026,9:12:28 am,35.97,53.40,1011.93,53.91,1027,23,35,40,0h 48m,3
20/3/2026,9:12:43 am,36.05,53.28,1011.88,53.91,989,24,34,38,0h 49m,3
20/3/2026,9:12:58 am,36.15,53.08,1011.93,54.37,1037,24,36,43,0h 49m,3
20/3/2026,9:13:13 am,36.08,53.08,1011.90,53.45,1011,22,34,40,0h 49m,3
20/3/2026,9:13:28 am,36.17,52.98,1011.88,52.99,1012,22,35,39,0h 49m,3
20/3/2026,9:13:43 am,36.20,52.98,1011.92,53.91,1004,24,38,40,0h 50m,3
20/3/2026,9:13:58 am,36.19,52.98,1011.88,54.37,1007,24,35,38,0h 50m,3
20/3/2026,9:14:13 am,36.13,53.08,1011.94,53.45,1012,24,35,38,0h 50m,3
20/3/2026,9:14:28 am,36.12,53.18,1011.92,58.06,993,25,36,39,0h 50m,3
20/3/2026,9:14:43 am,35.94,53.40,1011.95,52.99,983,25,39,43,0h 51m,3
20/3/2026,9:14:58 am,35.97,53.30,1011.94,53.45,994,23,39,41,0h 51m,3
20/3/2026,9:15:13 am,36.12,53.18,1011.93,56.22,1000,24,39,41,0h 51m,3
20/3/2026,9:15:28 am,36.19,52.98,1011.95,55.30,1042,25,36,39,0h 51m,3
20/3/2026,9:15:43 am,36.22,52.89,1011.94,54.84,963,25,36,39,0h 52m,3
20/3/2026,9:15:58 am,36.31,52.76,1011.96,54.37,991,24,36,37,0h 52m,3
20/3/2026,9:16:13 am,36.28,52.76,1011.97,53.91,990,23,36,37,0h 52m,3
20/3/2026,9:16:28 am,36.12,53.18,1011.95,55.76,1022,23,38,39,0h 52m,3
20/3/2026,9:16:43 am,36.15,52.98,1011.98,56.68,1003,21,35,39,0h 53m,3
20/3/2026,9:16:58 am,36.13,53.08,1011.97,53.45,1013,22,33,39,0h 53m,3
20/3/2026,9:17:13 am,36.09,52.98,1011.98,57.60,1038,23,36,41,0h 53m,3
20/3/2026,9:17:28 am,36.20,52.89,1011.97,55.30,1005,23,36,40,0h 53m,3
20/3/2026,9:17:43 am,36.25,52.89,1012.02,54.37,995,22,36,42,0h 54m,3
20/3/2026,9:17:58 am,36.37,52.67,1012.01,57.14,1089,25,37,40,0h 54m,3
20/3/2026,9:18:13 am,36.43,52.57,1011.98,54.84,1031,23,36,40,0h 54m,3
20/3/2026,9:18:28 am,36.41,52.57,1012.00,52.53,958,22,34,40,0h 54m,3
20/3/2026,9:18:43 am,36.41,52.47,1012.01,53.91,1001,23,33,39,0h 55m,3
20/3/2026,9:18:58 am,36.37,52.67,1011.98,52.99,955,23,36,40,0h 55m,3
20/3/2026,9:19:13 am,36.23,52.79,1012.00,53.45,986,23,35,40,0h 55m,3
20/3/2026,9:19:28 am,36.17,52.89,1011.98,52.53,975,23,34,41,0h 55m,3
20/3/2026,9:19:43 am,36.23,52.89,1011.99,51.61,973,25,36,39,0h 56m,3
20/3/2026,9:19:58 am,36.17,52.98,1011.97,50.69,986,24,35,39,0h 56m,3
20/3/2026,9:20:13 am,36.19,52.98,1011.98,52.99,1031,23,34,37,0h 56m,3
20/3/2026,9:20:28 am,36.25,52.98,1012.02,52.99,995,21,33,35,0h 56m,3
20/3/2026,9:20:43 am,36.23,52.89,1012.00,52.53,986,21,34,37,0h 57m,3
20/3/2026,9:20:58 am,36.15,53.08,1012.02,52.07,992,21,35,38,0h 57m,3
20/3/2026,9:21:13 am,36.12,53.18,1012.01,52.07,987,22,37,38,0h 57m,3
20/3/2026,9:21:28 am,36.19,53.18,1011.96,51.15,1007,23,35,37,0h 57m,3
20/3/2026,9:21:43 am,36.20,52.98,1012.02,51.61,1001,22,37,38,0h 58m,3
20/3/2026,9:21:58 am,36.20,53.18,1011.96,54.84,999,24,36,39,0h 58m,3
20/3/2026,9:22:13 am,36.27,53.08,1011.96,51.61,1031,24,36,38,0h 58m,3
20/3/2026,9:22:28 am,36.23,53.08,1012.01,51.61,992,25,40,42,0h 58m,3
20/3/2026,9:22:43 am,36.19,53.18,1011.97,50.69,1006,26,39,41,0h 59m,3
20/3/2026,9:22:58 am,36.20,53.08,1012.04,50.69,948,25,40,41,0h 59m,3
20/3/2026,9:23:13 am,36.23,53.08,1012.01,50.69,981,25,41,42,0h 59m,3
20/3/2026,9:23:28 am,36.17,53.08,1011.98,50.23,986,24,38,39,0h 59m,3
20/3/2026,9:23:43 am,36.29,53.06,1012.01,49.31,993,23,36,40,1h 0m,3
20/3/2026,9:23:58 am,36.19,53.18,1012.01,49.77,1001,23,37,39,1h 0m,3
20/3/2026,9:24:13 am,36.13,53.28,1012.02,49.31,998,22,39,40,1h 0m,3
20/3/2026,9:24:28 am,36.13,53.28,1011.98,50.69,1009,23,40,42,1h 0m,3
20/3/2026,9:24:43 am,36.07,53.38,1012.01,51.61,996,23,40,42,1h 1m,3
20/3/2026,9:24:58 am,36.08,53.28,1011.98,50.23,1027,24,39,42,1h 1m,3
20/3/2026,9:25:13 am,36.15,53.38,1011.99,51.61,1010,25,40,43,1h 1m,3
20/3/2026,9:25:28 am,36.12,53.18,1011.99,49.77,992,25,37,40,1h 1m,3
20/3/2026,9:25:43 am,36.13,53.28,1012.02,48.38,1018,24,37,39,1h 2m,3
20/3/2026,9:25:58 am,36.28,53.06,1012.01,48.84,955,23,37,40,1h 2m,3
20/3/2026,9:26:13 am,36.17,53.08,1012.04,48.84,998,23,37,38,1h 2m,3
20/3/2026,9:26:28 am,36.15,53.18,1012.06,48.84,1007,21,35,37,1h 2m,3
20/3/2026,9:26:43 am,36.23,53.18,1012.03,50.23,992,23,37,40,1h 3m,3
20/3/2026,9:26:58 am,36.17,53.28,1012.04,49.77,1027,25,37,42,1h 3m,3
20/3/2026,9:27:13 am,36.16,53.38,1011.98,47.92,997,24,36,40,1h 3m,3
20/3/2026,9:27:28 am,36.17,53.18,1011.97,47.92,1014,25,36,41,1h 3m,3
20/3/2026,9:27:43 am,36.08,53.47,1011.96,52.53,1018,26,37,40,1h 4m,3
20/3/2026,9:27:58 am,36.07,53.47,1012.01,49.31,987,26,38,42,1h 4m,3
20/3/2026,9:28:13 am,36.09,53.47,1011.97,51.15,1012,26,37,42,1h 4m,3
20/3/2026,9:28:28 am,36.13,53.38,1011.99,48.84,985,25,36,42,1h 4m,3
20/3/2026,9:28:43 am,36.17,53.38,1011.96,48.84,982,24,35,39,1h 5m,3
20/3/2026,9:28:58 am,36.09,53.47,1011.97,48.84,987,24,37,39,1h 5m,3
20/3/2026,9:29:13 am,36.05,53.38,1011.97,49.31,958,24,39,41,1h 5m,3
20/3/2026,9:29:28 am,36.15,53.38,1012.01,50.23,958,23,38,40,1h 5m,3
20/3/2026,9:29:43 am,36.17,53.38,1011.96,51.61,992,22,38,41,1h 6m,3
20/3/2026,9:29:58 am,36.13,53.38,1011.98,48.38,989,23,36,39,1h 6m,3
20/3/2026,9:30:13 am,36.17,53.38,1011.96,47.92,981,26,38,43,1h 6m,3
20/3/2026,9:30:28 am,36.07,53.47,1011.99,47.46,983,24,36,39,1h 6m,3
20/3/2026,9:30:43 am,36.13,53.38,1011.99,47.00,972,24,38,41,1h 7m,3
20/3/2026,9:30:58 am,36.17,53.28,1011.98,48.84,979,24,36,39,1h 7m,3
20/3/2026,9:31:13 am,36.07,53.38,1011.92,48.38,995,24,37,40,1h 7m,3
20/3/2026,9:31:28 am,36.03,53.38,1012.00,47.00,968,24,37,41,1h 7m,3
20/3/2026,9:31:43 am,35.97,53.50,1011.96,47.46,975,27,39,42,1h 8m,3
20/3/2026,9:31:58 am,36.08,53.38,1011.99,48.38,974,26,41,44,1h 8m,3
20/3/2026,9:32:13 am,36.08,53.38,1011.96,47.92,976,25,39,44,1h 8m,3
20/3/2026,9:32:28 am,36.05,53.28,1012.01,48.84,977,27,38,42,1h 8m,3
20/3/2026,9:32:44 am,36.09,53.28,1011.99,47.92,971,25,37,38,1h 9m,3
20/3/2026,9:32:58 am,36.16,53.08,1012.00,48.84,980,24,38,40,1h 9m,3
20/3/2026,9:33:13 am,36.27,52.89,1012.00,48.38,960,23,38,38,1h 9m,3
20/3/2026,9:33:28 am,36.07,53.08,1012.00,47.46,986,22,37,39,1h 9m,3
20/3/2026,9:33:43 am,36.00,53.30,1011.98,45.62,974,23,39,43,1h 10m,3
20/3/2026,9:33:58 am,36.19,53.18,1011.96,48.38,961,22,36,41,1h 10m,3
20/3/2026,9:34:13 am,36.13,53.08,1011.97,45.16,965,23,37,40,1h 10m,3
20/3/2026,9:34:28 am,36.09,53.28,1011.97,45.16,961,23,37,43,1h 10m,3
20/3/2026,9:34:43 am,36.13,53.18,1011.98,44.70,980,22,36,42,1h 11m,3
20/3/2026,9:34:58 am,35.99,53.20,1011.99,45.62,976,22,35,41,1h 11m,3
20/3/2026,9:35:13 am,36.12,53.28,1011.96,45.62,1022,23,36,39,1h 11m,3
20/3/2026,9:35:28 am,36.07,53.28,1012.03,45.16,986,25,37,41,1h 11m,3
20/3/2026,9:35:43 am,35.94,53.30,1011.99,45.16,1002,23,37,41,1h 12m,3
20/3/2026,9:35:58 am,36.05,53.38,1011.97,43.78,979,25,37,41,1h 12m,3
20/3/2026,9:36:28 am,36.05,53.18,1011.98,44.24,971,25,38,39,1h 12m,3
20/3/2026,9:36:43 am,36.22,52.98,1011.94,47.92,991,25,37,39,1h 13m,3
20/3/2026,9:36:58 am,36.20,53.08,1011.92,44.24,995,24,36,38,1h 13m,3
20/3/2026,9:37:13 am,36.15,53.08,1011.92,44.70,989,24,40,41,1h 13m,3
20/3/2026,9:37:28 am,36.19,53.08,1011.90,44.24,999,24,37,39,1h 13m,3
20/3/2026,9:37:43 am,36.08,52.98,1011.93,43.78,967,23,35,39,1h 14m,3
20/3/2026,9:37:58 am,36.15,53.18,1011.95,42.85,1034,22,33,37,1h 14m,3
20/3/2026,9:38:13 am,36.12,53.28,1011.93,43.78,988,24,36,39,1h 14m,3
20/3/2026,9:38:28 am,36.05,53.28,1011.95,44.24,998,24,36,41,1h 14m,3
20/3/2026,9:38:43 am,35.97,53.40,1011.96,44.24,985,25,37,39,1h 15m,3
20/3/2026,9:38:58 am,35.90,53.59,1011.91,44.24,979,24,36,40,1h 15m,3
20/3/2026,9:39:13 am,35.89,53.69,1011.92,43.32,998,25,36,40,1h 15m,3
20/3/2026,9:39:28 am,35.90,53.59,1011.95,42.85,970,24,34,36,1h 15m,3
20/3/2026,9:39:43 am,35.90,53.69,1011.98,44.70,989,24,36,39,1h 16m,3
20/3/2026,9:39:58 am,36.03,53.47,1011.92,44.24,974,24,38,40,1h 16m,3
20/3/2026,9:40:13 am,36.03,53.38,1011.95,42.39,992,24,38,42,1h 16m,3
20/3/2026,9:40:28 am,36.00,53.40,1011.92,43.78,994,25,38,45,1h 16m,3
20/3/2026,9:40:43 am,35.90,53.40,1011.94,46.08,990,23,35,42,1h 17m,3
20/3/2026,9:40:58 am,36.03,53.38,1011.94,42.39,998,23,35,38,1h 17m,3
20/3/2026,9:41:13 am,36.03,53.28,1011.94,42.39,943,22,36,39,1h 17m,3
20/3/2026,9:41:28 am,36.00,53.40,1011.93,42.39,987,23,38,40,1h 17m,3
20/3/2026,9:41:43 am,36.00,53.30,1011.92,43.32,981,24,38,40,1h 18m,3
20/3/2026,9:41:58 am,36.08,53.38,1011.94,41.47,1017,24,39,41,1h 18m,3
20/3/2026,9:42:13 am,36.07,53.28,1011.96,41.93,1028,24,38,40,1h 18m,3
20/3/2026,9:42:28 am,36.05,53.28,1011.96,41.93,979,24,37,41,1h 18m,3
20/3/2026,9:42:43 am,36.00,53.40,1011.93,41.47,989,24,38,40,1h 19m,3
20/3/2026,9:42:58 am,36.12,53.28,1011.96,42.39,985,24,37,40,1h 19m,3
20/3/2026,9:43:13 am,35.94,53.40,1011.93,42.39,989,24,36,38,1h 19m,3
20/3/2026,9:43:28 am,36.03,53.47,1011.94,45.16,990,24,35,41,1h 19m,3
20/3/2026,9:43:43 am,35.99,53.50,1011.95,41.93,986,24,38,40,1h 20m,3
20/3/2026,9:43:58 am,36.05,53.38,1011.96,44.24,986,24,37,40,1h 20m,3
20/3/2026,9:44:13 am,36.03,53.38,1011.94,41.01,983,23,36,40,1h 20m,3
20/3/2026,9:44:28 am,36.09,53.38,1011.91,41.93,1004,22,32,37,1h 20m,3
20/3/2026,9:44:43 am,35.99,53.40,1011.90,40.55,987,23,35,35,1h 21m,3
20/3/2026,9:44:58 am,36.07,53.47,1011.93,45.16,966,24,36,36,1h 21m,3
20/3/2026,9:45:13 am,36.09,53.28,1011.92,42.39,981,23,36,38,1h 21m,3
20/3/2026,9:45:28 am,36.16,53.18,1011.95,46.08,1004,22,34,37,1h 21m,3
20/3/2026,9:45:43 am,36.22,52.98,1011.97,41.01,981,24,36,41,1h 22m,3
20/3/2026,9:45:58 am,36.22,53.08,1011.93,41.93,994,23,34,41,1h 22m,3
20/3/2026,9:46:13 am,36.23,52.98,1011.92,40.55,992,23,35,38,1h 22m,3
20/3/2026,9:46:29 am,36.22,52.98,1011.97,42.39,986,23,34,36,1h 22m,3
20/3/2026,9:46:43 am,36.17,53.08,1011.90,42.85,987,22,35,36,1h 23m,3
20/3/2026,9:46:58 am,36.20,53.08,1011.90,39.63,980,23,37,37,1h 23m,3
20/3/2026,9:47:13 am,36.00,53.30,1011.93,40.55,1017,23,36,37,1h 23m,3
20/3/2026,9:47:28 am,36.13,53.18,1011.93,40.55,1012,23,35,38,1h 23m,3
20/3/2026,9:47:43 am,36.07,53.18,1011.94,41.01,990,22,35,38,1h 24m,3
20/3/2026,9:47:58 am,36.13,53.38,1011.93,40.09,977,22,33,36,1h 24m,3
20/3/2026,9:48:13 am,36.17,53.18,1011.94,41.01,996,21,34,36,1h 24m,3
20/3/2026,9:48:28 am,36.12,53.18,1011.94,41.01,981,22,34,37,1h 24m,3
20/3/2026,9:48:43 am,36.12,53.28,1011.92,37.32,1002,23,34,37,1h 25m,3
20/3/2026,9:48:58 am,36.28,52.96,1011.92,41.47,994,22,33,37,1h 25m,3
20/3/2026,9:49:13 am,36.38,52.67,1011.93,40.09,1040,24,36,39,1h 25m,3
20/3/2026,9:49:28 am,36.37,52.76,1011.92,39.63,1004,24,35,38,1h 25m,3
20/3/2026,9:49:43 am,36.39,52.86,1011.91,39.63,1011,23,32,36,1h 26m,3
20/3/2026,9:49:58 am,36.38,52.47,1011.91,37.79,1005,22,33,36,1h 26m,3
20/3/2026,9:50:13 am,36.46,52.47,1011.95,39.17,1007,22,33,38,1h 26m,3
20/3/2026,9:50:28 am,36.49,52.37,1011.92,39.63,995,22,34,37,1h 26m,3
20/3/2026,9:50:43 am,36.35,52.67,1011.94,39.17,994,21,32,35,1h 27m,3
20/3/2026,9:50:58 am,36.34,52.76,1011.90,40.09,998,21,32,37,1h 27m,3
20/3/2026,9:51:13 am,36.35,52.57,1011.96,39.63,997,22,34,40,1h 27m,3
20/3/2026,9:51:28 am,36.29,52.67,1011.94,39.17,1012,21,35,39,1h 27m,3
20/3/2026,9:51:43 am,36.44,52.47,1011.94,37.32,995,21,34,36,1h 28m,3
20/3/2026,9:51:58 am,36.35,52.57,1011.95,37.32,992,22,37,39,1h 28m,3
20/3/2026,9:52:13 am,36.25,52.69,1011.91,37.32,1021,21,34,37,1h 28m,3
20/3/2026,9:52:28 am,36.38,52.47,1011.94,39.63,990,21,34,36,1h 28m,3
20/3/2026,9:52:43 am,36.29,52.57,1011.94,37.79,1008,21,35,36,1h 29m,3
20/3/2026,9:52:58 am,36.22,52.79,1011.94,38.71,984,20,34,38,1h 29m,3
20/3/2026,9:53:13 am,36.22,52.69,1011.96,39.17,1033,22,35,39,1h 29m,3
20/3/2026,9:53:28 am,36.27,52.69,1011.93,41.01,990,22,34,37,1h 29m,3
20/3/2026,9:53:43 am,36.32,52.67,1011.93,38.25,1033,21,36,36,1h 30m,3
20/3/2026,9:53:58 am,36.32,52.57,1011.94,39.17,984,21,35,37,1h 30m,3
20/3/2026,9:54:13 am,36.31,52.67,1011.92,38.25,1036,22,36,38,1h 30m,3
20/3/2026,9:54:28 am,36.35,52.47,1011.91,38.25,1040,21,32,35,1h 30m,3
20/3/2026,9:54:43 am,36.37,52.28,1011.92,36.86,990,22,36,39,1h 31m,3
20/3/2026,9:54:58 am,36.43,52.28,1011.91,38.25,1029,23,35,40,1h 31m,3
20/3/2026,9:55:13 am,36.35,52.47,1011.90,38.71,983,21,33,37,1h 31m,3
20/3/2026,9:55:28 am,36.31,52.37,1011.92,37.32,960,21,33,37,1h 31m,3
20/3/2026,9:55:43 am,36.38,52.37,1011.87,36.86,998,20,31,35,1h 32m,3
20/3/2026,9:55:58 am,36.47,52.19,1011.93,36.86,1017,21,34,38,1h 32m,3
20/3/2026,9:56:13 am,36.47,52.19,1011.92,37.79,1010,21,36,39,1h 32m,3
20/3/2026,9:56:28 am,36.51,51.97,1011.92,38.25,1016,21,35,36,1h 32m,3
20/3/2026,9:56:44 am,36.50,51.89,1011.88,41.47,1026,20,33,35,1h 33m,3
20/3/2026,9:56:58 am,36.53,51.97,1011.90,40.55,1002,19,32,34,1h 33m,3
20/3/2026,9:57:13 am,36.50,51.99,1011.90,38.71,1033,22,35,39,1h 33m,3
20/3/2026,9:57:28 am,36.56,51.87,1011.95,35.94,999,23,36,40,1h 33m,3
20/3/2026,9:57:43 am,36.39,52.09,1011.90,37.32,1004,22,34,37,1h 34m,3
20/3/2026,9:57:58 am,36.44,52.09,1011.90,36.40,1014,22,34,34,1h 34m,3
20/3/2026,9:58:13 am,36.50,51.99,1011.89,36.40,1000,23,33,35,1h 34m,3
20/3/2026,9:58:28 am,36.50,51.99,1011.91,35.02,988,21,32,36,1h 34m,3
20/3/2026,9:58:43 am,36.56,52.06,1011.91,36.40,1023,22,33,37,1h 35m,3
20/3/2026,9:58:58 am,36.59,51.87,1011.90,37.79,1001,21,33,36,1h 35m,3
20/3/2026,9:59:13 am,36.72,51.67,1011.94,37.32,1010,21,33,35,1h 35m,3
20/3/2026,9:59:28 am,36.78,51.65,1011.93,38.25,1010,22,33,35,1h 35m,3
20/3/2026,9:59:43 am,36.75,51.48,1011.89,36.40,1013,21,33,35,1h 36m,3
20/3/2026,9:59:58 am,36.73,51.67,1011.92,37.32,1008,22,34,36,1h 36m,3
20/3/2026,10:00:13 am,36.71,51.48,1011.93,35.02,1013,22,35,36,1h 36m,3
20/3/2026,10:00:28 am,36.78,51.35,1011.95,36.86,1019,22,33,35,1h 36m,3
20/3/2026,10:00:43 am,36.73,51.28,1011.94,35.02,1000,22,36,39,1h 37m,3
20/3/2026,10:00:59 am,36.68,51.48,1011.89,35.48,1025,21,35,41,1h 37m,3
20/3/2026,10:01:13 am,36.71,51.48,1011.93,34.10,1000,21,34,38,1h 37m,3
20/3/2026,10:01:28 am,36.75,51.48,1011.92,35.94,980,22,33,39,1h 37m,3
20/3/2026,10:01:44 am,36.65,51.48,1011.95,34.56,997,22,36,40,1h 38m,3
20/3/2026,10:01:58 am,36.60,51.67,1011.93,34.10,1051,22,37,37,1h 38m,3
20/3/2026,10:02:13 am,36.57,51.67,1011.93,33.64,999,21,35,37,1h 38m,3
20/3/2026,10:02:28 am,36.51,51.87,1011.93,35.02,1054,22,36,38,1h 38m,3
20/3/2026,10:02:43 am,36.38,51.99,1011.94,34.56,1009,21,33,36,1h 39m,3
20/3/2026,10:02:58 am,36.50,51.99,1011.96,33.18,1051,21,33,38,1h 39m,3
20/3/2026,10:03:13 am,36.46,51.79,1011.92,33.18,989,21,34,36,1h 39m,3
20/3/2026,10:03:28 am,36.53,51.87,1011.86,34.10,1013,21,35,38,1h 39m,3
20/3/2026,10:03:43 am,36.49,51.89,1011.92,34.56,988,23,36,40,1h 40m,3
20/3/2026,10:03:58 am,36.60,51.67,1011.93,33.64,1004,24,37,40,1h 40m,3
20/3/2026,10:04:13 am,36.46,51.70,1011.92,34.10,977,24,37,41,1h 40m,3
20/3/2026,10:04:28 am,36.57,51.48,1011.93,34.56,983,23,36,40,1h 40m,3
20/3/2026,10:04:43 am,36.59,51.38,1011.93,33.18,968,24,38,42,1h 41m,3
20/3/2026,10:04:58 am,36.57,51.77,1011.95,34.56,984,22,36,41,1h 41m,3
20/3/2026,10:05:13 am,36.54,51.57,1011.99,33.18,972,24,39,44,1h 41m,3
20/3/2026,10:05:28 am,36.57,51.67,1011.92,33.18,973,24,38,42,1h 41m,3
20/3/2026,10:05:43 am,36.50,51.60,1011.91,32.72,989,25,37,43,1h 42m,3
20/3/2026,10:05:58 am,36.57,51.77,1011.91,33.64,959,24,35,42,1h 42m,3
20/3/2026,10:06:13 am,36.64,51.48,1011.92,32.72,984,25,38,42,1h 42m,3
20/3/2026,10:06:28 am,36.72,51.38,1011.91,34.56,962,25,37,40,1h 42m,3
20/3/2026,10:06:43 am,36.57,51.38,1011.94,33.18,980,24,36,40,1h 43m,3
20/3/2026,10:06:58 am,36.59,51.57,1011.92,32.26,954,24,36,42,1h 43m,3
20/3/2026,10:07:14 am,36.66,51.48,1011.90,32.26,968,24,36,42,1h 43m,3
20/3/2026,10:08:22 am,N/A,N/A,N/A,N/A,N/A,N/A,N/A,N/A,0h 0m,2
20/3/2026,10:10:20 am,N/A,N/A,N/A,N/A,N/A,N/A,N/A,N/A,0h 2m,2
20/3/2026,10:12:19 am,N/A,N/A,N/A,N/A,N/A,N/A,N/A,N/A,0h 4m,2
20/3/2026,10:14:17 am,N/A,N/A,N/A,N/A,N/A,N/A,N/A,N/A,0h 6m,2
20/3/2026,10:16:16 am,N/A,N/A,N/A,N/A,N/A,N/A,N/A,N/A,0h 8m,2
20/3/2026,10:18:14 am,N/A,N/A,N/A,N/A,N/A,N/A,N/A,N/A,0h 10m,2
20/3/2026,10:20:46 am,0,0,0,0,1001,24,37,39,0h 0m,2
20/3/2026,10:22:42 am,0,0,0,0,1013,24,39,41,0h 2m,2
20/3/2026,10:24:38 am,0,0,0,0,1019,25,37,41,0h 4m,2
20/3/2026,10:26:35 am,0,0,0,0,1009,25,38,40,0h 6m,2
20/3/2026,10:28:31 am,0,0,0,0,994,23,35,37,0h 8m,2
20/3/2026,10:31:12 am,36.94,50.58,1011.89,24.88,991,22,34,37,0h 0m,N/A
20/3/2026,10:33:08 am,36.59,51.57,1011.87,24.88,990,23,37,39,0h 2m,N/A
20/3/2026,10:35:03 am,36.37,51.99,1011.86,22.58,993,21,34,35,0h 4m,N/A
20/3/2026,10:36:59 am,36.41,52.09,1011.85,22.58,983,21,32,34,0h 6m,N/A
20/3/2026,10:38:55 am,36.56,51.87,1011.79,20.74,994,22,34,38,0h 8m,N/A
20/3/2026,10:40:51 am,36.75,51.67,1011.74,20.28,1019,20,33,36,0h 10m,N/A
20/3/2026,10:42:47 am,36.57,51.87,1011.68,19.35,1015,20,31,35,0h 12m,N/A
20/3/2026,10:44:43 am,36.66,51.77,1011.66,19.35,1023,22,34,38,0h 14m,N/A
20/3/2026,10:46:39 am,36.87,51.35,1011.63,18.43,1017,20,30,34,0h 16m,N/A
20/3/2026,10:48:08 am,36.73,51.48,1011.60,17.51,1034,19,32,36,0h 0m,3
20/3/2026,10:50:03 am,36.76,51.48,1011.58,18.43,1018,20,32,35,0h 2m,3
20/3/2026,10:52:00 am,36.69,51.57,1011.56,17.97,990,19,31,32,0h 4m,3
20/3/2026,10:53:55 am,36.95,51.06,1011.56,16.13,1005,19,31,32,0h 6m,3
20/3/2026,10:55:51 am,36.60,51.57,1011.55,15.67,1012,18,29,33,0h 8m,3
20/3/2026,10:57:47 am,36.46,52.37,1011.46,17.97,1051,18,28,32,0h 10m,3
20/3/2026,10:59:43 am,36.47,52.96,1011.46,18.89,1071,19,31,34,0h 12m,3
20/3/2026,11:01:39 am,36.46,52.76,1011.42,17.51,1061,20,30,32,0h 14m,3
20/3/2026,11:03:34 am,36.69,52.25,1011.39,16.59,1069,19,29,33,0h 16m,3
20/3/2026,11:07:50 am,36.80,52.42,1011.34,15.21,1048,19,29,31,0h 20m,3
20/3/2026,11:14:12 am,37.31,51.31,1011.32,16.59,1071,20,30,33,0h 26m,3
20/3/2026,11:16:08 am,35.75,53.11,1011.21,17.05,908,22,35,38,0h 28m,3
20/3/2026,11:34:27 am,38.18,46.87,1010.98,15.21,871,17,27,29,0h 2m,3
20/3/2026,11:43:10 am,38.26,45.51,1010.83,14.75,779,18,29,31,0h 11m,3
20/3/2026,11:51:53 am,37.37,48.59,1010.71,88.93,500,5,5,16,0h 2m,3
20/3/2026,11:53:53 am,37.64,47.98,1010.72,129.02,749,23,37,39,0h 4m,3
20/3/2026,11:55:52 am,37.57,48.27,1010.74,131.79,751,24,37,40,0h 6m,3
20/3/2026,11:57:52 am,37.46,48.39,1010.75,124.42,745,21,34,39,0h 8m,3
20/3/2026,11:59:52 am,37.32,48.20,1010.79,145.15,712,22,37,40,0h 10m,3
20/3/2026,12:01:52 pm,37.40,47.23,1010.77,146.07,690,22,35,38,0h 12m,3
20/3/2026,12:03:53 pm,37.15,47.74,1010.75,141.93,716,22,34,37,0h 14m,3
20/3/2026,12:05:52 pm,37.51,47.13,1010.72,138.24,683,22,34,40,0h 16m,3
20/3/2026,12:07:52 pm,37.43,47.42,1010.67,134.55,701,22,36,38,0h 18m,3
20/3/2026,12:09:52 pm,37.02,48.64,1010.63,83.40,721,24,35,40,0h 20m,3
20/3/2026,12:11:51 pm,36.68,48.75,1010.57,132.25,677,24,38,42,0h 22m,3
20/3/2026,12:13:50 pm,36.29,49.85,1010.53,84.33,692,25,37,41,0h 24m,3
20/3/2026,12:15:53 pm,36.16,50.07,1010.46,53.45,694,23,36,39,0h 26m,3
20/3/2026,12:17:53 pm,36.22,48.90,1010.38,73.73,681,24,38,39,0h 28m,3
20/3/2026,12:19:54 pm,36.35,47.52,1010.42,53.91,690,22,36,42,0h 30m,3
20/3/2026,12:21:55 pm,36.53,48.95,1010.39,73.27,682,22,37,38,0h 32m,3
20/3/2026,12:23:56 pm,36.27,48.61,1010.37,60.83,667,25,36,40,0h 34m,3
20/3/2026,3:16:15 pm,31.44,63.39,1007.27,101.38,500,6,13,13,0h 1m,3
20/3/2026,3:18:13 pm,35.18,53.28,1007.32,107.37,681,29,46,49,0h 3m,3
20/3/2026,3:20:40 pm,35.59,52.06,1007.27,100.45,652,29,43,50,0h 6m,3
20/3/2026,3:22:37 pm,36.38,50.63,1007.17,3002.57,628,29,43,48,0h 8m,3
20/3/2026,3:24:35 pm,36.53,50.31,1007.19,2973.08,641,27,42,46,0h 10m,3
20/3/2026,3:26:33 pm,36.66,49.73,1007.14,2941.29,644,28,40,46,0h 12m,3
20/3/2026,3:28:31 pm,36.65,49.82,1007.12,2900.74,611,30,43,51,0h 14m,3
20/3/2026,3:30:30 pm,36.71,49.73,1007.09,2875.39,631,28,42,48,0h 16m,3
20/3/2026,3:32:28 pm,36.59,50.31,1007.10,2852.35,655,28,44,48,0h 18m,3
20/3/2026,3:34:27 pm,36.64,49.82,1007.11,2792.91,646,27,41,46,0h 20m,3
20/3/2026,3:36:25 pm,37.02,49.41,1007.03,2726.55,642,27,41,44,0h 22m,3
20/3/2026,3:38:23 pm,36.90,49.12,1007.08,2714.11,643,26,41,48,0h 24m,3
20/3/2026,3:40:20 pm,37.12,48.90,1007.01,2695.22,635,27,40,44,0h 26m,3
20/3/2026,3:42:18 pm,37.62,48.27,1007.04,2663.88,634,27,40,44,0h 28m,3
20/3/2026,3:44:16 pm,37.50,48.20,1006.90,2635.32,624,26,38,42,0h 30m,3
20/3/2026,3:46:14 pm,37.88,47.86,1006.97,2627.02,626,26,42,46,0h 32m,3
20/3/2026,3:48:12 pm,37.63,48.08,1006.90,2605.82,612,27,43,48,0h 34m,3
20/3/2026,3:50:10 pm,37.59,48.18,1006.85,2549.15,636,27,40,47,0h 36m,3
20/3/2026,3:52:08 pm,37.56,48.47,1006.82,2530.25,610,28,44,48,0h 38m,3
20/3/2026,3:54:06 pm,37.44,47.62,1006.84,2505.37,634,30,45,48,0h 40m,3
20/3/2026,3:56:04 pm,37.57,47.79,1006.80,2487.86,635,35,51,55,0h 42m,3
20/3/2026,3:58:02 pm,37.63,47.69,1006.74,2480.03,658,37,53,64,0h 44m,3
20/3/2026,4:00:00 pm,37.74,48.08,1006.74,2468.04,634,35,54,57,0h 46m,3
20/3/2026,4:01:58 pm,37.78,47.69,1006.78,2461.13,621,35,53,61,0h 48m,3
20/3/2026,4:03:56 pm,37.55,48.18,1006.83,2419.20,650,33,51,58,0h 50m,3
20/3/2026,4:05:54 pm,37.70,48.08,1006.89,2421.96,640,34,52,56,0h 52m,3
20/3/2026,4:07:52 pm,37.24,49.77,1006.89,2392.01,641,33,52,61,0h 54m,3
20/3/2026,4:09:49 pm,37.24,50.16,1006.86,2371.74,655,33,49,56,0h 56m,3
20/3/2026,4:11:47 pm,37.06,50.26,1006.78,2333.95,651,32,49,53,0h 58m,3
20/3/2026,4:13:45 pm,37.09,50.74,1006.82,2320.59,643,30,46,50,1h 0m,3
20/3/2026,4:15:43 pm,37.00,50.87,1006.81,2279.12,656,29,46,52,1h 1m,3
20/3/2026,4:17:41 pm,37.10,50.94,1006.82,2270.82,643,32,47,51,1h 3m,3
20/3/2026,4:19:39 pm,37.24,50.84,1006.80,2246.40,645,29,45,49,1h 5m,3
20/3/2026,4:21:38 pm,37.36,50.43,1006.69,2219.67,641,29,44,48,1h 7m,3
20/3/2026,4:23:36 pm,37.15,51.14,1006.86,2211.84,658,28,44,50,1h 9m,3
20/3/2026,4:25:34 pm,37.13,50.56,1006.88,2196.63,647,28,39,42,1h 11m,3
20/3/2026,4:27:31 pm,37.10,50.56,1006.86,2170.83,647,28,44,47,1h 13m,3
20/3/2026,4:29:29 pm,36.83,51.93,1006.89,2145.02,652,29,43,50,1h 15m,3
20/3/2026,4:31:28 pm,37.09,51.43,1006.88,2126.13,659,32,44,47,1h 17m,3
20/3/2026,4:33:25 pm,36.59,52.35,1006.99,2116.92,640,31,43,50,1h 19m,3
20/3/2026,4:35:25 pm,36.94,51.45,1007.06,2087.42,662,30,44,49,1h 21m,3
20/3/2026,4:41:26 pm,36.98,51.06,1007.05,2039.50,642,27,42,47,1h 27m,3
20/3/2026,4:43:24 pm,37.05,50.46,1007.05,2021.53,654,29,44,49,1h 29m,3
20/3/2026,4:45:24 pm,36.93,50.38,1007.07,2003.10,659,32,45,48,1h 31m,3
20/3/2026,4:47:22 pm,36.56,51.48,1007.16,1992.04,636,29,42,45,1h 33m,3
20/3/2026,4:49:20 pm,36.39,51.40,1007.11,1952.87,635,30,46,47,1h 35m,3
20/3/2026,4:51:19 pm,36.66,51.38,1007.12,1954.71,674,34,49,55,1h 37m,3
20/3/2026,4:53:18 pm,36.17,52.40,1007.07,1941.81,3992,35,53,60,1h 39m,3
20/3/2026,4:55:18 pm,125.00,54.11,1006.86,1933.06,0,37,52,59,1h 41m,2
20/3/2026,4:57:17 pm,125.00,100.00,1006.87,1913.24,0,341,354,361,1h 43m,2
20/3/2026,4:59:42 pm,0,0,0,0,0,633,647,658,0h 0m,1
20/3/2026,5:02:50 pm,0,0,0,0,0,440,452,457,0h 0m,1
23/3/2026,10:28:37 pm,31.21,65.48,1009.05,18.89,500,18,25,25,0h 0m,3
23/3/2026,10:30:35 pm,34.91,55.26,1009.08,19.35,775,59,90,98,0h 2m,3
23/3/2026,10:32:33 pm,36.17,52.59,1009.10,19.81,731,61,95,101,0h 4m,3
23/3/2026,10:34:31 pm,36.57,52.45,1009.07,19.81,795,62,89,97,0h 6m,3
23/3/2026,10:36:30 pm,36.85,52.23,1009.07,26.27,820,65,96,102,0h 8m,3
23/3/2026,10:38:28 pm,36.98,51.45,1009.09,26.27,797,66,100,109,0h 10m,3
23/3/2026,10:40:26 pm,37.09,50.94,1009.08,25.80,789,65,98,107,0h 12m,3
23/3/2026,10:42:24 pm,37.00,50.96,1009.07,26.27,804,66,99,107,0h 14m,3
23/3/2026,10:44:22 pm,37.10,50.65,1009.10,26.27,800,64,98,106,0h 16m,3
23/3/2026,10:46:20 pm,37.17,50.84,1009.08,25.80,811,65,97,107,0h 18m,3
23/3/2026,10:48:18 pm,37.17,50.65,1009.03,1.38,861,61,92,101,0h 20m,3
23/3/2026,10:50:16 pm,37.09,50.94,1009.03,1.38,845,63,93,103,0h 22m,3
23/3/2026,10:52:14 pm,37.10,51.23,1008.98,1.38,898,64,93,102,0h 24m,3
23/3/2026,10:54:13 pm,37.18,51.14,1008.97,1.38,866,66,103,110,0h 26m,3
23/3/2026,10:56:11 pm,37.20,50.94,1008.97,1.38,862,70,104,116,0h 28m,3
23/3/2026,10:58:09 pm,37.05,51.33,1008.94,1.38,882,71,110,123,0h 30m,3
23/3/2026,11:00:07 pm,37.22,51.53,1008.97,1.38,953,64,97,108,0h 32m,3
23/3/2026,11:02:05 pm,36.98,51.75,1008.95,1.38,955,60,91,99,0h 34m,3
23/3/2026,11:04:04 pm,37.12,50.36,1008.92,1.38,936,58,85,96,0h 36m,3
23/3/2026,11:06:02 pm,37.15,48.90,1008.87,1.38,908,59,90,102,0h 38m,3
23/3/2026,11:08:00 pm,37.39,46.36,1008.92,1.84,796,60,86,92,0h 40m,3
23/3/2026,11:09:58 pm,37.57,46.24,1008.89,1.38,741,57,83,91,0h 42m,3
23/3/2026,11:11:56 pm,38.31,45.10,1008.91,1.38,758,55,84,92,0h 44m,3
23/3/2026,11:13:54 pm,38.74,44.21,1008.89,1.38,752,61,91,100,0h 46m,3
23/3/2026,11:15:52 pm,38.99,42.55,1008.93,1.38,696,62,93,102,0h 48m,3
23/3/2026,11:17:50 pm,39.30,40.30,1008.95,1.38,685,55,81,88,0h 50m,3
23/3/2026,11:19:48 pm,39.54,38.64,1008.93,1.38,657,51,78,87,0h 52m,3
23/3/2026,11:21:46 pm,39.60,37.37,1008.97,1.38,617,55,78,85,0h 54m,3
23/3/2026,11:23:44 pm,39.55,37.67,1008.93,1.38,623,57,85,91,0h 56m,3
23/3/2026,11:25:43 pm,39.45,37.67,1008.92,1.38,649,55,80,86,0h 57m,3
23/3/2026,11:27:41 pm,39.57,37.75,1008.97,1.38,651,56,83,94,0h 59m,3
23/3/2026,11:29:39 pm,39.67,38.14,1008.91,1.38,658,59,84,91,1h 1m,3
23/3/2026,11:31:37 pm,39.63,37.17,1008.93,1.38,652,58,84,90,1h 3m,3
23/3/2026,11:33:35 pm,39.54,38.45,1008.91,1.38,670,60,86,95,1h 5m,3
23/3/2026,11:35:33 pm,39.55,38.54,1008.92,1.38,695,65,96,104,1h 7m,3
23/3/2026,11:37:31 pm,39.63,36.88,1008.91,1.38,659,58,83,90,1h 9m,3
23/3/2026,11:39:29 pm,39.66,36.01,1008.91,1.38,659,56,80,88,1h 11m,3
23/3/2026,11:41:27 pm,39.67,35.53,1008.91,1.38,638,53,77,83,1h 13m,3
23/3/2026,11:43:26 pm,39.70,36.01,1008.87,1.38,644,58,84,89,1h 15m,3
23/3/2026,11:45:24 pm,39.77,35.44,1008.88,1.38,643,55,81,88,1h 17m,3
23/3/2026,11:47:22 pm,39.77,34.86,1008.89,1.38,643,55,83,88,1h 19m,3
23/3/2026,11:49:20 pm,39.69,35.53,1008.87,1.38,669,56,82,92,1h 21m,3
23/3/2026,11:51:18 pm,39.63,36.21,1008.86,1.38,674,59,85,87,1h 23m,3