Date,Time,Temperature (°C),Humidity (%),Pressure (hPa),Light Intensity (Lux),CO2 (ppm),PM1.0 (µg/m³),PM2.5 (µg/m³),PM10.0 (µg/m³),Uptime,Sensors Online
14/3/2026,11:08:31 am,37.57,37.32,1013.46,15.21,796.0,50.0,72.0,79.0,,
14/3/2026,11:08:41 am,37.56,37.32,1013.51,18.43,782.0,48.0,70.0,78.0,,
14/3/2026,11:08:51 am,37.46,37.43,1013.41,17.97,788.0,47.0,69.0,77.0,,
14/3/2026,11:09:01 am,37.44,37.34,1013.48,17.97,786.0,48.0,72.0,80.0,,
14/3/2026,11:09:11 am,37.46,37.43,1013.44,17.97,800.0,48.0,71.0,79.0,,
14/3/2026,11:09:21 am,37.57,37.32,1013.44,17.97,784.0,49.0,72.0,80.0,,
14/3/2026,11:09:31 am,37.57,37.23,1013.44,17.97,776.0,48.0,71.0,79.0,,
14/3/2026,11:09:42 am,37.62,37.32,1013.45,18.43,783.0,50.0,72.0,80.0,,
14/3/2026,11:09:52 am,37.49,37.24,1013.45,17.97,793.0,48.0,70.0,77.0,,
14/3/2026,11:10:02 am,37.55,37.32,1013.43,17.97,781.0,49.0,71.0,78.0,,
14/3/2026,11:10:12 am,37.56,37.32,1013.46,18.89,784.0,49.0,70.0,79.0,,
14/3/2026,11:10:23 am,37.44,37.24,1013.39,19.35,782.0,50.0,71.0,80.0,,
14/3/2026,11:10:33 am,37.41,37.34,1013.46,19.35,781.0,50.0,72.0,81.0,,
14/3/2026,11:10:43 am,37.32,37.34,1013.41,19.81,782.0,49.0,72.0,81.0,,
14/3/2026,11:10:53 am,37.29,37.43,1013.42,18.89,789.0,48.0,71.0,79.0,,
14/3/2026,11:11:03 am,37.29,37.43,1013.41,18.89,792.0,47.0,71.0,78.0,,
14/3/2026,11:11:13 am,37.39,37.53,1013.38,18.43,793.0,49.0,72.0,79.0,,
14/3/2026,11:11:24 am,37.4,37.63,1013.4,16.13,780.0,49.0,74.0,81.0,,
14/3/2026,11:11:34 am,37.4,37.24,1013.4,16.13,787.0,49.0,74.0,81.0,,
14/3/2026,11:11:44 am,37.44,37.34,1013.41,15.67,784.0,47.0,69.0,77.0,,
14/3/2026,11:11:54 am,37.5,37.05,1013.39,15.21,789.0,47.0,69.0,78.0,,
14/3/2026,11:12:04 am,37.5,36.95,1013.39,15.21,788.0,48.0,70.0,79.0,,
14/3/2026,11:12:14 am,37.41,36.95,1013.42,16.13,784.0,49.0,71.0,79.0,,
14/3/2026,11:12:25 am,37.39,37.15,1013.39,15.67,777.0,48.0,71.0,79.0,,
14/3/2026,11:12:35 am,37.28,37.24,1013.38,15.21,773.0,47.0,71.0,79.0,,
14/3/2026,11:12:45 am,37.25,37.45,1013.34,15.21,763.0,48.0,73.0,80.0,,
14/3/2026,11:12:55 am,37.2,37.45,1013.38,15.67,767.0,46.0,70.0,78.0,,
14/3/2026,11:13:05 am,37.21,37.45,1013.34,15.21,786.0,46.0,69.0,77.0,,
14/3/2026,11:13:16 am,37.27,37.45,1013.4,15.67,773.0,46.0,69.0,76.0,,
14/3/2026,11:13:26 am,37.29,37.34,1013.36,15.21,767.0,48.0,71.0,78.0,,
14/3/2026,11:13:36 am,37.28,37.34,1013.33,14.75,766.0,48.0,72.0,79.0,,
14/3/2026,11:13:46 am,37.29,37.34,1013.29,14.28,769.0,46.0,71.0,77.0,,
14/3/2026,11:13:56 am,37.27,37.26,1013.33,14.28,769.0,45.0,69.0,77.0,,
14/3/2026,11:14:06 am,37.24,37.26,1013.35,15.67,770.0,46.0,71.0,79.0,,
14/3/2026,11:14:17 am,37.25,37.26,1013.3,15.21,769.0,46.0,71.0,79.0,,
14/3/2026,11:14:27 am,37.24,37.16,1013.32,15.21,768.0,44.0,69.0,78.0,,
14/3/2026,11:14:37 am,37.22,37.16,1013.31,7.37,771.0,46.0,70.0,79.0,,
14/3/2026,11:14:47 am,37.36,37.15,1013.3,109.67,767.0,48.0,70.0,78.0,,
14/3/2026,11:14:57 am,37.41,36.85,1013.27,111.51,758.0,47.0,68.0,76.0,,
14/3/2026,11:15:07 am,37.46,36.66,1013.29,114.28,758.0,47.0,68.0,78.0,,
14/3/2026,11:15:17 am,37.47,36.56,1013.25,111.51,766.0,47.0,66.0,77.0,,
14/3/2026,11:15:28 am,37.49,36.46,1013.25,115.2,754.0,47.0,68.0,77.0,,
14/3/2026,11:15:38 am,37.51,36.27,1013.25,114.74,757.0,46.0,69.0,76.0,,
14/3/2026,11:15:48 am,37.51,36.27,1013.21,114.74,760.0,43.0,65.0,75.0,,
14/3/2026,11:15:58 am,37.57,36.16,1013.25,115.2,760.0,44.0,65.0,76.0,,
14/3/2026,11:16:09 am,37.59,36.06,1013.25,115.2,755.0,46.0,68.0,77.0,,
14/3/2026,11:16:19 am,37.6,35.96,1013.23,116.12,752.0,46.0,69.0,76.0,,
14/3/2026,11:16:29 am,37.57,35.96,1013.23,116.12,762.0,47.0,70.0,79.0,,
14/3/2026,11:16:39 am,37.56,35.96,1013.23,115.66,747.0,46.0,70.0,78.0,,
14/3/2026,11:16:50 am,37.57,35.96,1013.24,117.04,744.0,46.0,69.0,78.0,,
14/3/2026,11:17:00 am,37.55,35.96,1013.21,115.66,744.0,47.0,70.0,79.0,,
14/3/2026,11:17:10 am,37.5,35.98,1013.21,117.04,746.0,46.0,68.0,78.0,,
14/3/2026,11:17:20 am,37.51,35.98,1013.18,117.04,740.0,48.0,67.0,77.0,,
14/3/2026,11:17:31 am,37.47,36.08,1013.17,117.04,735.0,47.0,68.0,79.0,,
14/3/2026,11:17:41 am,37.49,36.18,1013.2,116.58,743.0,46.0,67.0,77.0,,
14/3/2026,11:17:51 am,37.47,36.27,1013.21,115.2,750.0,46.0,67.0,76.0,,
14/3/2026,11:18:01 am,37.49,36.27,1013.2,117.04,757.0,46.0,66.0,75.0,,
14/3/2026,11:18:11 am,37.46,36.27,1013.21,115.2,753.0,46.0,67.0,76.0,,
14/3/2026,11:18:21 am,37.46,36.27,1013.22,117.5,762.0,45.0,66.0,76.0,,
14/3/2026,11:18:31 am,37.49,36.27,1013.19,116.58,765.0,46.0,66.0,77.0,,
14/3/2026,11:18:42 am,37.37,36.36,1013.24,116.12,762.0,46.0,66.0,75.0,,
14/3/2026,11:18:52 am,37.4,36.36,1013.17,116.58,751.0,45.0,65.0,74.0,,
14/3/2026,11:19:02 am,37.34,36.36,1013.17,115.2,749.0,45.0,65.0,74.0,,
14/3/2026,11:19:13 am,37.39,36.46,1013.21,115.66,749.0,45.0,66.0,75.0,,
14/3/2026,11:19:23 am,37.39,36.36,1013.18,121.19,761.0,46.0,69.0,77.0,,
14/3/2026,11:19:34 am,37.39,36.36,1013.18,121.19,759.0,45.0,68.0,76.0,,
14/3/2026,11:19:43 am,37.41,36.36,1013.2,123.03,768.0,45.0,69.0,77.0,,
14/3/2026,11:19:54 am,37.4,36.36,1013.14,121.65,764.0,46.0,68.0,78.0,,
14/3/2026,11:20:04 am,37.43,36.36,1013.19,121.65,759.0,46.0,68.0,78.0,,
14/3/2026,11:20:14 am,37.46,36.27,1013.22,123.03,770.0,45.0,65.0,76.0,,
14/3/2026,11:20:24 am,37.47,36.27,1013.16,121.19,759.0,45.0,66.0,76.0,,
14/3/2026,11:20:34 am,37.46,36.27,1013.22,122.11,762.0,45.0,66.0,76.0,,
14/3/2026,11:20:44 am,37.44,36.27,1013.2,120.73,764.0,45.0,66.0,77.0,,
14/3/2026,11:20:54 am,37.41,36.27,1013.19,122.57,756.0,48.0,70.0,79.0,,
14/3/2026,11:21:05 am,37.37,36.27,1013.2,122.57,759.0,47.0,70.0,79.0,,
14/3/2026,11:21:15 am,37.41,36.27,1013.17,122.11,745.0,45.0,68.0,78.0,,
14/3/2026,11:21:26 am,37.36,36.27,1013.18,121.65,756.0,45.0,68.0,78.0,,
14/3/2026,11:21:36 am,37.31,36.27,1013.15,121.65,757.0,46.0,68.0,78.0,,
14/3/2026,11:21:46 am,37.31,36.18,1013.14,121.65,755.0,46.0,66.0,77.0,,
14/3/2026,11:21:56 am,37.29,36.08,1013.11,123.03,757.0,45.0,66.0,76.0,,
14/3/2026,11:22:06 am,37.27,36.1,1013.16,122.57,758.0,46.0,68.0,77.0,,
14/3/2026,11:22:17 am,37.28,36.08,1013.18,121.65,754.0,45.0,67.0,76.0,,
14/3/2026,11:22:27 am,37.25,36.19,1013.17,123.96,753.0,46.0,68.0,78.0,,
14/3/2026,11:22:37 am,37.27,36.19,1013.17,122.11,751.0,45.0,65.0,76.0,,
14/3/2026,11:22:48 am,37.27,36.19,1013.15,122.57,743.0,46.0,67.0,78.0,,
14/3/2026,11:22:58 am,37.28,36.27,1013.16,123.49,746.0,45.0,65.0,76.0,,
14/3/2026,11:23:08 am,37.29,36.27,1013.15,123.49,750.0,46.0,67.0,77.0,,
14/3/2026,11:23:18 am,37.31,36.27,1013.13,123.03,748.0,44.0,67.0,76.0,,
14/3/2026,11:23:28 am,37.37,36.18,1013.14,122.57,754.0,46.0,69.0,77.0,,
14/3/2026,11:23:39 am,37.37,36.27,1013.1,121.65,750.0,46.0,68.0,77.0,,
14/3/2026,11:23:49 am,37.39,36.18,1013.14,122.57,753.0,46.0,68.0,77.0,,
14/3/2026,11:23:59 am,37.34,36.27,1013.12,123.03,752.0,46.0,68.0,77.0,,
14/3/2026,11:24:09 am,37.36,36.27,1013.11,123.49,755.0,46.0,69.0,77.0,,
14/3/2026,11:24:20 am,37.34,36.36,1013.14,121.65,750.0,46.0,69.0,77.0,,
14/3/2026,11:24:30 am,37.37,36.27,1013.14,122.11,753.0,46.0,72.0,79.0,,
14/3/2026,11:24:40 am,37.4,36.36,1013.17,123.96,752.0,45.0,70.0,77.0,,
14/3/2026,11:30:04 am,37.17,36.58,1013.04,122.57,0.0,44.0,65.0,78.0,,
14/3/2026,11:30:14 am,37.12,36.48,1013.03,122.11,0.0,43.0,63.0,76.0,,
14/3/2026,11:30:24 am,37.13,36.48,1013.01,122.11,0.0,43.0,63.0,75.0,,
14/3/2026,11:30:34 am,37.13,36.48,1013.01,125.34,0.0,44.0,64.0,75.0,,
14/3/2026,11:30:43 am,37.17,36.48,1013.01,125.34,0.0,44.0,64.0,75.0,,
14/3/2026,11:30:53 am,37.17,36.58,1013.01,125.34,0.0,45.0,67.0,76.0,,
14/3/2026,11:31:04 am,37.21,36.87,1013.0,96.77,0.0,46.0,70.0,79.0,,
14/3/2026,11:31:14 am,37.21,36.38,1013.03,95.85,0.0,44.0,68.0,76.0,,
14/3/2026,11:31:24 am,37.21,36.29,1013.0,97.69,0.0,42.0,67.0,75.0,,
14/3/2026,11:31:34 am,37.25,36.19,1013.02,94.92,0.0,44.0,68.0,76.0,,
14/3/2026,11:31:44 am,37.22,36.19,1013.0,94.92,0.0,44.0,65.0,75.0,,
14/3/2026,11:31:54 am,37.22,36.19,1012.99,94.46,0.0,46.0,66.0,76.0,,
14/3/2026,11:32:04 am,37.22,36.19,1013.01,95.39,0.0,45.0,65.0,76.0,,
14/3/2026,11:32:14 am,37.2,36.19,1013.0,95.85,0.0,43.0,65.0,76.0,,
14/3/2026,11:32:24 am,37.2,36.29,1012.97,97.23,0.0,44.0,65.0,76.0,,
14/3/2026,11:32:34 am,37.17,36.29,1012.98,96.31,0.0,43.0,64.0,75.0,,
14/3/2026,11:32:45 am,37.17,36.38,1012.98,94.46,0.0,44.0,66.0,77.0,,
14/3/2026,11:32:55 am,37.09,36.38,1012.98,96.31,0.0,45.0,66.0,76.0,,
14/3/2026,11:33:05 am,37.07,36.38,1013.0,96.31,0.0,46.0,66.0,76.0,,
14/3/2026,11:33:15 am,37.09,36.48,1012.91,94.92,0.0,47.0,68.0,76.0,,
14/3/2026,11:33:25 am,37.12,36.38,1012.96,97.23,0.0,46.0,66.0,75.0,,
14/3/2026,11:33:35 am,37.13,36.38,1013.0,96.77,0.0,47.0,68.0,76.0,,
14/3/2026,11:33:46 am,37.13,36.29,1012.96,96.77,0.0,45.0,66.0,76.0,,
14/3/2026,11:33:56 am,37.12,36.29,1012.96,95.39,0.0,45.0,66.0,76.0,,
14/3/2026,11:34:06 am,37.15,36.19,1012.95,95.85,0.0,46.0,66.0,77.0,,
14/3/2026,11:34:16 am,37.12,36.19,1012.96,96.31,0.0,44.0,65.0,75.0,,
14/3/2026,11:34:26 am,37.1,36.29,1012.98,95.39,0.0,45.0,67.0,76.0,,
14/3/2026,11:34:36 am,37.12,36.29,1012.95,96.31,0.0,46.0,69.0,77.0,,
14/3/2026,11:34:46 am,37.09,36.29,1013.01,96.77,0.0,45.0,67.0,74.0,,
14/3/2026,11:34:56 am,37.07,36.29,1012.97,95.85,0.0,46.0,68.0,75.0,,
14/3/2026,11:35:06 am,37.07,36.29,1012.97,97.23,0.0,45.0,67.0,75.0,,
14/3/2026,11:35:16 am,37.07,36.1,1012.96,98.15,0.0,45.0,69.0,77.0,,
14/3/2026,11:35:27 am,37.06,36.1,1012.96,94.92,0.0,45.0,69.0,76.0,,
14/3/2026,11:35:37 am,37.05,36.1,1012.93,96.31,0.0,45.0,67.0,75.0,,
14/3/2026,11:35:47 am,37.05,36.1,1012.95,96.31,0.0,46.0,68.0,76.0,,
14/3/2026,11:35:57 am,37.05,36.0,1012.95,98.61,0.0,47.0,68.0,77.0,,
14/3/2026,11:36:07 am,37.05,35.9,1012.95,96.31,0.0,45.0,66.0,76.0,,
14/3/2026,11:36:18 am,37.06,36.0,1012.94,95.39,0.0,45.0,66.0,76.0,,
14/3/2026,11:36:28 am,37.02,36.02,1012.93,98.61,0.0,45.0,67.0,76.0,,
14/3/2026,11:36:39 am,37.05,36.0,1012.92,95.85,0.0,45.0,67.0,76.0,,
14/3/2026,11:36:49 am,37.05,36.1,1012.94,95.39,0.0,45.0,65.0,75.0,,
14/3/2026,11:36:59 am,37.05,36.0,1012.91,95.39,0.0,45.0,65.0,75.0,,
14/3/2026,11:40:13 am,36.99,35.82,1012.85,98.15,0.0,0.0,0.0,0.0,,
14/3/2026,11:40:22 am,37.0,35.72,1012.86,96.31,0.0,45.0,68.0,76.0,,
14/3/2026,11:40:31 am,37.0,35.53,1012.84,99.07,0.0,45.0,66.0,76.0,,
14/3/2026,11:40:41 am,37.02,35.53,1012.8,97.23,0.0,45.0,66.0,76.0,,
14/3/2026,11:40:51 am,37.05,35.51,1012.84,96.31,0.0,45.0,67.0,75.0,,
14/3/2026,11:41:02 am,37.05,35.51,1012.81,95.85,0.0,45.0,66.0,75.0,,
14/3/2026,11:41:12 am,37.13,35.61,1012.82,88.47,0.0,45.0,65.0,75.0,,
14/3/2026,11:41:22 am,37.18,35.32,1012.83,96.31,0.0,44.0,66.0,76.0,,
14/3/2026,11:41:32 am,37.18,35.61,1012.81,96.31,0.0,43.0,63.0,75.0,,
14/3/2026,11:41:42 am,37.2,35.61,1012.84,97.23,0.0,44.0,64.0,76.0,,
14/3/2026,11:41:52 am,37.18,35.61,1012.82,96.77,0.0,45.0,66.0,77.0,,
14/3/2026,11:42:02 am,37.13,35.61,1012.83,96.31,0.0,44.0,64.0,75.0,,
14/3/2026,11:42:12 am,37.12,35.71,1012.82,95.85,0.0,43.0,63.0,74.0,,
14/3/2026,11:42:22 am,37.13,35.61,1012.8,76.95,0.0,43.0,64.0,74.0,,
14/3/2026,11:42:32 am,37.12,35.71,1012.85,119.35,0.0,43.0,63.0,74.0,,
14/3/2026,11:42:43 am,37.1,35.71,1012.83,119.81,0.0,45.0,64.0,75.0,,
14/3/2026,11:42:53 am,37.1,35.71,1012.8,87.09,0.0,43.0,61.0,74.0,,
14/3/2026,11:43:03 am,37.06,35.8,1012.79,120.27,0.0,44.0,64.0,75.0,,
14/3/2026,11:43:13 am,37.06,35.8,1012.81,118.43,0.0,44.0,65.0,75.0,,
14/3/2026,11:43:24 am,37.06,35.8,1012.78,118.43,0.0,43.0,66.0,76.0,,
14/3/2026,11:43:34 am,37.1,35.8,1012.8,120.73,0.0,44.0,66.0,77.0,,
14/3/2026,11:43:44 am,37.09,35.8,1012.81,120.27,0.0,45.0,65.0,76.0,,
14/3/2026,11:43:54 am,37.13,35.8,1012.81,118.43,0.0,44.0,65.0,75.0,,
14/3/2026,11:44:05 am,37.12,35.8,1012.79,119.81,0.0,43.0,63.0,73.0,,
14/3/2026,11:44:15 am,37.15,35.9,1012.79,119.81,0.0,43.0,64.0,74.0,,
14/3/2026,11:44:25 am,37.12,35.8,1012.77,118.89,0.0,43.0,66.0,75.0,,
14/3/2026,11:44:35 am,37.13,35.8,1012.74,120.27,0.0,44.0,67.0,76.0,,
14/3/2026,11:44:46 am,37.2,35.71,1012.82,118.89,0.0,42.0,65.0,75.0,,
14/3/2026,11:44:56 am,37.18,35.8,1012.79,118.89,0.0,44.0,66.0,75.0,,
14/3/2026,11:45:06 am,37.2,35.71,1012.77,118.43,0.0,44.0,65.0,74.0,,
14/3/2026,11:45:16 am,37.18,35.71,1012.79,63.13,0.0,45.0,65.0,74.0,,
14/3/2026,11:45:26 am,37.2,36.97,1012.79,112.44,0.0,42.0,63.0,74.0,,
14/3/2026,11:45:36 am,37.2,35.8,1012.8,119.35,0.0,43.0,64.0,75.0,,
14/3/2026,11:45:46 am,37.2,35.8,1012.78,120.27,0.0,45.0,66.0,76.0,,
14/3/2026,11:45:57 am,37.18,35.71,1012.75,118.89,0.0,45.0,66.0,76.0,,
14/3/2026,11:46:07 am,37.18,35.71,1012.81,119.35,0.0,46.0,68.0,78.0,,
14/3/2026,11:46:17 am,37.18,35.71,1012.77,117.5,0.0,46.0,68.0,76.0,,
14/3/2026,11:46:27 am,37.17,35.71,1012.81,120.73,0.0,46.0,68.0,76.0,,
14/3/2026,11:46:38 am,37.18,35.71,1012.77,119.81,0.0,47.0,68.0,77.0,,
14/3/2026,11:46:48 am,37.18,35.71,1012.77,119.35,0.0,45.0,67.0,76.0,,
14/3/2026,11:46:58 am,37.21,35.71,1012.78,120.73,0.0,47.0,68.0,77.0,,
Invalid Date,Invalid Date,37.21,35.8,1012.76,120.73,0.0,45.0,67.0,77.0,,
14/3/2026,11:47:45 am,37.2,35.8,1012.74,120.27,0.0,44.0,67.0,77.0,,
14/3/2026,11:47:51 am,37.18,35.8,1012.75,121.19,0.0,43.0,66.0,76.0,,
14/3/2026,11:48:01 am,37.21,35.8,1012.72,118.89,0.0,44.0,66.0,76.0,,
14/3/2026,11:48:11 am,37.18,35.8,1012.73,109.67,0.0,44.0,64.0,75.0,,
14/3/2026,11:48:21 am,37.2,35.8,1012.74,120.27,0.0,43.0,64.0,74.0,,
14/3/2026,11:48:31 am,37.21,35.8,1012.78,120.27,0.0,45.0,66.0,76.0,,
14/3/2026,11:48:41 am,37.2,35.8,1012.7,119.35,0.0,46.0,67.0,77.0,,
14/3/2026,11:48:51 am,37.18,35.9,1012.74,117.5,0.0,45.0,65.0,75.0,,
14/3/2026,11:49:02 am,37.21,35.8,1012.75,114.74,0.0,45.0,65.0,75.0,,
14/3/2026,11:49:12 am,37.21,35.8,1012.76,118.89,0.0,45.0,64.0,75.0,,
14/3/2026,11:49:22 am,37.22,35.9,1012.74,117.04,0.0,45.0,66.0,75.0,,
14/3/2026,11:49:32 am,37.24,35.71,1012.71,119.81,0.0,46.0,68.0,76.0,,
14/3/2026,11:49:42 am,37.24,35.71,1012.64,120.27,0.0,45.0,68.0,77.0,,
14/3/2026,11:49:52 am,37.25,35.71,1012.71,118.43,0.0,42.0,64.0,75.0,,
14/3/2026,11:51:01 am,35.28,38.75,1012.72,33.18,0.0,48.0,67.0,73.0,,
14/3/2026,11:51:11 am,35.48,39.24,1012.72,40.09,500.0,44.0,66.0,72.0,,
14/3/2026,11:51:21 am,35.75,39.1,1012.74,40.09,500.0,45.0,68.0,76.0,,
14/3/2026,11:51:31 am,36.01,38.7,1012.7,40.09,500.0,45.0,65.0,76.0,,
14/3/2026,11:51:41 am,36.25,38.21,1012.68,40.09,500.0,43.0,63.0,74.0,,
14/3/2026,11:51:51 am,36.49,37.8,1012.7,40.55,500.0,44.0,64.0,75.0,,
14/3/2026,11:52:01 am,36.69,37.59,1012.68,40.55,500.0,46.0,68.0,76.0,,
Invalid Date,Invalid Date,36.84,37.57,1012.72,41.01,0.0,46.0,69.0,78.0,,
14/3/2026,11:52:37 am,36.9,37.37,1012.74,40.55,500.0,43.0,66.0,75.0,,
14/3/2026,11:52:47 am,37.05,37.26,1012.68,39.63,500.0,45.0,69.0,77.0,,
14/3/2026,11:52:57 am,37.09,37.35,1012.7,23.96,500.0,45.0,68.0,77.0,,
14/3/2026,11:53:07 am,37.13,36.97,1012.74,41.01,500.0,46.0,68.0,78.0,,
14/3/2026,11:53:17 am,37.27,36.87,1012.72,40.55,500.0,45.0,66.0,76.0,,
14/3/2026,11:53:27 am,37.4,36.66,1012.72,40.55,1341.0,43.0,66.0,74.0,,
14/3/2026,11:53:37 am,37.49,36.46,1012.7,35.48,1264.0,44.0,68.0,76.0,,
14/3/2026,11:53:47 am,37.62,36.35,1012.71,35.94,1073.0,44.0,67.0,74.0,,
14/3/2026,11:53:57 am,37.7,36.16,1012.65,37.32,947.0,43.0,65.0,74.0,,
14/3/2026,11:54:07 am,37.81,35.85,1012.71,39.63,897.0,43.0,65.0,74.0,,
14/3/2026,11:54:18 am,37.44,44.03,1012.73,10.6,1649.0,45.0,66.0,74.0,,
14/3/2026,11:54:28 am,37.57,42.17,1012.71,38.25,3537.0,44.0,65.0,75.0,,
14/3/2026,11:54:38 am,37.7,39.16,1012.68,37.79,3780.0,46.0,66.0,76.0,,
14/3/2026,11:54:48 am,37.81,37.88,1012.66,37.79,3342.0,44.0,64.0,76.0,,
14/3/2026,11:54:58 am,37.93,37.3,1012.7,32.72,2949.0,45.0,65.0,77.0,,
14/3/2026,11:55:08 am,38.01,36.82,1012.69,28.57,2296.0,45.0,65.0,76.0,,
14/3/2026,11:55:19 am,38.12,36.51,1012.71,29.95,2065.0,45.0,66.0,76.0,,
14/3/2026,11:55:29 am,38.2,36.22,1012.69,38.71,1638.0,45.0,67.0,79.0,,
14/3/2026,11:55:39 am,38.3,36.0,1012.69,39.63,1446.0,45.0,66.0,76.0,,
14/3/2026,11:55:49 am,38.35,35.62,1012.66,39.63,1196.0,45.0,65.0,75.0,,
14/3/2026,11:56:00 am,38.42,35.52,1012.66,39.63,1019.0,44.0,66.0,75.0,,
14/3/2026,11:56:10 am,38.52,35.42,1012.7,27.19,965.0,44.0,66.0,76.0,,
14/3/2026,12:02:34 pm,37.27,35.13,1012.55,4.61,0.0,44.0,67.0,76.0,,
14/3/2026,12:03:21 pm,36.2,36.65,1012.5,40.55,0.0,46.0,68.0,85.0,,
14/3/2026,12:03:31 pm,36.22,36.75,1012.46,70.5,0.0,46.0,69.0,79.0,,
14/3/2026,12:03:41 pm,36.27,36.55,1012.46,69.58,0.0,49.0,74.0,81.0,,
14/3/2026,12:03:50 pm,36.34,36.54,1012.51,71.42,0.0,50.0,74.0,82.0,,
14/3/2026,12:04:01 pm,36.43,36.44,1012.45,52.99,0.0,49.0,74.0,81.0,,
14/3/2026,12:04:11 pm,36.46,36.44,1012.49,61.75,0.0,48.0,72.0,79.0,,
14/3/2026,12:04:21 pm,36.46,36.34,1012.44,57.14,0.0,45.0,67.0,75.0,,
14/3/2026,12:04:31 pm,36.49,36.34,1012.4,59.44,0.0,45.0,68.0,76.0,,
14/3/2026,12:04:41 pm,36.6,36.13,1012.42,59.9,0.0,47.0,71.0,78.0,,
14/3/2026,12:04:51 pm,36.59,36.04,1012.39,61.75,0.0,50.0,73.0,79.0,,
14/3/2026,12:05:01 pm,36.57,35.94,1012.51,61.29,0.0,50.0,74.0,79.0,,
14/3/2026,12:05:11 pm,36.6,35.94,1012.46,61.75,0.0,50.0,74.0,79.0,,
14/3/2026,12:05:22 pm,36.6,35.84,1012.49,61.29,0.0,51.0,76.0,84.0,,
14/3/2026,12:05:32 pm,36.64,35.74,1012.45,60.36,0.0,49.0,73.0,81.0,,
14/3/2026,12:05:42 pm,36.68,35.64,1012.46,43.32,0.0,48.0,72.0,80.0,,
14/3/2026,12:05:52 pm,36.72,35.74,1012.47,59.44,0.0,46.0,69.0,77.0,,
14/3/2026,12:06:02 pm,36.72,35.74,1012.44,57.14,0.0,45.0,67.0,76.0,,
14/3/2026,12:06:12 pm,36.71,35.74,1012.43,788.89,0.0,45.0,68.0,76.0,,
14/3/2026,12:06:23 pm,36.76,35.64,1012.46,59.9,0.0,43.0,66.0,74.0,,
14/3/2026,12:06:33 pm,36.87,36.5,1012.45,21.66,0.0,44.0,67.0,75.0,,
14/3/2026,12:06:43 pm,125.0,36.02,1012.43,58.98,0.0,45.0,67.0,75.0,,
14/3/2026,12:06:53 pm,125.0,34.95,1012.43,76.49,0.0,47.0,71.0,77.0,,
14/3/2026,12:07:03 pm,125.0,34.85,1012.43,77.88,0.0,46.0,69.0,76.0,,
14/3/2026,12:07:13 pm,125.0,34.83,1012.41,78.34,0.0,46.0,67.0,76.0,,
14/3/2026,12:07:24 pm,125.0,34.93,1012.43,79.26,0.0,46.0,68.0,77.0,,
14/3/2026,12:07:34 pm,125.0,34.93,1012.41,79.26,0.0,45.0,69.0,79.0,,
14/3/2026,12:07:44 pm,125.0,34.83,1012.44,70.5,0.0,44.0,67.0,76.0,,
14/3/2026,12:07:54 pm,125.0,34.74,1012.42,76.03,0.0,43.0,64.0,74.0,,
14/3/2026,12:08:05 pm,125.0,34.35,1012.43,76.49,0.0,43.0,61.0,73.0,,
14/3/2026,12:08:15 pm,125.0,34.44,1012.35,76.49,0.0,43.0,60.0,72.0,,
14/3/2026,12:08:25 pm,125.0,34.44,1012.4,76.49,0.0,41.0,59.0,72.0,,
14/3/2026,12:08:35 pm,125.0,34.44,1012.4,76.49,0.0,41.0,59.0,72.0,,
14/3/2026,12:08:45 pm,125.0,34.44,1012.4,77.41,0.0,42.0,60.0,73.0,,
14/3/2026,12:08:56 pm,125.0,34.25,1012.43,75.57,0.0,41.0,59.0,71.0,,
14/3/2026,12:09:06 pm,125.0,34.06,1012.45,76.03,0.0,42.0,60.0,72.0,,
14/3/2026,12:09:16 pm,125.0,34.06,1012.4,76.95,0.0,42.0,62.0,73.0,,
14/3/2026,12:09:26 pm,125.0,33.84,1012.4,77.41,0.0,41.0,61.0,72.0,,
14/3/2026,12:09:46 pm,125.0,33.56,1012.37,77.41,0.0,42.0,61.0,72.0,,
14/3/2026,12:09:56 pm,125.0,33.65,1012.39,77.88,0.0,44.0,65.0,75.0,,
14/3/2026,12:10:06 pm,125.0,33.65,1012.38,77.41,0.0,45.0,67.0,75.0,,
14/3/2026,12:10:40 pm,36.81,34.75,1012.32,71.88,0.0,44.0,66.0,76.0,,
14/3/2026,12:10:49 pm,36.9,34.56,1012.36,69.12,0.0,44.0,66.0,76.0,,
14/3/2026,12:10:59 pm,37.0,34.46,1012.36,67.74,0.0,43.0,67.0,76.0,,
14/3/2026,12:11:09 pm,37.13,34.16,1012.33,67.28,0.0,44.0,66.0,76.0,,
14/3/2026,12:11:19 pm,37.24,33.96,1012.33,65.89,0.0,43.0,64.0,75.0,,
14/3/2026,12:11:29 pm,37.39,33.84,1012.34,64.97,0.0,43.0,64.0,75.0,,
14/3/2026,12:11:39 pm,37.44,33.65,1012.32,65.89,0.0,42.0,63.0,74.0,,
14/3/2026,12:11:50 pm,37.55,33.15,1012.32,64.51,0.0,42.0,64.0,74.0,,
14/3/2026,12:12:00 pm,37.6,33.25,1012.33,64.51,0.0,43.0,64.0,74.0,,
14/3/2026,12:12:10 pm,37.7,33.44,1012.37,70.04,0.0,44.0,63.0,75.0,,
14/3/2026,12:12:20 pm,37.75,33.64,1012.32,70.5,0.0,42.0,61.0,74.0,,
14/3/2026,12:12:30 pm,37.7,33.73,1012.33,70.5,0.0,42.0,62.0,73.0,,
14/3/2026,12:12:40 pm,37.67,33.64,1012.34,70.04,0.0,41.0,60.0,72.0,,
14/3/2026,12:12:50 pm,37.72,33.44,1012.31,70.5,0.0,42.0,61.0,73.0,,
14/3/2026,12:13:00 pm,37.78,33.44,1012.32,28.11,0.0,43.0,62.0,73.0,,
14/3/2026,12:13:10 pm,37.81,33.52,1012.3,69.12,0.0,46.0,68.0,75.0,,
14/3/2026,12:13:20 pm,37.84,33.52,1012.27,70.5,0.0,47.0,68.0,75.0,,
14/3/2026,12:13:31 pm,37.85,33.52,1012.32,70.5,0.0,46.0,69.0,76.0,,
14/3/2026,12:13:41 pm,37.88,33.42,1012.3,69.58,0.0,45.0,68.0,76.0,,
14/3/2026,12:13:51 pm,37.89,33.52,1012.27,70.5,0.0,46.0,68.0,76.0,,
14/3/2026,12:14:01 pm,37.91,33.42,1012.26,70.04,0.0,44.0,66.0,75.0,,
Invalid Date,Invalid Date,37.82,33.72,1012.27,70.04,0.0,42.0,63.0,73.0,,
14/3/2026,12:14:48 pm,37.82,33.72,1012.26,70.96,0.0,41.0,61.0,73.0,,
14/3/2026,12:14:58 pm,37.82,33.72,1012.24,70.5,0.0,42.0,62.0,75.0,,
14/3/2026,12:15:08 pm,37.81,33.72,1012.25,70.96,0.0,41.0,61.0,74.0,,
14/3/2026,12:15:18 pm,37.78,33.83,1012.25,71.42,0.0,41.0,60.0,72.0,,
14/3/2026,12:15:28 pm,37.82,33.72,1012.3,48.84,0.0,42.0,59.0,71.0,,
14/3/2026,12:15:39 pm,37.86,33.72,1012.23,61.29,0.0,43.0,62.0,73.0,,
14/3/2026,12:15:49 pm,37.86,33.81,1012.24,52.07,0.0,42.0,62.0,73.0,,
14/3/2026,12:15:59 pm,37.85,33.91,1012.25,51.61,0.0,42.0,61.0,72.0,,
14/3/2026,12:16:09 pm,37.88,33.91,1012.24,47.46,0.0,42.0,62.0,74.0,,
14/3/2026,12:16:19 pm,37.86,33.91,1012.22,55.76,0.0,42.0,62.0,74.0,,
14/3/2026,12:16:30 pm,37.89,33.91,1012.25,40.09,0.0,41.0,60.0,71.0,,
14/3/2026,12:16:40 pm,37.89,33.81,1012.22,37.79,0.0,42.0,61.0,72.0,,
14/3/2026,12:16:50 pm,37.94,34.01,1012.23,52.07,0.0,42.0,60.0,72.0,,
14/3/2026,12:17:00 pm,37.96,34.01,1012.23,50.69,0.0,42.0,61.0,72.0,,
14/3/2026,12:17:10 pm,37.96,33.91,1012.17,37.32,0.0,43.0,62.0,73.0,,
14/3/2026,12:17:20 pm,37.96,33.81,1012.22,37.79,0.0,43.0,62.0,73.0,,
14/3/2026,12:17:30 pm,37.96,33.81,1012.17,42.39,0.0,42.0,62.0,72.0,,
14/3/2026,12:17:40 pm,37.97,33.81,1012.23,47.92,0.0,44.0,62.0,73.0,,
14/3/2026,12:17:50 pm,37.89,33.62,1012.22,58.52,0.0,44.0,61.0,73.0,,
14/3/2026,12:18:00 pm,37.93,33.33,1012.21,56.22,0.0,44.0,61.0,73.0,,
14/3/2026,12:18:10 pm,37.96,33.04,1012.24,48.84,0.0,41.0,61.0,71.0,,
14/3/2026,12:18:20 pm,38.0,32.75,1012.24,62.21,0.0,43.0,65.0,75.0,,
14/3/2026,12:18:30 pm,38.03,32.84,1012.23,63.13,0.0,42.0,63.0,74.0,,
14/3/2026,12:18:41 pm,38.06,33.02,1012.22,47.92,0.0,42.0,64.0,74.0,,
14/3/2026,12:18:51 pm,38.09,33.02,1012.23,60.83,0.0,42.0,65.0,75.0,,
14/3/2026,12:19:01 pm,38.12,33.02,1012.21,62.67,0.0,41.0,64.0,75.0,,
14/3/2026,12:40:31 pm,38.71,33.18,1011.77,69.58,-1.0,41.0,61.0,71.0,,
14/3/2026,12:40:41 pm,38.57,33.37,1011.8,69.58,-1.0,42.0,61.0,72.0,,
14/3/2026,12:40:51 pm,38.46,33.49,1011.76,69.58,-1.0,43.0,62.0,73.0,,
14/3/2026,12:41:01 pm,38.35,33.69,1011.78,37.79,-1.0,42.0,61.0,72.0,,
14/3/2026,12:41:11 pm,38.3,33.69,1011.76,38.71,-1.0,43.0,61.0,73.0,,
14/3/2026,12:41:21 pm,38.32,33.78,1011.74,64.97,-1.0,42.0,62.0,72.0,,
14/3/2026,12:41:31 pm,38.28,33.8,1011.76,33.18,-1.0,41.0,62.0,71.0,,
14/3/2026,12:41:41 pm,38.25,33.8,1011.69,35.48,-1.0,43.0,63.0,74.0,,
14/3/2026,12:41:51 pm,38.18,33.89,1011.77,64.05,-1.0,42.0,61.0,72.0,,
14/3/2026,12:42:01 pm,38.13,34.28,1011.77,34.56,-1.0,44.0,62.0,74.0,,
14/3/2026,12:42:12 pm,38.2,34.28,1011.72,60.36,-1.0,42.0,62.0,72.0,,
14/3/2026,12:42:22 pm,38.13,34.28,1011.75,63.13,-1.0,42.0,62.0,72.0,,
14/3/2026,12:42:32 pm,38.22,34.38,1011.71,64.05,-1.0,41.0,62.0,72.0,,
14/3/2026,12:42:42 pm,38.3,34.36,1011.72,37.79,-1.0,42.0,62.0,73.0,,
14/3/2026,12:42:52 pm,38.35,34.36,1011.72,58.06,-1.0,40.0,60.0,72.0,,
14/3/2026,12:43:02 pm,38.35,34.45,1011.71,61.29,-1.0,40.0,61.0,72.0,,
14/3/2026,12:43:12 pm,38.26,34.57,1011.68,15.67,-1.0,39.0,59.0,71.0,,
14/3/2026,12:43:23 pm,38.23,34.67,1011.7,34.56,687.0,39.0,60.0,72.0,,
14/3/2026,12:43:33 pm,38.26,34.77,1011.72,37.79,-0.0,39.0,60.0,71.0,,
14/3/2026,12:43:43 pm,38.25,34.77,1011.69,45.16,681.0,41.0,62.0,73.0,,
14/3/2026,12:43:53 pm,38.09,34.96,1011.67,63.13,-0.0,40.0,59.0,71.0,,
14/3/2026,12:44:03 pm,38.06,35.25,1011.73,43.78,683.0,40.0,59.0,71.0,,
14/3/2026,12:44:14 pm,38.01,35.27,1011.71,61.29,690.0,41.0,62.0,73.0,,
14/3/2026,12:44:24 pm,37.94,35.56,1011.68,60.36,-0.0,39.0,59.0,72.0,,
14/3/2026,12:44:34 pm,37.93,35.46,1011.71,42.39,833.0,39.0,59.0,72.0,,
14/3/2026,12:44:44 pm,37.89,35.46,1011.66,67.28,818.0,39.0,59.0,72.0,,
14/3/2026,12:44:55 pm,37.85,35.46,1011.71,53.91,-0.0,40.0,59.0,72.0,,
14/3/2026,12:45:05 pm,37.96,35.36,1011.67,67.74,776.0,41.0,60.0,73.0,,
14/3/2026,12:45:15 pm,38.0,35.36,1011.68,60.36,749.0,39.0,59.0,72.0,,
14/3/2026,12:45:25 pm,38.01,35.27,1011.64,69.58,-0.0,39.0,59.0,72.0,,
14/3/2026,12:45:35 pm,37.88,35.36,1011.68,47.92,726.0,39.0,58.0,72.0,,
14/3/2026,12:45:45 pm,37.96,35.46,1011.62,69.12,-0.0,40.0,60.0,72.0,,
14/3/2026,12:45:56 pm,37.88,35.46,1011.64,47.92,-0.0,39.0,60.0,71.0,,
14/3/2026,12:46:06 pm,37.94,35.46,1011.64,45.62,-0.0,42.0,64.0,74.0,,
14/3/2026,12:46:16 pm,37.98,35.46,1011.69,53.45,701.0,44.0,66.0,77.0,,
14/3/2026,12:46:26 pm,38.03,35.36,1011.66,72.81,-0.0,41.0,65.0,75.0,,
14/3/2026,12:46:36 pm,38.0,35.36,1011.69,36.86,-0.0,43.0,64.0,76.0,,
14/3/2026,12:46:47 pm,37.98,35.46,1011.66,19.81,699.0,43.0,63.0,74.0,,
14/3/2026,12:46:57 pm,37.91,35.56,1011.66,20.28,-0.0,43.0,63.0,73.0,,
14/3/2026,12:47:07 pm,37.88,35.75,1011.67,21.66,689.0,45.0,65.0,76.0,,
14/3/2026,12:47:17 pm,37.85,35.85,1011.66,30.87,-0.0,43.0,64.0,75.0,,
14/3/2026,12:47:28 pm,37.89,35.85,1011.68,30.41,-0.0,43.0,66.0,76.0,,
14/3/2026,12:47:38 pm,37.93,35.94,1011.64,29.03,-0.0,42.0,63.0,75.0,,
14/3/2026,12:47:48 pm,37.94,35.94,1011.63,29.03,693.0,42.0,64.0,76.0,,
14/3/2026,12:47:58 pm,37.96,35.94,1011.67,30.87,689.0,41.0,63.0,73.0,,
14/3/2026,12:48:08 pm,37.93,36.04,1011.63,30.87,-0.0,42.0,62.0,73.0,,
14/3/2026,12:48:18 pm,37.86,36.04,1011.65,30.41,688.0,41.0,61.0,73.0,,
14/3/2026,12:48:29 pm,37.88,36.04,1011.65,29.95,690.0,41.0,59.0,72.0,,
14/3/2026,12:48:39 pm,37.85,36.14,1011.64,30.87,689.0,40.0,59.0,72.0,,
14/3/2026,12:49:10 pm,38.03,35.94,1011.6,29.49,-1.0,39.0,58.0,72.0,,
14/3/2026,12:49:20 pm,37.98,35.85,1011.62,29.95,-1.0,40.0,58.0,73.0,,
14/3/2026,12:49:30 pm,37.89,36.04,1011.59,29.49,-1.0,41.0,60.0,74.0,,
14/3/2026,12:49:40 pm,37.79,36.16,1011.58,29.03,-1.0,41.0,61.0,73.0,,
14/3/2026,12:49:50 pm,37.81,36.14,1011.61,29.49,-1.0,41.0,61.0,73.0,,
14/3/2026,12:50:01 pm,37.79,36.25,1011.59,29.49,-1.0,40.0,57.0,69.0,,
14/3/2026,12:50:11 pm,37.81,36.24,1011.57,31.33,-1.0,41.0,58.0,71.0,,
14/3/2026,12:50:21 pm,37.84,36.24,1011.58,29.95,-1.0,41.0,58.0,72.0,,
14/3/2026,12:50:31 pm,37.91,36.14,1011.61,30.87,-1.0,40.0,57.0,71.0,,
14/3/2026,12:50:41 pm,37.96,36.14,1011.57,30.87,-1.0,40.0,57.0,71.0,,
14/3/2026,12:50:51 pm,37.91,36.14,1011.57,30.87,-1.0,41.0,59.0,72.0,,
14/3/2026,12:51:01 pm,37.93,36.14,1011.59,30.87,-1.0,40.0,59.0,71.0,,
14/3/2026,12:51:11 pm,37.98,36.24,1011.59,30.87,-1.0,39.0,57.0,70.0,,
14/3/2026,12:51:22 pm,38.04,36.12,1011.58,30.87,-1.0,40.0,61.0,74.0,,
14/3/2026,12:51:32 pm,37.94,36.14,1011.54,29.95,-1.0,40.0,60.0,72.0,,
14/3/2026,12:51:42 pm,37.98,36.14,1011.6,30.41,-1.0,40.0,60.0,74.0,,
14/3/2026,12:51:52 pm,37.97,36.24,1011.57,30.87,-1.0,40.0,61.0,74.0,,
14/3/2026,12:52:03 pm,38.0,36.33,1011.56,30.87,701.0,40.0,60.0,73.0,,
14/3/2026,12:52:13 pm,38.0,36.33,1011.57,30.87,707.0,39.0,59.0,72.0,,
14/3/2026,12:52:23 pm,37.93,36.33,1011.58,31.33,698.0,40.0,62.0,74.0,,
14/3/2026,12:52:33 pm,37.96,36.33,1011.52,30.87,706.0,39.0,62.0,73.0,,
14/3/2026,12:52:43 pm,37.96,36.24,1011.53,31.33,702.0,39.0,61.0,72.0,,
14/3/2026,12:52:53 pm,37.88,36.24,1011.59,30.87,692.0,40.0,59.0,72.0,,
14/3/2026,12:53:04 pm,37.86,36.33,1011.58,30.87,690.0,38.0,55.0,69.0,,
14/3/2026,12:53:14 pm,37.91,36.33,1011.54,30.87,679.0,38.0,56.0,69.0,,
14/3/2026,12:53:24 pm,37.89,36.33,1011.56,31.33,688.0,38.0,56.0,70.0,,
14/3/2026,12:53:34 pm,37.94,36.33,1011.52,30.87,689.0,38.0,55.0,69.0,,
14/3/2026,12:53:45 pm,37.91,36.33,1011.56,29.95,688.0,39.0,56.0,68.0,,
14/3/2026,12:53:55 pm,37.86,36.43,1011.57,17.51,680.0,40.0,58.0,70.0,,
14/3/2026,12:54:05 pm,37.81,36.72,1011.57,32.72,689.0,39.0,55.0,69.0,,
14/3/2026,12:54:16 pm,37.81,36.72,1011.56,66.82,692.0,38.0,55.0,70.0,,
14/3/2026,12:54:26 pm,37.79,36.54,1011.53,66.82,691.0,40.0,57.0,72.0,,
14/3/2026,12:54:37 pm,37.79,36.54,1011.5,66.36,695.0,40.0,57.0,72.0,,
14/3/2026,12:54:47 pm,37.84,36.52,1011.53,66.82,690.0,39.0,58.0,71.0,,
14/3/2026,12:54:57 pm,37.89,36.43,1011.55,65.89,684.0,39.0,60.0,72.0,,
14/3/2026,12:55:07 pm,37.89,36.33,1011.54,66.36,686.0,39.0,59.0,72.0,,
14/3/2026,12:55:17 pm,37.96,36.24,1011.56,65.43,694.0,40.0,61.0,72.0,,
14/3/2026,12:55:27 pm,37.96,36.24,1011.53,64.05,699.0,40.0,60.0,72.0,,
14/3/2026,12:55:37 pm,37.94,36.14,1011.52,65.89,696.0,42.0,62.0,73.0,,
14/3/2026,12:55:48 pm,37.98,36.14,1011.5,65.43,698.0,41.0,63.0,73.0,,
14/3/2026,12:55:58 pm,38.0,36.04,1011.44,65.43,694.0,41.0,63.0,74.0,,
14/3/2026,12:56:08 pm,37.97,36.04,1011.47,64.97,688.0,41.0,62.0,74.0,,
14/3/2026,12:56:18 pm,37.93,36.04,1011.54,65.89,691.0,42.0,63.0,75.0,,
14/3/2026,12:56:28 pm,37.86,36.14,1011.5,65.89,687.0,42.0,62.0,74.0,,
14/3/2026,12:56:39 pm,37.89,36.14,1011.51,66.36,691.0,41.0,61.0,73.0,,
14/3/2026,12:56:49 pm,37.85,36.14,1011.51,65.43,690.0,41.0,63.0,75.0,,
14/3/2026,12:56:59 pm,37.81,36.14,1011.52,64.05,687.0,41.0,61.0,74.0,,
14/3/2026,12:57:09 pm,37.74,36.16,1011.48,63.13,687.0,39.0,58.0,71.0,,
14/3/2026,12:57:19 pm,37.72,36.25,1011.43,66.36,680.0,39.0,59.0,71.0,,
14/3/2026,12:57:30 pm,37.72,36.16,1011.48,67.28,698.0,40.0,59.0,71.0,,
14/3/2026,12:57:40 pm,37.75,36.16,1011.47,66.82,692.0,39.0,58.0,70.0,,
14/3/2026,12:57:50 pm,37.79,36.06,1011.46,67.28,688.0,40.0,58.0,69.0,,
14/3/2026,12:58:00 pm,37.78,35.96,1011.42,66.36,688.0,40.0,60.0,72.0,,
14/3/2026,12:58:10 pm,37.81,35.94,1011.47,67.74,691.0,40.0,60.0,72.0,,
14/3/2026,12:58:20 pm,37.79,35.96,1011.45,67.28,691.0,39.0,59.0,70.0,,
14/3/2026,12:58:31 pm,37.79,35.96,1011.45,68.2,686.0,39.0,57.0,71.0,,
14/3/2026,12:58:41 pm,37.76,35.86,1011.46,65.89,695.0,39.0,57.0,70.0,,
14/3/2026,12:58:51 pm,37.76,35.86,1011.46,67.74,690.0,40.0,60.0,71.0,,
14/3/2026,12:59:02 pm,37.85,35.85,1011.43,66.82,684.0,39.0,60.0,70.0,,
14/3/2026,12:59:12 pm,37.89,35.75,1011.44,66.82,685.0,41.0,62.0,73.0,,
14/3/2026,12:59:22 pm,37.98,35.66,1011.43,80.64,700.0,39.0,60.0,72.0,,
14/3/2026,12:59:32 pm,38.03,35.66,1011.4,81.1,701.0,40.0,61.0,73.0,,
14/3/2026,12:59:42 pm,38.11,35.54,1011.44,83.4,699.0,41.0,60.0,72.0,,
14/3/2026,12:59:52 pm,38.06,35.44,1011.42,83.87,700.0,40.0,59.0,73.0,,
14/3/2026,1:00:03 pm,37.94,35.66,1011.39,83.4,702.0,39.0,57.0,70.0,,
14/3/2026,1:00:13 pm,37.97,35.75,1011.43,83.4,705.0,42.0,61.0,73.0,,
14/3/2026,1:00:23 pm,37.96,35.75,1011.43,84.79,717.0,41.0,60.0,73.0,,
14/3/2026,1:00:33 pm,37.96,35.75,1011.43,85.25,695.0,39.0,58.0,72.0,,
14/3/2026,1:00:43 pm,38.0,35.75,1011.45,85.25,698.0,38.0,56.0,70.0,,
14/3/2026,1:00:53 pm,37.94,35.75,1011.45,85.25,699.0,39.0,57.0,71.0,,
14/3/2026,1:01:04 pm,37.86,35.66,1011.4,86.17,700.0,38.0,57.0,71.0,,
14/3/2026,1:01:14 pm,37.93,35.66,1011.38,86.63,690.0,40.0,59.0,73.0,,
14/3/2026,1:01:24 pm,37.89,35.56,1011.4,86.17,697.0,40.0,60.0,73.0,,
14/3/2026,1:01:34 pm,37.93,35.56,1011.4,85.25,699.0,40.0,60.0,72.0,,
14/3/2026,1:01:45 pm,37.98,35.36,1011.37,85.25,694.0,39.0,60.0,72.0,,
14/3/2026,1:01:55 pm,37.96,35.36,1011.39,87.09,684.0,40.0,61.0,73.0,,
14/3/2026,1:02:05 pm,37.91,35.36,1011.38,85.71,696.0,40.0,61.0,73.0,,
14/3/2026,1:02:15 pm,37.97,35.36,1011.37,84.79,699.0,40.0,57.0,70.0,,
14/3/2026,1:02:25 pm,38.03,35.36,1011.38,85.25,714.0,40.0,58.0,70.0,,
14/3/2026,1:02:36 pm,38.03,35.27,1011.38,73.73,719.0,41.0,61.0,72.0,,
14/3/2026,1:02:46 pm,37.98,35.27,1011.38,83.4,724.0,39.0,59.0,70.0,,
14/3/2026,1:02:56 pm,38.03,35.27,1011.37,87.09,716.0,39.0,60.0,71.0,,
14/3/2026,1:03:06 pm,38.04,35.15,1011.36,88.01,733.0,38.0,59.0,70.0,,
14/3/2026,1:03:16 pm,38.03,35.17,1011.4,88.01,735.0,40.0,62.0,72.0,,
14/3/2026,1:05:48 pm,37.93,35.36,1011.28,70.04,-1.0,41.0,61.0,73.0,,
14/3/2026,1:05:58 pm,37.98,35.36,1011.32,70.5,-1.0,40.0,60.0,74.0,,
14/3/2026,1:06:08 pm,37.97,35.36,1011.31,70.5,-1.0,39.0,58.0,72.0,,
14/3/2026,1:06:18 pm,37.93,35.46,1011.33,70.96,-1.0,39.0,58.0,70.0,,
14/3/2026,1:06:29 pm,37.89,35.56,1011.28,71.88,-1.0,40.0,60.0,72.0,,
14/3/2026,1:08:01 pm,37.88,36.04,1011.27,68.2,-1.0,38.0,56.0,69.0,,
14/3/2026,1:08:12 pm,37.88,36.14,1011.26,66.36,-1.0,39.0,57.0,70.0,,
Invalid Date,Invalid Date,37.94,36.24,1011.29,68.2,-1.0,39.0,57.0,70.0,,
14/3/2026,1:08:41 pm,37.91,36.14,1011.25,68.2,-1.0,39.0,57.0,70.0,,
14/3/2026,1:16:45 pm,38.25,34.86,1011.09,76.95,-1.0,41.0,61.0,74.0,,
Invalid Date,Invalid Date,41.6,35.5,1010.59,54.84,-1.0,37.0,53.0,69.0,,
Invalid Date,Invalid Date,41.63,35.5,1010.67,55.76,-1.0,36.0,53.0,69.0,,
14/3/2026,1:55:29 pm,41.62,35.6,1010.64,54.37,-1.0,37.0,55.0,70.0,,
14/3/2026,1:55:39 pm,41.6,35.6,1010.54,55.3,-1.0,38.0,57.0,71.0,,
14/3/2026,2:03:46 pm,40.76,38.16,1010.46,53.45,-1.0,35.0,52.0,66.0,,
14/3/2026,2:03:51 pm,40.82,38.06,1010.42,54.37,-1.0,36.0,53.0,67.0,,
Invalid Date,Invalid Date,40.0,40.92,1010.49,48.38,-0.0,38.0,58.0,76.0,,
Invalid Date,Invalid Date,40.01,41.02,1010.46,48.84,-0.0,35.0,52.0,68.0,,
14/3/2026,2:09:21 pm,40.16,40.9,1010.44,48.84,-0.0,37.0,54.0,69.0,,
14/3/2026,2:09:31 pm,40.27,40.8,1010.38,48.38,-0.0,38.0,55.0,70.0,,
14/3/2026,2:09:41 pm,40.41,40.49,1010.46,40.55,-0.0,35.0,51.0,66.0,,
14/3/2026,2:09:51 pm,40.54,40.39,1010.46,48.38,-0.0,35.0,52.0,66.0,,
Invalid Date,Invalid Date,40.69,39.99,1010.45,48.84,-0.0,0.0,0.0,0.0,,
14/3/2026,2:10:40 pm,40.73,39.89,1010.47,49.31,-0.0,37.0,53.0,66.0,,
14/3/2026,2:10:50 pm,40.79,39.89,1010.43,49.31,-0.0,35.0,53.0,66.0,,
14/3/2026,2:11:00 pm,40.74,39.99,1010.44,48.38,-0.0,35.0,52.0,66.0,,
14/3/2026,2:11:10 pm,40.79,39.89,1010.44,49.77,-0.0,36.0,52.0,66.0,,
14/3/2026,2:11:20 pm,40.74,39.89,1010.42,48.84,-0.0,36.0,52.0,65.0,,
14/3/2026,2:23:26 pm,40.74,41.44,1010.3,51.61,-0.0,35.0,51.0,64.0,,
14/3/2026,2:23:35 pm,40.88,41.32,1010.22,52.07,-0.0,34.0,50.0,63.0,,
14/3/2026,2:23:45 pm,41.01,41.22,1010.3,52.07,-0.0,34.0,51.0,65.0,,
14/3/2026,2:23:55 pm,41.06,41.03,1010.27,52.53,-0.0,34.0,49.0,64.0,,
14/3/2026,2:24:05 pm,41.06,41.03,1010.3,51.61,-0.0,33.0,49.0,63.0,,
14/3/2026,2:24:15 pm,41.08,41.03,1010.28,53.91,-0.0,34.0,50.0,64.0,,
14/3/2026,2:24:25 pm,41.2,41.01,1010.3,64.97,-0.0,33.0,50.0,65.0,,
14/3/2026,2:24:35 pm,41.2,40.91,1010.34,64.51,-0.0,34.0,52.0,66.0,,
14/3/2026,2:24:45 pm,41.25,40.91,1010.25,64.51,-0.0,33.0,51.0,64.0,,
14/3/2026,2:24:55 pm,41.25,40.81,1010.25,64.51,-0.0,33.0,51.0,64.0,,
14/3/2026,2:25:06 pm,41.29,40.81,1010.3,64.51,-0.0,35.0,52.0,66.0,,
14/3/2026,2:25:16 pm,41.29,40.81,1010.23,64.05,-0.0,34.0,50.0,65.0,,
14/3/2026,2:25:26 pm,41.39,40.8,1010.36,64.97,-0.0,33.0,49.0,64.0,,
14/3/2026,2:25:36 pm,41.42,40.7,1010.35,63.59,-0.0,33.0,50.0,64.0,,
14/3/2026,2:25:46 pm,41.45,40.61,1010.32,64.05,-0.0,33.0,49.0,63.0,,
14/3/2026,2:25:56 pm,41.42,40.7,1010.33,49.77,-0.0,34.0,50.0,64.0,,
14/3/2026,2:26:06 pm,41.47,40.61,1010.33,63.59,-0.0,33.0,49.0,61.0,,
14/3/2026,2:26:16 pm,41.48,40.7,1010.29,64.51,-0.0,33.0,49.0,62.0,,
14/3/2026,2:26:26 pm,41.57,40.61,1010.26,64.97,-0.0,34.0,50.0,63.0,,
14/3/2026,2:26:37 pm,41.6,40.41,1010.24,65.43,-0.0,33.0,49.0,62.0,,
14/3/2026,2:26:47 pm,41.66,40.39,1010.26,63.59,-0.0,33.0,48.0,63.0,,
14/3/2026,2:26:57 pm,41.67,40.39,1010.25,66.36,-0.0,33.0,49.0,62.0,,
14/3/2026,2:27:07 pm,41.64,40.39,1010.24,65.43,-0.0,34.0,50.0,64.0,,
14/3/2026,2:27:17 pm,41.6,40.61,1010.23,65.43,-0.0,33.0,49.0,62.0,,
14/3/2026,2:27:27 pm,41.54,40.8,1010.27,7.37,-0.0,34.0,50.0,64.0,,
14/3/2026,2:27:37 pm,125.0,40.8,1010.28,65.89,-0.0,33.0,49.0,62.0,,
14/3/2026,2:27:48 pm,125.0,40.8,1010.24,64.05,-0.0,34.0,51.0,63.0,,
14/3/2026,2:27:58 pm,125.0,40.91,1010.27,66.82,-0.0,34.0,50.0,63.0,,
14/3/2026,2:28:08 pm,125.0,41.2,1010.26,66.82,-0.0,33.0,48.0,62.0,,
14/3/2026,2:28:18 pm,125.0,41.51,1010.23,66.82,-0.0,33.0,49.0,63.0,,
14/3/2026,2:28:29 pm,125.0,41.82,1010.26,65.89,-0.0,34.0,50.0,63.0,,
14/3/2026,2:28:39 pm,125.0,42.11,1010.25,66.36,-0.0,34.0,50.0,63.0,,
14/3/2026,2:28:49 pm,125.0,42.42,1010.27,65.89,-0.0,33.0,48.0,61.0,,
14/3/2026,2:28:59 pm,125.0,42.61,1010.22,65.89,-0.0,33.0,49.0,61.0,,
14/3/2026,2:29:09 pm,125.0,42.73,1010.16,65.43,-0.0,33.0,50.0,63.0,,
14/3/2026,2:29:19 pm,125.0,43.02,1010.18,66.36,-0.0,33.0,49.0,61.0,,
14/3/2026,2:29:30 pm,125.0,43.21,1010.24,66.36,-0.0,33.0,49.0,61.0,,
14/3/2026,2:29:40 pm,125.0,43.33,1010.24,65.89,-0.0,33.0,49.0,61.0,,
14/3/2026,2:29:50 pm,125.0,43.52,1010.21,66.82,-0.0,33.0,48.0,61.0,,
14/3/2026,2:30:00 pm,125.0,43.62,1010.23,66.36,-0.0,33.0,48.0,62.0,,
14/3/2026,2:30:11 pm,125.0,43.93,1010.23,65.89,-0.0,32.0,48.0,60.0,,
14/3/2026,2:30:21 pm,125.0,44.03,1010.18,66.36,-0.0,32.0,48.0,60.0,,
14/3/2026,2:30:31 pm,125.0,44.22,1010.19,66.36,-0.0,33.0,48.0,61.0,,
14/3/2026,2:30:41 pm,125.0,44.34,1010.17,65.89,-0.0,32.0,48.0,62.0,,
14/3/2026,2:30:51 pm,125.0,44.43,1010.16,66.36,-0.0,32.0,47.0,61.0,,
14/3/2026,2:31:02 pm,125.0,44.43,1010.17,66.82,-0.0,32.0,48.0,61.0,,
14/3/2026,2:31:12 pm,125.0,44.32,1010.18,66.36,-0.0,32.0,48.0,61.0,,
14/3/2026,2:31:22 pm,125.0,44.34,1010.21,66.82,-0.0,33.0,48.0,62.0,,
14/3/2026,2:31:32 pm,125.0,44.43,1010.18,65.89,-0.0,32.0,47.0,62.0,,
14/3/2026,2:31:42 pm,125.0,44.53,1010.23,66.36,-0.0,33.0,50.0,64.0,,
14/3/2026,2:31:52 pm,125.0,44.73,1010.17,65.89,-0.0,33.0,49.0,62.0,,
14/3/2026,2:32:03 pm,125.0,44.73,1010.22,65.89,-0.0,33.0,49.0,61.0,,
14/3/2026,2:32:13 pm,125.0,44.84,1010.19,66.82,-0.0,32.0,48.0,62.0,,
Invalid Date,Invalid Date,125.0,44.94,1010.27,66.36,-0.0,32.0,48.0,60.0,,
14/3/2026,2:33:07 pm,125.0,45.04,1010.26,65.89,-0.0,31.0,47.0,60.0,,
14/3/2026,2:33:14 pm,125.0,45.04,1010.22,66.82,-0.0,33.0,48.0,61.0,,
14/3/2026,2:53:32 pm,125.0,44.56,1010.05,66.82,-0.0,29.0,44.0,55.0,,
14/3/2026,2:53:43 pm,125.0,44.65,1009.95,67.28,-0.0,29.0,44.0,54.0,,
14/3/2026,8:50:43 pm,125.0,47.81,1010.3,11.06,0.0,26.0,39.0,49.0,,
14/3/2026,8:50:48 pm,125.0,47.69,1010.28,11.06,0.0,25.0,38.0,48.0,,
14/3/2026,8:50:58 pm,125.0,47.69,1010.24,11.06,0.0,25.0,38.0,48.0,,
14/3/2026,8:51:08 pm,125.0,47.71,1010.29,11.06,0.0,25.0,37.0,46.0,,
14/3/2026,8:51:18 pm,125.0,47.81,1010.32,11.06,0.0,24.0,36.0,46.0,,
14/3/2026,8:51:29 pm,125.0,47.81,1010.26,10.6,0.0,24.0,37.0,46.0,,
14/3/2026,8:51:39 pm,125.0,48.0,1010.24,6.91,0.0,24.0,36.0,45.0,,
14/3/2026,8:51:49 pm,125.0,48.0,1010.31,8.29,0.0,23.0,35.0,44.0,,
14/3/2026,8:51:59 pm,125.0,48.1,1010.32,8.29,0.0,24.0,36.0,47.0,,
14/3/2026,8:52:09 pm,125.0,48.1,1010.34,12.44,0.0,23.0,35.0,45.0,,
14/3/2026,8:52:20 pm,125.0,48.1,1010.32,11.52,0.0,23.0,34.0,42.0,,
14/3/2026,8:52:30 pm,125.0,48.2,1010.28,14.28,0.0,23.0,33.0,39.0,,
14/3/2026,8:52:40 pm,125.0,48.2,1010.29,1056.15,0.0,22.0,32.0,37.0,,
14/3/2026,8:52:50 pm,125.0,48.3,1010.25,13.82,0.0,23.0,34.0,39.0,,
14/3/2026,8:53:01 pm,125.0,48.2,1010.33,12.9,0.0,22.0,33.0,38.0,,
14/3/2026,8:53:11 pm,125.0,48.3,1010.31,11.98,0.0,23.0,33.0,38.0,,
Invalid Date,Invalid Date,31.39,61.52,1010.58,9.68,0.0,20.0,42.0,49.0,,
14/3/2026,9:25:38 pm,31.84,60.78,1010.66,12.44,500.0,22.0,43.0,52.0,,
14/3/2026,9:25:47 pm,32.32,59.25,1010.66,12.9,500.0,22.0,39.0,50.0,,
14/3/2026,9:25:57 pm,32.7,58.25,1010.62,12.9,500.0,23.0,40.0,50.0,,
14/3/2026,9:26:07 pm,33.03,57.31,1010.57,12.44,500.0,24.0,38.0,47.0,,
14/3/2026,9:26:18 pm,33.32,56.5,1010.6,11.98,500.0,24.0,38.0,48.0,,
14/3/2026,9:26:28 pm,33.6,55.88,1010.69,10.6,1360.0,24.0,38.0,47.0,,
14/3/2026,9:26:38 pm,33.86,55.18,1010.65,12.44,1119.0,24.0,38.0,47.0,,
14/3/2026,9:26:48 pm,34.06,54.66,1010.65,12.44,1307.0,25.0,36.0,46.0,,
14/3/2026,9:26:58 pm,34.22,54.17,1010.68,11.98,949.0,25.0,36.0,46.0,,
14/3/2026,9:27:08 pm,34.43,53.75,1010.66,11.52,1438.0,26.0,36.0,46.0,,
14/3/2026,9:27:19 pm,34.59,53.44,1010.68,10.14,1785.0,26.0,38.0,48.0,,
14/3/2026,9:27:29 pm,34.75,53.14,1010.56,11.06,2927.0,26.0,39.0,49.0,,
14/3/2026,9:27:39 pm,34.91,52.73,1010.69,11.06,2715.0,27.0,39.0,49.0,,
14/3/2026,9:27:49 pm,35.03,52.4,1010.64,12.9,3054.0,26.0,39.0,49.0,,
14/3/2026,9:27:59 pm,35.16,52.22,1010.71,12.44,1904.0,26.0,38.0,51.0,,
14/3/2026,9:28:10 pm,35.23,52.02,1010.67,12.9,2284.0,25.0,38.0,50.0,,
14/3/2026,9:28:20 pm,35.36,51.8,1010.68,12.9,1691.0,26.0,39.0,50.0,,
14/3/2026,9:28:30 pm,35.4,51.61,1010.68,12.9,1856.0,25.0,37.0,48.0,,
14/3/2026,9:28:40 pm,35.5,51.51,1010.69,12.9,1517.0,25.0,38.0,48.0,,
14/3/2026,9:28:51 pm,125.0,51.29,1010.61,12.9,1945.0,27.0,40.0,49.0,,
14/3/2026,9:29:01 pm,125.0,51.09,1010.7,12.9,1673.0,26.0,40.0,50.0,,
14/3/2026,9:29:11 pm,125.0,50.87,1010.71,12.9,1859.0,26.0,39.0,48.0,,
14/3/2026,9:29:21 pm,125.0,50.78,1010.71,13.36,1632.0,27.0,39.0,49.0,,
14/3/2026,9:29:31 pm,125.0,50.68,1010.68,12.9,1755.0,26.0,38.0,49.0,,
14/3/2026,9:29:41 pm,125.0,50.58,1010.65,13.36,1591.0,27.0,39.0,49.0,,
14/3/2026,9:29:51 pm,125.0,50.48,1010.7,13.82,1511.0,26.0,38.0,48.0,,
14/3/2026,9:30:01 pm,125.0,50.36,1010.71,13.36,1578.0,27.0,40.0,49.0,,
14/3/2026,9:30:12 pm,125.0,50.26,1010.67,12.9,1547.0,25.0,39.0,48.0,,
14/3/2026,9:30:22 pm,125.0,50.16,1010.7,12.9,1756.0,26.0,40.0,49.0,,
14/3/2026,9:30:32 pm,125.0,50.07,1010.73,12.9,1466.0,25.0,38.0,48.0,,
14/3/2026,9:30:42 pm,125.0,50.07,1010.75,12.44,1655.0,25.0,38.0,48.0,,
14/3/2026,9:30:52 pm,125.0,49.95,1010.69,12.44,1490.0,26.0,38.0,47.0,,
14/3/2026,9:31:02 pm,125.0,49.85,1010.71,12.9,1699.0,27.0,39.0,49.0,,
14/3/2026,9:31:13 pm,125.0,49.76,1010.72,12.9,1224.0,27.0,39.0,49.0,,
14/3/2026,9:31:23 pm,125.0,49.66,1010.73,12.9,1497.0,25.0,38.0,46.0,,
14/3/2026,9:31:33 pm,125.0,49.56,1010.69,12.44,1177.0,26.0,39.0,48.0,,
14/3/2026,9:31:43 pm,125.0,49.46,1010.71,12.44,1456.0,26.0,39.0,49.0,,
14/3/2026,9:31:53 pm,125.0,49.56,1010.74,12.44,1148.0,25.0,38.0,48.0,,
14/3/2026,9:32:04 pm,125.0,49.63,1010.72,11.98,1699.0,26.0,39.0,49.0,,
14/3/2026,9:32:14 pm,125.0,49.34,1010.67,11.98,1334.0,25.0,38.0,48.0,,
Invalid Date,Invalid Date,32.28,59.74,1010.8,9.22,0.0,21.0,31.0,32.0,,
14/3/2026,9:41:31 pm,32.75,59.22,1010.85,6.91,0.0,21.0,33.0,35.0,,
14/3/2026,9:41:38 pm,33.12,58.18,1010.84,3.69,0.0,22.0,33.0,39.0,,
14/3/2026,9:41:48 pm,33.6,56.86,1010.87,10.6,0.0,21.0,34.0,38.0,,
14/3/2026,9:41:58 pm,33.94,55.96,1010.86,12.9,0.0,22.0,35.0,41.0,,
14/3/2026,9:42:08 pm,34.24,55.15,1010.87,12.9,0.0,22.0,35.0,40.0,,
14/3/2026,9:42:18 pm,34.49,54.53,1010.86,12.9,0.0,22.0,35.0,41.0,,
14/3/2026,9:42:28 pm,34.75,53.92,1010.88,12.9,0.0,22.0,36.0,43.0,,
14/3/2026,9:42:38 pm,34.92,53.5,1010.9,12.9,0.0,23.0,35.0,42.0,,
14/3/2026,9:42:48 pm,35.1,52.99,1010.85,12.9,0.0,24.0,36.0,43.0,,
14/3/2026,9:42:58 pm,35.28,52.58,1010.8,12.44,0.0,23.0,34.0,42.0,,
14/3/2026,9:49:24 pm,33.59,56.86,1010.93,12.44,500.0,24.0,35.0,46.0,,
14/3/2026,9:49:32 pm,33.78,56.45,1010.92,12.44,500.0,24.0,35.0,46.0,,
14/3/2026,9:49:42 pm,34.17,55.44,1010.95,11.52,500.0,23.0,35.0,44.0,,
14/3/2026,9:49:52 pm,34.46,54.63,1010.85,11.52,500.0,23.0,36.0,46.0,,
Invalid Date,Invalid Date,31.75,66.11,1010.22,24.42,0.0,24.0,31.0,32.0,,
15/3/2026,1:23:47 pm,32.22,65.16,1010.2,21.2,500.0,23.0,31.0,33.0,,
15/3/2026,1:23:54 pm,32.78,63.7,1010.19,21.2,500.0,20.0,30.0,36.0,,
15/3/2026,1:24:05 pm,33.18,62.49,1010.19,21.66,500.0,19.0,30.0,35.0,,
15/3/2026,1:24:15 pm,33.53,61.25,1010.24,21.66,500.0,19.0,31.0,38.0,,
15/3/2026,1:24:26 pm,33.86,60.35,1010.22,21.66,500.0,19.0,32.0,38.0,,
15/3/2026,1:24:36 pm,34.15,59.54,1010.22,21.66,739.0,19.0,31.0,39.0,,
15/3/2026,1:24:46 pm,34.34,58.83,1010.22,22.12,689.0,19.0,31.0,41.0,,
15/3/2026,1:24:56 pm,34.58,58.31,1010.18,22.12,722.0,20.0,32.0,41.0,,
15/3/2026,1:25:06 pm,34.75,57.82,1010.11,23.04,717.0,19.0,31.0,39.0,,
15/3/2026,1:25:16 pm,34.92,57.31,1010.2,21.2,766.0,19.0,31.0,38.0,,
15/3/2026,1:25:27 pm,35.14,56.79,1010.2,23.04,727.0,20.0,31.0,37.0,,
15/3/2026,1:25:37 pm,35.38,56.27,1010.23,23.5,747.0,19.0,30.0,39.0,,
15/3/2026,1:25:47 pm,35.5,55.89,1010.24,24.42,712.0,20.0,30.0,41.0,,
15/3/2026,1:25:57 pm,35.68,55.47,1010.19,24.42,713.0,19.0,29.0,40.0,,
15/3/2026,1:26:08 pm,35.72,55.18,1010.19,24.42,701.0,19.0,30.0,39.0,,
15/3/2026,1:26:18 pm,35.82,54.76,1010.19,24.42,718.0,19.0,30.0,38.0,,
15/3/2026,1:26:28 pm,35.92,54.57,1010.21,23.5,693.0,19.0,30.0,36.0,,
Invalid Date,Invalid Date,36.39,53.54,1009.94,86.63,0.0,15.0,26.0,33.0,,
16/3/2026,1:06:48 am,36.41,53.64,1009.91,85.71,0.0,14.0,24.0,32.0,,
16/3/2026,1:06:57 am,125.0,53.64,1009.98,86.63,0.0,14.0,25.0,36.0,,
16/3/2026,1:07:07 am,125.0,53.54,1009.93,86.17,0.0,14.0,25.0,33.0,,
16/3/2026,1:07:47 am,125.0,53.54,1010.0,86.17,0.0,14.0,27.0,32.0,,
16/3/2026,1:07:58 am,125.0,53.54,1009.93,86.63,0.0,12.0,28.0,31.0,,
16/3/2026,1:08:08 am,125.0,53.64,1009.96,86.63,0.0,12.0,29.0,32.0,,
16/3/2026,1:08:18 am,125.0,53.64,1009.94,86.17,0.0,12.0,28.0,33.0,,
16/3/2026,1:08:28 am,125.0,53.64,1009.91,86.17,0.0,12.0,27.0,35.0,,
16/3/2026,1:08:38 am,125.0,53.54,1009.97,86.63,0.0,12.0,26.0,33.0,,
16/3/2026,1:08:48 am,125.0,53.54,1009.97,86.17,0.0,13.0,27.0,33.0,,
16/3/2026,1:08:58 am,125.0,53.54,1009.93,86.17,0.0,15.0,29.0,36.0,,
16/3/2026,1:09:08 am,125.0,53.64,1009.85,86.17,0.0,14.0,26.0,32.0,,
16/3/2026,1:09:18 am,125.0,53.64,1009.87,86.17,0.0,14.0,26.0,34.0,,
16/3/2026,1:09:28 am,125.0,53.64,1009.89,86.17,0.0,13.0,25.0,33.0,,
16/3/2026,1:09:38 am,125.0,53.64,1009.85,86.17,0.0,12.0,25.0,34.0,,
16/3/2026,1:09:48 am,125.0,53.64,1009.86,86.17,0.0,14.0,28.0,34.0,,
16/3/2026,1:09:58 am,125.0,53.64,1009.89,86.17,0.0,14.0,28.0,34.0,,
16/3/2026,1:10:08 am,125.0,53.64,1009.91,86.17,0.0,14.0,28.0,32.0,,
16/3/2026,1:10:18 am,125.0,53.74,1009.92,86.17,0.0,15.0,28.0,30.0,,
16/3/2026,1:10:28 am,125.0,53.64,1009.9,86.17,0.0,15.0,27.0,30.0,,
16/3/2026,1:10:38 am,125.0,53.74,1009.94,86.17,0.0,15.0,25.0,31.0,,
16/3/2026,1:10:48 am,125.0,53.64,1009.95,86.17,0.0,15.0,24.0,31.0,,
16/3/2026,1:10:58 am,125.0,53.54,1009.93,86.17,0.0,14.0,24.0,30.0,,
16/3/2026,1:11:09 am,125.0,53.54,1009.96,86.17,0.0,15.0,25.0,31.0,,
16/3/2026,1:11:19 am,125.0,53.54,1009.91,86.17,0.0,15.0,25.0,33.0,,
16/3/2026,1:11:29 am,125.0,53.54,1009.94,86.17,0.0,12.0,24.0,31.0,,
16/3/2026,1:11:39 am,125.0,53.45,1009.96,85.71,0.0,13.0,26.0,34.0,,
16/3/2026,1:11:49 am,125.0,53.54,1009.95,86.17,0.0,14.0,26.0,35.0,,
16/3/2026,1:11:59 am,125.0,53.54,1009.95,86.63,0.0,13.0,24.0,34.0,,
16/3/2026,1:12:09 am,125.0,53.54,1009.94,86.63,0.0,13.0,23.0,32.0,,
16/3/2026,1:12:19 am,125.0,53.54,1009.95,86.63,0.0,13.0,23.0,31.0,,
16/3/2026,1:12:29 am,125.0,53.54,1009.96,86.17,0.0,14.0,24.0,32.0,,
16/3/2026,1:12:39 am,125.0,53.54,1009.91,86.17,0.0,13.0,24.0,31.0,,
16/3/2026,1:12:49 am,125.0,53.54,1009.95,86.17,0.0,14.0,25.0,32.0,,
16/3/2026,1:12:59 am,125.0,53.64,1009.93,86.63,0.0,13.0,25.0,32.0,,
16/3/2026,1:14:35 am,125.0,53.45,1009.89,86.63,0.0,14.0,26.0,33.0,,
16/3/2026,1:14:45 am,125.0,53.45,1009.8,86.17,0.0,17.0,27.0,33.0,,
16/3/2026,1:14:55 am,125.0,53.45,1009.89,86.63,0.0,15.0,26.0,29.0,,
16/3/2026,1:15:05 am,125.0,53.45,1009.88,86.63,0.0,14.0,26.0,30.0,,
16/3/2026,1:15:15 am,125.0,53.54,1009.85,86.63,0.0,13.0,27.0,30.0,,
16/3/2026,1:15:25 am,125.0,53.54,1009.93,86.63,0.0,13.0,27.0,32.0,,
16/3/2026,1:15:35 am,125.0,53.45,1009.86,86.63,0.0,14.0,27.0,35.0,,
16/3/2026,1:15:45 am,125.0,53.45,1009.88,86.63,0.0,14.0,25.0,34.0,,
16/3/2026,1:15:55 am,125.0,53.45,1009.91,86.63,0.0,14.0,26.0,31.0,,
16/3/2026,1:16:05 am,125.0,53.54,1009.84,86.63,0.0,13.0,26.0,32.0,,
16/3/2026,1:24:56 am,33.51,61.48,1009.75,83.87,1679.0,16.0,25.0,34.0,,
16/3/2026,1:25:05 am,33.73,60.77,1009.78,83.87,1911.0,16.0,25.0,35.0,,
16/3/2026,1:25:15 am,33.95,60.25,1009.65,83.4,1931.0,16.0,26.0,34.0,,
16/3/2026,1:25:26 am,34.16,59.64,1009.71,83.87,2124.0,16.0,26.0,32.0,,
16/3/2026,1:25:35 am,34.34,59.22,1009.69,83.4,2099.0,17.0,27.0,32.0,,
16/3/2026,1:25:46 am,34.53,58.7,1009.68,83.87,1880.0,15.0,25.0,32.0,,
16/3/2026,1:25:55 am,34.64,58.5,1009.76,83.87,1733.0,15.0,25.0,32.0,,
16/3/2026,1:26:05 am,34.78,57.99,1009.75,83.87,2322.0,15.0,25.0,31.0,,
16/3/2026,1:26:15 am,34.92,57.7,1009.75,83.87,1930.0,15.0,26.0,32.0,,
16/3/2026,1:27:49 am,35.77,55.44,1009.74,83.87,1197.0,16.0,27.0,31.0,,
16/3/2026,1:27:59 am,35.82,55.25,1009.64,83.4,2172.0,16.0,27.0,31.0,,
16/3/2026,1:28:10 am,35.89,55.15,1009.76,83.4,1808.0,15.0,29.0,32.0,,
16/3/2026,1:28:20 am,35.97,55.05,1009.71,83.87,2274.0,14.0,26.0,31.0,,
16/3/2026,1:28:30 am,35.99,54.86,1009.73,83.87,1735.0,13.0,27.0,32.0,,
16/3/2026,1:28:40 am,35.99,54.96,1009.77,83.87,2370.0,12.0,26.0,30.0,,
16/3/2026,1:28:50 am,36.03,54.83,1009.72,83.4,1929.0,12.0,26.0,30.0,,
16/3/2026,1:29:00 am,36.0,54.86,1009.74,83.4,2222.0,11.0,25.0,28.0,,
16/3/2026,1:29:10 am,36.08,54.74,1009.75,83.87,1739.0,12.0,26.0,29.0,,
16/3/2026,1:29:20 am,36.08,54.74,1009.74,83.87,2344.0,10.0,24.0,28.0,,
16/3/2026,1:29:30 am,36.08,54.64,1009.73,83.87,1931.0,11.0,25.0,29.0,,
16/3/2026,1:29:40 am,36.15,54.64,1009.72,83.87,2139.0,13.0,24.0,30.0,,
16/3/2026,1:29:50 am,36.09,54.54,1009.78,83.87,1857.0,13.0,25.0,32.0,,
16/3/2026,1:30:00 am,36.15,54.64,1009.68,83.4,2499.0,13.0,25.0,31.0,,
16/3/2026,1:30:10 am,36.2,54.54,1009.61,83.4,2010.0,15.0,26.0,31.0,,
16/3/2026,1:30:20 am,36.23,54.44,1009.66,83.4,2064.0,14.0,25.0,28.0,,
16/3/2026,1:30:30 am,36.28,54.32,1009.64,83.4,1851.0,14.0,27.0,31.0,,
16/3/2026,1:30:40 am,36.32,54.32,1009.66,83.4,2250.0,13.0,27.0,30.0,,
16/3/2026,1:30:50 am,36.37,54.13,1009.73,83.4,1994.0,13.0,25.0,30.0,,
16/3/2026,1:31:00 am,36.41,54.13,1009.79,83.4,1966.0,12.0,24.0,30.0,,
16/3/2026,1:31:10 am,36.41,53.93,1009.73,83.4,1929.0,13.0,25.0,32.0,,
16/3/2026,1:31:20 am,36.44,54.03,1009.7,83.4,2198.0,13.0,27.0,32.0,,
16/3/2026,1:31:30 am,36.41,53.93,1009.75,83.87,2041.0,14.0,26.0,33.0,,
16/3/2026,1:31:40 am,36.51,53.91,1009.75,83.87,1936.0,13.0,26.0,34.0,,
16/3/2026,1:31:50 am,36.53,53.81,1009.75,83.87,2033.0,16.0,28.0,32.0,,
16/3/2026,1:32:00 am,36.56,53.81,1009.75,83.87,2155.0,14.0,26.0,30.0,,
16/3/2026,1:32:10 am,36.56,53.81,1009.72,83.87,2196.0,15.0,27.0,32.0,,
16/3/2026,1:32:20 am,36.56,53.81,1009.73,83.87,1880.0,14.0,26.0,33.0,,
16/3/2026,1:32:30 am,36.51,53.91,1009.71,83.4,2049.0,14.0,27.0,38.0,,
16/3/2026,1:32:40 am,36.5,54.03,1009.77,83.87,2020.0,13.0,27.0,34.0,,
16/3/2026,1:32:51 am,36.54,53.81,1009.75,83.87,2151.0,12.0,26.0,33.0,,
16/3/2026,1:33:01 am,36.6,53.71,1009.74,83.87,1829.0,12.0,26.0,32.0,,
16/3/2026,1:33:11 am,36.62,53.61,1009.72,83.87,2111.0,12.0,27.0,31.0,,
16/3/2026,1:33:21 am,36.57,53.71,1009.76,83.87,2011.0,14.0,29.0,34.0,,
16/3/2026,1:33:31 am,36.56,53.71,1009.74,83.87,2212.0,14.0,28.0,33.0,,
16/3/2026,1:33:41 am,36.53,53.81,1009.69,83.87,1739.0,15.0,27.0,33.0,,
16/3/2026,1:33:51 am,36.56,53.71,1009.61,83.4,2121.0,16.0,26.0,32.0,,
16/3/2026,1:34:01 am,36.56,53.71,1009.67,83.4,1875.0,15.0,25.0,31.0,,
16/3/2026,1:34:11 am,36.57,53.61,1009.69,83.87,2168.0,14.0,25.0,32.0,,
16/3/2026,1:34:21 am,36.6,53.52,1009.72,83.4,1707.0,15.0,26.0,33.0,,
16/3/2026,1:34:31 am,36.65,53.52,1009.72,83.4,2148.0,16.0,27.0,32.0,,
16/3/2026,1:36:02 am,36.65,53.61,1009.68,83.87,1458.0,13.0,26.0,29.0,,
16/3/2026,1:36:12 am,36.64,53.52,1009.66,83.87,1885.0,12.0,24.0,28.0,,
16/3/2026,1:36:22 am,36.64,53.61,1009.68,83.87,1715.0,12.0,24.0,29.0,,
16/3/2026,1:36:33 am,36.65,53.61,1009.73,83.87,2205.0,13.0,26.0,32.0,,
16/3/2026,1:36:42 am,36.65,53.52,1009.59,83.4,1854.0,12.0,25.0,32.0,,
16/3/2026,1:36:53 am,36.62,53.61,1009.6,83.4,1947.0,12.0,23.0,30.0,,
16/3/2026,1:37:02 am,36.66,53.52,1009.64,83.4,1771.0,13.0,25.0,32.0,,
16/3/2026,1:37:13 am,36.69,53.52,1009.69,83.4,2233.0,13.0,25.0,32.0,,
16/3/2026,1:37:22 am,36.59,53.61,1009.64,83.4,1982.0,12.0,24.0,30.0,,
16/3/2026,1:37:33 am,36.62,53.61,1009.71,83.4,1965.0,13.0,26.0,30.0,,
16/3/2026,1:37:42 am,36.65,53.61,1009.69,83.87,1710.0,13.0,25.0,30.0,,
16/3/2026,1:37:52 am,36.69,53.42,1009.69,83.87,2253.0,13.0,26.0,30.0,,
16/3/2026,1:38:02 am,36.66,53.52,1009.7,83.87,1817.0,14.0,25.0,29.0,,
16/3/2026,1:38:12 am,36.65,53.61,1009.7,83.87,2130.0,15.0,28.0,34.0,,
16/3/2026,1:38:22 am,36.65,53.61,1009.72,83.87,1695.0,13.0,25.0,30.0,,
16/3/2026,1:38:32 am,36.66,53.52,1009.69,83.87,2248.0,14.0,25.0,30.0,,
16/3/2026,1:38:42 am,36.65,53.61,1009.69,83.87,1869.0,14.0,25.0,30.0,,
16/3/2026,1:38:52 am,36.6,53.61,1009.68,83.87,2055.0,13.0,26.0,29.0,,
16/3/2026,1:39:02 am,36.59,53.71,1009.7,83.87,1817.0,11.0,24.0,29.0,,
16/3/2026,1:39:12 am,36.6,53.61,1009.63,83.4,2256.0,12.0,23.0,30.0,,
16/3/2026,1:39:22 am,36.6,53.61,1009.66,83.4,1918.0,14.0,23.0,32.0,,
16/3/2026,1:39:32 am,36.6,53.61,1009.66,83.4,1947.0,15.0,25.0,32.0,,
16/3/2026,1:39:42 am,36.64,53.61,1009.65,83.4,1868.0,15.0,24.0,30.0,,
16/3/2026,1:39:52 am,36.62,53.61,1009.64,83.4,2240.0,15.0,23.0,31.0,,
16/3/2026,1:40:02 am,36.62,53.61,1009.65,83.4,2007.0,15.0,24.0,30.0,,
16/3/2026,1:40:12 am,36.64,53.61,1009.67,83.87,2039.0,14.0,23.0,31.0,,
16/3/2026,1:40:22 am,36.65,53.52,1009.67,83.87,2044.0,14.0,23.0,31.0,,
16/3/2026,1:40:32 am,36.66,53.52,1009.68,83.87,2126.0,13.0,24.0,34.0,,
16/3/2026,1:40:42 am,36.68,53.52,1009.67,83.87,2215.0,14.0,25.0,38.0,,
16/3/2026,1:40:52 am,36.66,53.52,1009.66,83.87,1954.0,14.0,26.0,36.0,,
16/3/2026,1:41:03 am,36.64,53.61,1009.71,83.87,2248.0,14.0,26.0,35.0,,
16/3/2026,1:41:13 am,36.65,53.61,1009.71,83.4,2290.0,14.0,26.0,33.0,,
16/3/2026,1:41:23 am,36.6,53.61,1009.71,83.4,2403.0,12.0,25.0,31.0,,
16/3/2026,1:41:33 am,36.62,53.71,1009.69,83.87,1906.0,13.0,26.0,31.0,,
16/3/2026,1:41:43 am,36.66,53.61,1009.68,83.87,2236.0,14.0,27.0,32.0,,
16/3/2026,1:41:53 am,36.64,53.52,1009.68,83.4,2094.0,13.0,25.0,33.0,,
16/3/2026,1:42:03 am,36.65,53.52,1009.66,83.4,2269.0,13.0,24.0,30.0,,
16/3/2026,1:42:13 am,36.68,53.61,1009.59,83.87,1793.0,12.0,25.0,31.0,,
16/3/2026,1:42:23 am,36.69,53.52,1009.6,82.94,2222.0,14.0,25.0,31.0,,
16/3/2026,1:42:33 am,36.62,53.52,1009.64,83.4,1923.0,13.0,25.0,29.0,,
16/3/2026,1:42:43 am,36.65,53.61,1009.62,83.4,2252.0,12.0,25.0,29.0,,
16/3/2026,1:42:53 am,36.6,53.52,1009.64,83.4,1754.0,9.0,25.0,29.0,,
16/3/2026,1:43:03 am,36.64,53.61,1009.65,83.4,2209.0,11.0,25.0,30.0,,
16/3/2026,1:43:13 am,36.65,53.61,1009.65,83.87,1895.0,11.0,25.0,31.0,,
16/3/2026,1:43:23 am,36.65,53.61,1009.65,83.87,2309.0,11.0,23.0,29.0,,
16/3/2026,1:43:33 am,36.64,55.27,1009.67,80.64,1784.0,10.0,23.0,28.0,,
Invalid Date,Invalid Date,36.64,53.91,1009.66,82.94,3491.0,10.0,23.0,30.0,,
16/3/2026,1:44:05 am,36.59,54.29,1009.69,83.87,4166.0,0.0,0.0,0.0,,
16/3/2026,1:44:15 am,36.57,53.71,1009.64,83.87,3373.0,11.0,26.0,31.0,,
16/3/2026,1:44:25 am,36.6,53.71,1009.7,83.87,3787.0,11.0,25.0,31.0,,
16/3/2026,1:44:35 am,36.6,53.61,1009.59,83.87,2893.0,11.0,25.0,35.0,,
16/3/2026,1:44:45 am,36.64,53.61,1009.61,83.87,2847.0,13.0,23.0,34.0,,
16/3/2026,1:44:55 am,36.62,53.61,1009.6,83.87,2534.0,12.0,22.0,32.0,,
16/3/2026,1:45:05 am,36.69,53.52,1009.63,83.87,2772.0,13.0,22.0,30.0,,
16/3/2026,1:45:16 am,36.64,53.61,1009.68,83.87,2491.0,12.0,21.0,30.0,,
16/3/2026,1:45:26 am,36.65,53.61,1009.64,83.87,2365.0,12.0,22.0,30.0,,
16/3/2026,1:45:36 am,36.65,53.71,1009.64,83.87,2466.0,13.0,23.0,28.0,,
16/3/2026,1:45:46 am,36.71,53.61,1009.66,83.87,2602.0,9.0,21.0,26.0,,
16/3/2026,1:45:56 am,36.66,53.52,1009.66,83.87,2429.0,9.0,21.0,26.0,,
16/3/2026,1:46:06 am,36.65,53.61,1009.66,83.87,2200.0,10.0,23.0,28.0,,
16/3/2026,1:46:16 am,36.69,53.52,1009.67,83.87,2245.0,7.0,21.0,26.0,,
16/3/2026,1:46:26 am,36.59,53.52,1009.65,83.87,2252.0,8.0,22.0,28.0,,
16/3/2026,1:46:36 am,36.59,53.61,1009.62,83.87,2155.0,9.0,22.0,29.0,,
16/3/2026,1:46:46 am,36.57,53.71,1009.66,83.87,1890.0,9.0,23.0,30.0,,
16/3/2026,1:46:56 am,36.5,53.93,1009.68,83.87,1997.0,10.0,24.0,30.0,,
16/3/2026,1:47:06 am,36.49,54.03,1009.63,83.87,2020.0,10.0,23.0,29.0,,
16/3/2026,1:47:16 am,36.44,54.03,1009.65,83.87,2101.0,8.0,22.0,26.0,,
16/3/2026,1:47:26 am,36.43,54.03,1009.67,83.87,1841.0,8.0,22.0,27.0,,
16/3/2026,1:47:36 am,36.5,53.93,1009.69,83.87,1719.0,10.0,23.0,28.0,,
16/3/2026,1:47:46 am,36.53,53.81,1009.65,83.87,1976.0,11.0,23.0,29.0,,
16/3/2026,1:47:56 am,36.49,53.83,1009.64,83.87,2111.0,10.0,22.0,27.0,,
16/3/2026,1:48:06 am,36.46,53.93,1009.63,83.87,1776.0,11.0,22.0,27.0,,
16/3/2026,1:48:16 am,36.49,53.93,1009.63,83.87,2059.0,14.0,24.0,29.0,,
16/3/2026,1:48:26 am,36.5,53.93,1009.53,83.4,1988.0,13.0,24.0,29.0,,
16/3/2026,1:48:36 am,36.5,53.93,1009.59,83.87,2131.0,14.0,23.0,29.0,,
16/3/2026,1:50:10 am,36.66,53.52,1009.65,83.87,1203.0,10.0,22.0,28.0,,
16/3/2026,1:50:20 am,36.6,53.61,1009.63,83.87,2032.0,10.0,22.0,27.0,,
16/3/2026,1:50:30 am,36.62,53.52,1009.63,83.87,1772.0,12.0,23.0,29.0,,
16/3/2026,1:50:41 am,36.65,53.52,1009.58,83.87,2135.0,11.0,22.0,30.0,,
16/3/2026,1:50:51 am,36.71,53.42,1009.58,83.87,1719.0,12.0,22.0,32.0,,
16/3/2026,1:51:01 am,36.71,53.42,1009.6,83.87,2202.0,12.0,21.0,30.0,,
16/3/2026,1:51:11 am,36.76,53.32,1009.61,84.33,1778.0,12.0,21.0,29.0,,
16/3/2026,1:51:21 am,36.72,53.22,1009.61,83.87,2030.0,11.0,23.0,29.0,,
16/3/2026,1:51:31 am,36.71,53.32,1009.61,83.87,1676.0,10.0,22.0,27.0,,
16/3/2026,1:51:41 am,36.69,53.42,1009.64,83.87,2217.0,11.0,24.0,29.0,,
Invalid Date,Invalid Date,36.72,53.32,1009.59,83.87,1422.0,0.0,0.0,0.0,,
16/3/2026,1:53:24 am,36.76,53.32,1009.61,83.87,1605.0,10.0,22.0,28.0,,
16/3/2026,1:53:34 am,36.73,53.32,1009.61,83.87,2000.0,9.0,21.0,26.0,,
16/3/2026,1:53:44 am,36.75,53.32,1009.57,83.87,1893.0,10.0,21.0,27.0,,
16/3/2026,1:53:54 am,36.73,53.42,1009.58,83.87,2140.0,11.0,24.0,31.0,,
16/3/2026,1:54:04 am,36.75,53.32,1009.61,83.87,1721.0,10.0,23.0,29.0,,
16/3/2026,1:54:14 am,36.71,53.42,1009.51,83.4,2124.0,10.0,22.0,27.0,,
16/3/2026,1:54:24 am,36.72,53.42,1009.57,83.4,1817.0,10.0,22.0,26.0,,
16/3/2026,1:54:34 am,36.69,53.42,1009.54,83.87,2143.0,10.0,23.0,26.0,,
16/3/2026,1:54:44 am,36.71,53.42,1009.54,83.87,1702.0,9.0,22.0,27.0,,
16/3/2026,1:54:54 am,36.71,53.42,1009.58,83.87,2139.0,11.0,24.0,29.0,,
16/3/2026,1:55:04 am,36.72,53.42,1009.59,83.87,1811.0,9.0,24.0,30.0,,
16/3/2026,1:55:14 am,36.68,53.52,1009.57,83.87,2223.0,10.0,24.0,30.0,,
16/3/2026,1:55:25 am,36.64,53.52,1009.56,83.87,1710.0,10.0,25.0,31.0,,
16/3/2026,1:55:35 am,36.57,53.61,1009.58,83.87,2282.0,9.0,25.0,28.0,,
16/3/2026,1:55:45 am,36.64,53.81,1009.57,83.87,1814.0,10.0,26.0,28.0,,
16/3/2026,1:55:55 am,36.65,53.71,1009.58,83.87,2194.0,10.0,23.0,28.0,,
16/3/2026,1:56:05 am,36.68,53.61,1009.58,83.87,1669.0,10.0,22.0,28.0,,
16/3/2026,1:56:15 am,36.69,53.52,1009.55,83.87,2237.0,9.0,22.0,29.0,,
16/3/2026,1:56:25 am,36.68,53.52,1009.54,83.87,1769.0,9.0,22.0,27.0,,
16/3/2026,1:56:35 am,36.72,53.52,1009.6,83.87,2189.0,9.0,23.0,27.0,,
16/3/2026,1:56:45 am,36.73,53.32,1009.55,83.87,1665.0,10.0,24.0,30.0,,
16/3/2026,1:56:55 am,36.71,53.42,1009.56,83.87,2273.0,9.0,23.0,28.0,,
16/3/2026,1:57:05 am,36.76,53.32,1009.59,83.87,1787.0,9.0,22.0,28.0,,
16/3/2026,1:57:15 am,36.8,53.3,1009.59,83.87,2171.0,9.0,21.0,29.0,,
16/3/2026,1:57:25 am,36.83,53.2,1009.53,83.87,1682.0,9.0,21.0,28.0,,
16/3/2026,1:57:35 am,36.78,53.3,1009.51,83.4,2191.0,9.0,23.0,27.0,,
16/3/2026,1:57:45 am,36.8,53.3,1009.51,83.4,1826.0,9.0,22.0,29.0,,
16/3/2026,1:57:55 am,36.76,53.32,1009.48,83.87,1968.0,10.0,25.0,30.0,,
16/3/2026,1:58:05 am,36.75,53.32,1009.54,83.87,1769.0,11.0,26.0,29.0,,
16/3/2026,1:58:15 am,36.78,53.2,1009.54,83.87,2252.0,8.0,22.0,26.0,,
16/3/2026,1:58:25 am,36.72,53.42,1009.53,83.87,1922.0,7.0,22.0,27.0,,
16/3/2026,2:00:04 am,36.78,53.1,1009.51,83.87,1571.0,10.0,24.0,29.0,,
16/3/2026,2:00:15 am,36.73,53.22,1009.49,83.87,1977.0,9.0,23.0,30.0,,
16/3/2026,2:00:24 am,36.73,53.22,1009.5,83.87,1975.0,9.0,21.0,28.0,,
16/3/2026,2:00:34 am,36.73,53.22,1009.47,83.87,2192.0,9.0,22.0,27.0,,
16/3/2026,2:00:44 am,36.69,53.32,1009.48,83.87,1716.0,9.0,22.0,25.0,,
16/3/2026,2:00:54 am,36.69,53.32,1009.51,83.87,2194.0,10.0,23.0,29.0,,
16/3/2026,2:01:04 am,36.66,53.32,1009.53,83.87,1860.0,10.0,24.0,30.0,,
16/3/2026,2:01:14 am,36.64,53.32,1009.46,83.87,1994.0,8.0,22.0,27.0,,
16/3/2026,2:01:24 am,36.68,53.42,1009.49,84.33,1754.0,9.0,23.0,25.0,,
16/3/2026,2:01:34 am,36.68,53.42,1009.48,84.33,2143.0,10.0,21.0,25.0,,
16/3/2026,2:01:44 am,36.66,53.32,1009.48,83.87,1844.0,10.0,22.0,27.0,,
16/3/2026,2:01:54 am,36.6,53.32,1009.47,84.33,1888.0,10.0,22.0,26.0,,
16/3/2026,2:02:04 am,36.65,53.42,1009.45,83.87,1763.0,9.0,21.0,24.0,,
16/3/2026,2:02:14 am,36.62,53.42,1009.46,83.87,1922.0,8.0,22.0,25.0,,
16/3/2026,2:02:24 am,36.64,53.42,1009.43,83.87,1953.0,8.0,22.0,26.0,,
16/3/2026,2:02:34 am,36.65,53.32,1009.46,83.87,1751.0,9.0,23.0,26.0,,
16/3/2026,2:02:44 am,36.6,53.32,1009.45,84.33,1905.0,9.0,23.0,25.0,,
16/3/2026,2:02:54 am,36.6,53.42,1009.44,83.87,1894.0,8.0,23.0,27.0,,
16/3/2026,2:03:04 am,36.56,53.42,1009.45,83.4,1968.0,8.0,22.0,25.0,,
16/3/2026,2:03:14 am,36.51,53.52,1009.39,83.87,1695.0,7.0,21.0,24.0,,
16/3/2026,2:03:24 am,36.49,53.64,1009.41,83.87,1919.0,7.0,20.0,25.0,,
16/3/2026,2:03:34 am,36.44,53.64,1009.43,83.87,1854.0,8.0,23.0,28.0,,
16/3/2026,2:03:44 am,36.49,53.74,1009.44,83.87,1995.0,8.0,21.0,26.0,,
16/3/2026,2:03:54 am,36.46,53.64,1009.45,83.87,1674.0,9.0,22.0,28.0,,
16/3/2026,2:04:04 am,36.41,53.83,1009.45,83.87,1946.0,10.0,21.0,28.0,,
16/3/2026,2:04:14 am,36.31,53.93,1009.49,83.87,1839.0,12.0,25.0,28.0,,
16/3/2026,2:04:24 am,36.37,53.93,1009.47,84.33,2080.0,11.0,25.0,28.0,,
16/3/2026,2:04:34 am,36.46,53.83,1009.46,83.87,1650.0,12.0,25.0,28.0,,
16/3/2026,2:04:44 am,36.46,53.74,1009.45,83.87,1977.0,11.0,22.0,28.0,,
16/3/2026,2:04:54 am,36.38,53.74,1009.46,83.87,1743.0,12.0,23.0,27.0,,
16/3/2026,2:05:04 am,36.44,53.64,1009.45,83.87,2012.0,11.0,22.0,27.0,,
16/3/2026,2:05:14 am,36.49,53.64,1009.48,83.87,1553.0,8.0,22.0,26.0,,
16/3/2026,2:05:24 am,36.49,53.54,1009.47,83.87,2030.0,8.0,23.0,24.0,,
16/3/2026,2:05:34 am,36.46,53.64,1009.43,83.87,1626.0,8.0,21.0,24.0,,
16/3/2026,2:05:44 am,36.39,53.64,1009.42,83.87,2053.0,10.0,21.0,24.0,,
16/3/2026,2:05:54 am,36.35,53.83,1009.4,83.87,1531.0,9.0,22.0,25.0,,
16/3/2026,2:06:04 am,36.27,54.05,1009.43,83.87,2094.0,11.0,24.0,27.0,,
16/3/2026,2:06:14 am,36.34,54.03,1009.46,83.87,1686.0,9.0,23.0,27.0,,
16/3/2026,2:06:24 am,36.31,54.03,1009.45,83.4,2111.0,10.0,25.0,28.0,,
16/3/2026,2:06:34 am,36.32,54.03,1009.32,83.4,1586.0,9.0,25.0,29.0,,
16/3/2026,2:06:44 am,36.35,54.03,1009.4,83.87,2107.0,9.0,24.0,31.0,,
16/3/2026,2:06:54 am,36.34,54.03,1009.4,83.87,1709.0,10.0,23.0,31.0,,
16/3/2026,2:07:04 am,36.35,54.03,1009.36,83.4,1972.0,9.0,23.0,30.0,,
Invalid Date,Invalid Date,32.0,65.39,1009.28,84.33,0.0,15.0,23.0,23.0,,
16/3/2026,2:11:08 am,32.37,64.84,1009.28,84.33,500.0,13.0,23.0,25.0,,
16/3/2026,2:11:17 am,125.0,63.7,1009.37,84.79,500.0,13.0,22.0,27.0,,
16/3/2026,2:11:27 am,125.0,62.69,1009.4,84.79,500.0,11.0,21.0,27.0,,
16/3/2026,2:11:37 am,125.0,61.77,1009.33,84.79,500.0,11.0,22.0,28.0,,
16/3/2026,2:11:47 am,125.0,61.06,1009.34,84.79,500.0,11.0,24.0,29.0,,
16/3/2026,2:11:57 am,125.0,60.35,1009.34,84.33,3023.0,12.0,24.0,31.0,,
16/3/2026,2:12:07 am,125.0,59.74,1009.35,84.79,2586.0,12.0,23.0,32.0,,
16/3/2026,2:12:17 am,125.0,59.22,1009.23,84.33,2757.0,12.0,25.0,33.0,,
24/3/2026,9:54:41 am,39.64870575221239,0.0,953.6609984984987,0.0,0.0,26.85773273273273,0.0,46.80555555555556,,
24/3/2026,9:54:41 am,39.64870575221239,0.0,953.6609984984987,0.0,0.0,26.85773273273273,0.0,46.80555555555556,,
24/3/2026,9:54:41 am,39.64870575221239,0.0,953.6609984984987,0.0,0.0,26.85773273273273,0.0,46.80555555555556,,
24/3/2026,9:54:41 am,39.64870575221239,0.0,953.6609984984987,0.0,0.0,26.85773273273273,0.0,46.80555555555556,,
24/3/2026,9:54:41 am,39.64870575221239,0.0,953.6609984984987,0.0,0.0,26.85773273273273,0.0,46.80555555555556,,
24/3/2026,9:54:41 am,39.64870575221239,0.0,953.6609984984987,0.0,0.0,26.85773273273273,0.0,46.80555555555556,,
24/3/2026,9:54:41 am,39.64870575221239,0.0,953.6609984984987,0.0,0.0,26.85773273273273,0.0,46.80555555555556,,
24/3/2026,9:54:41 am,39.64870575221239,0.0,953.6609984984987,0.0,0.0,26.85773273273273,0.0,46.80555555555556,,
24/3/2026,9:54:41 am,39.64870575221239,0.0,953.6609984984987,0.0,0.0,26.85773273273273,0.0,46.80555555555556,,
24/3/2026,9:54:41 am,39.64870575221239,0.0,953.6609984984987,0.0,0.0,26.85773273273273,0.0,46.80555555555556,,
24/3/2026,9:54:41 am,39.64870575221239,0.0,953.6609984984987,0.0,0.0,26.85773273273273,0.0,46.80555555555556,,
24/3/2026,9:54:41 am,39.64870575221239,0.0,953.6609984984987,0.0,0.0,26.85773273273273,0.0,46.80555555555556,,
24/3/2026,9:54:41 am,39.64870575221239,0.0,953.6609984984987,0.0,0.0,26.85773273273273,0.0,46.80555555555556,,
24/3/2026,9:54:41 am,39.64870575221239,0.0,953.6609984984987,0.0,0.0,26.85773273273273,0.0,46.80555555555556,,
24/3/2026,9:54:41 am,39.64870575221239,0.0,953.6609984984987,0.0,0.0,26.85773273273273,0.0,46.80555555555556,,
24/3/2026,9:54:41 am,39.64870575221239,0.0,953.6609984984987,0.0,0.0,26.85773273273273,0.0,46.80555555555556,,
24/3/2026,9:54:41 am,39.64870575221239,0.0,953.6609984984987,0.0,0.0,26.85773273273273,0.0,46.80555555555556,,
24/3/2026,9:54:41 am,39.64870575221239,0.0,953.6609984984987,0.0,0.0,26.85773273273273,0.0,46.80555555555556,,
24/3/2026,9:54:41 am,39.64870575221239,0.0,953.6609984984987,0.0,0.0,26.85773273273273,0.0,46.80555555555556,,
24/3/2026,9:54:41 am,39.64870575221239,55.0,953.6609984984987,800.0,0.0,26.85773273273273,0.0,46.80555555555556,,
24/3/2026,9:54:41 am,39.64870575221239,55.0,953.6609984984987,800.0,0.0,26.85773273273273,0.0,46.80555555555556,,
24/3/2026,9:54:41 am,39.64870575221239,55.0,953.6609984984987,800.0,0.0,26.85773273273273,0.0,46.80555555555556,,
24/3/2026,9:54:41 am,39.64870575221239,55.0,953.6609984984987,800.0,0.0,26.85773273273273,0.0,46.80555555555556,,
24/3/2026,9:54:41 am,39.64870575221239,54.0,953.6609984984987,600.0,0.0,26.85773273273273,0.0,46.80555555555556,,
24/3/2026,9:54:41 am,39.64870575221239,54.0,953.6609984984987,600.0,0.0,26.85773273273273,0.0,46.80555555555556,,
24/3/2026,9:54:41 am,39.64870575221239,54.0,953.6609984984987,600.0,0.0,26.85773273273273,0.0,46.80555555555556,,
24/3/2026,9:54:41 am,39.64870575221239,54.0,953.6609984984987,600.0,0.0,26.85773273273273,0.0,46.80555555555556,,
24/3/2026,9:54:41 am,0.0,0.0,953.6609984984987,0.0,0.0,26.85773273273273,0.0,46.80555555555556,,
24/3/2026,9:54:41 am,0.0,0.0,953.6609984984987,0.0,0.0,26.85773273273273,0.0,46.80555555555556,,
24/3/2026,9:54:41 am,0.0,0.0,953.6609984984987,0.0,0.0,26.85773273273273,0.0,46.80555555555556,,
24/3/2026,9:54:41 am,0.0,0.0,953.6609984984987,0.0,0.0,26.85773273273273,0.0,46.80555555555556,,
24/3/2026,9:54:41 am,0.0,0.0,953.6609984984987,0.0,0.0,26.85773273273273,0.0,46.80555555555556,,
24/3/2026,9:54:41 am,0.0,0.0,953.6609984984987,0.0,0.0,26.85773273273273,0.0,46.80555555555556,,
24/3/2026,9:54:41 am,0.0,0.0,953.6609984984987,0.0,0.0,26.85773273273273,0.0,46.80555555555556,,
24/3/2026,9:54:41 am,0.0,0.0,953.6609984984987,0.0,0.0,26.85773273273273,0.0,46.80555555555556,,
24/3/2026,9:54:41 am,0.0,0.0,953.6609984984987,0.0,0.0,26.85773273273273,0.0,46.80555555555556,,
24/3/2026,9:54:41 am,0.0,0.0,953.6609984984987,0.0,0.0,26.85773273273273,0.0,46.80555555555556,,
24/3/2026,9:54:41 am,0.0,0.0,953.6609984984987,0.0,0.0,26.85773273273273,0.0,46.80555555555556,,
24/3/2026,9:54:41 am,0.0,0.0,953.6609984984987,0.0,0.0,26.85773273273273,0.0,46.80555555555556,,
24/3/2026,9:54:41 am,0.0,0.0,953.6609984984987,0.0,0.0,26.85773273273273,0.0,46.80555555555556,,
24/3/2026,9:54:41 am,0.0,0.0,953.6609984984987,0.0,0.0,26.85773273273273,0.0,46.80555555555556,,
24/3/2026,9:54:41 am,0.0,0.0,953.6609984984987,0.0,0.0,26.85773273273273,0.0,46.80555555555556,,
24/3/2026,9:54:41 am,0.0,0.0,953.6609984984987,0.0,0.0,26.85773273273273,0.0,46.80555555555556,,
24/3/2026,9:54:41 am,0.0,0.0,953.6609984984987,0.0,0.0,26.85773273273273,0.0,46.80555555555556,,
24/3/2026,9:54:41 am,0.0,0.0,953.6609984984987,0.0,0.0,26.85773273273273,0.0,46.80555555555556,,
24/3/2026,9:54:41 am,22.5,55.0,953.6609984984987,800.0,0.0,26.85773273273273,0.0,46.80555555555556,,
24/3/2026,9:54:41 am,22.5,55.0,953.6609984984987,800.0,0.0,26.85773273273273,0.0,46.80555555555556,,
24/3/2026,9:54:41 am,22.5,55.0,953.6609984984987,800.0,0.0,26.85773273273273,0.0,46.80555555555556,,
24/3/2026,9:54:41 am,22.5,55.0,953.6609984984987,800.0,0.0,26.85773273273273,0.0,46.80555555555556,,
24/3/2026,9:54:41 am,0.0,0.0,953.6609984984987,0.0,0.0,26.85773273273273,0.0,46.80555555555556,,
24/3/2026,9:54:41 am,0.0,0.0,953.6609984984987,0.0,0.0,26.85773273273273,0.0,46.80555555555556,,
24/3/2026,9:54:41 am,0.0,0.0,953.6609984984987,0.0,0.0,26.85773273273273,0.0,46.80555555555556,,
24/3/2026,9:54:41 am,0.0,0.0,953.6609984984987,0.0,0.0,26.85773273273273,0.0,46.80555555555556,,
24/3/2026,9:54:41 am,0.0,0.0,953.6609984984987,0.0,0.0,26.85773273273273,0.0,46.80555555555556,,
24/3/2026,9:54:41 am,0.0,0.0,953.6609984984987,0.0,0.0,26.85773273273273,0.0,46.80555555555556,,
24/3/2026,9:54:41 am,0.0,0.0,953.6609984984987,0.0,0.0,26.85773273273273,0.0,46.80555555555556,,
24/3/2026,9:54:41 am,0.0,0.0,953.6609984984987,0.0,0.0,26.85773273273273,0.0,46.80555555555556,,
24/3/2026,9:54:41 am,0.0,0.0,953.6609984984987,0.0,0.0,26.85773273273273,0.0,46.80555555555556,,
24/3/2026,9:54:41 am,0.0,0.0,953.6609984984987,0.0,0.0,26.85773273273273,0.0,46.80555555555556,,
24/3/2026,9:54:41 am,0.0,0.0,953.6609984984987,0.0,0.0,26.85773273273273,0.0,46.80555555555556,,
24/3/2026,9:54:41 am,0.0,0.0,953.6609984984987,0.0,0.0,26.85773273273273,0.0,46.80555555555556,,
24/3/2026,9:54:41 am,0.0,0.0,953.6609984984987,0.0,0.0,26.85773273273273,0.0,46.80555555555556,,
24/3/2026,9:54:41 am,0.0,0.0,953.6609984984987,0.0,0.0,26.85773273273273,0.0,46.80555555555556,,
24/3/2026,9:54:41 am,0.0,0.0,953.6609984984987,0.0,0.0,26.85773273273273,0.0,46.80555555555556,,
24/3/2026,9:54:41 am,0.0,0.0,953.6609984984987,0.0,0.0,26.85773273273273,0.0,46.80555555555556,,
24/3/2026,9:54:41 am,0.0,0.0,953.6609984984987,0.0,0.0,26.85773273273273,0.0,46.80555555555556,,
24/3/2026,9:54:41 am,0.0,0.0,953.6609984984987,0.0,0.0,26.85773273273273,0.0,46.80555555555556,,
24/3/2026,9:54:41 am,0.0,0.0,953.6609984984987,0.0,0.0,26.85773273273273,0.0,46.80555555555556,,
24/3/2026,9:54:41 am,0.0,0.0,953.6609984984987,0.0,0.0,26.85773273273273,0.0,46.80555555555556,,
24/3/2026,9:54:41 am,0.0,0.0,953.6609984984987,0.0,0.0,26.85773273273273,0.0,46.80555555555556,,
24/3/2026,9:54:41 am,0.0,0.0,953.6609984984987,0.0,0.0,26.85773273273273,0.0,46.80555555555556,,
24/3/2026,9:54:41 am,0.0,0.0,953.6609984984987,0.0,0.0,26.85773273273273,0.0,46.80555555555556,,
24/3/2026,9:54:41 am,0.0,0.0,953.6609984984987,0.0,0.0,26.85773273273273,0.0,46.80555555555556,,
24/3/2026,9:54:41 am,0.0,0.0,953.6609984984987,0.0,0.0,26.85773273273273,0.0,46.80555555555556,,
24/3/2026,9:54:41 am,0.0,0.0,953.6609984984987,0.0,0.0,26.85773273273273,0.0,46.80555555555556,,
24/3/2026,9:54:41 am,0.0,0.0,0.0,0.0,0.0,0.0,0.0,0.0,,
24/3/2026,9:54:41 am,0.0,0.0,0.0,0.0,0.0,0.0,0.0,0.0,,
24/3/2026,9:54:41 am,0.0,0.0,0.0,0.0,0.0,0.0,0.0,0.0,,
24/3/2026,9:54:41 am,0.0,0.0,0.0,0.0,0.0,0.0,0.0,0.0,,
24/3/2026,9:54:41 am,0.0,0.0,0.0,0.0,0.0,0.0,0.0,0.0,,
24/3/2026,9:54:41 am,0.0,0.0,0.0,0.0,0.0,0.0,0.0,0.0,,
24/3/2026,9:54:41 am,0.0,0.0,0.0,0.0,0.0,0.0,0.0,0.0,,
24/3/2026,9:54:41 am,0.0,0.0,0.0,0.0,0.0,0.0,0.0,0.0,,
24/3/2026,9:54:41 am,0.0,0.0,0.0,0.0,0.0,0.0,0.0,0.0,,
24/3/2026,9:54:41 am,0.0,0.0,0.0,0.0,0.0,0.0,0.0,0.0,,
24/3/2026,9:54:41 am,0.0,0.0,0.0,0.0,0.0,0.0,0.0,0.0,,
24/3/2026,9:54:41 am,0.0,0.0,0.0,0.0,0.0,0.0,0.0,0.0,,
24/3/2026,9:54:41 am,0.0,0.0,0.0,0.0,0.0,0.0,0.0,0.0,,
24/3/2026,9:54:41 am,0.0,0.0,0.0,0.0,0.0,0.0,0.0,0.0,,
24/3/2026,9:54:41 am,0.0,0.0,0.0,0.0,0.0,0.0,0.0,0.0,,
24/3/2026,9:54:41 am,0.0,0.0,0.0,0.0,0.0,0.0,0.0,0.0,,
24/3/2026,9:54:41 am,0.0,0.0,0.0,0.0,0.0,0.0,0.0,0.0,,
24/3/2026,9:54:41 am,0.0,0.0,0.0,0.0,0.0,0.0,0.0,0.0,,
24/3/2026,9:54:41 am,0.0,0.0,0.0,0.0,0.0,0.0,0.0,0.0,,
24/3/2026,9:54:41 am,0.0,0.0,0.0,0.0,0.0,0.0,0.0,0.0,,
24/3/2026,9:54:41 am,0.0,0.0,0.0,0.0,0.0,0.0,0.0,0.0,,
24/3/2026,9:54:41 am,0.0,0.0,0.0,0.0,0.0,0.0,0.0,0.0,,
24/3/2026,9:54:41 am,0.0,0.0,0.0,0.0,0.0,0.0,0.0,0.0,,
24/3/2026,9:54:41 am,0.0,0.0,0.0,0.0,0.0,0.0,0.0,0.0,,
24/3/2026,9:54:41 am,0.0,0.0,0.0,0.0,0.0,0.0,0.0,0.0,,
24/3/2026,9:54:41 am,0.0,0.0,0.0,0.0,0.0,0.0,0.0,0.0,,
24/3/2026,9:54:41 am,0.0,0.0,0.0,0.0,0.0,0.0,0.0,0.0,,
24/3/2026,9:54:41 am,0.0,0.0,0.0,0.0,0.0,0.0,0.0,0.0,,
24/3/2026,9:54:41 am,0.0,0.0,0.0,0.0,0.0,0.0,0.0,0.0,,
24/3/2026,9:54:41 am,0.0,0.0,0.0,0.0,0.0,0.0,0.0,0.0,,
24/3/2026,9:54:41 am,0.0,0.0,0.0,0.0,0.0,0.0,0.0,0.0,,
24/3/2026,9:54:41 am,0.0,0.0,0.0,0.0,0.0,0.0,0.0,0.0,,
24/3/2026,9:54:41 am,0.0,0.0,0.0,0.0,0.0,0.0,0.0,0.0,,
24/3/2026,9:54:41 am,0.0,0.0,0.0,0.0,0.0,0.0,0.0,0.0,,
24/3/2026,9:54:41 am,0.0,0.0,0.0,0.0,0.0,0.0,0.0,0.0,,
24/3/2026,9:54:41 am,0.0,0.0,0.0,0.0,0.0,0.0,0.0,0.0,,
24/3/2026,9:54:41 am,0.0,0.0,0.0,0.0,0.0,0.0,0.0,0.0,,
24/3/2026,9:54:41 am,0.0,0.0,0.0,0.0,0.0,0.0,0.0,0.0,,
24/3/2026,9:54:41 am,0.0,0.0,0.0,0.0,0.0,0.0,0.0,0.0,,
24/3/2026,9:54:41 am,0.0,0.0,0.0,0.0,0.0,0.0,0.0,0.0,,
24/3/2026,9:54:41 am,0.0,0.0,0.0,0.0,0.0,0.0,0.0,0.0,,
24/3/2026,9:54:41 am,0.0,0.0,0.0,0.0,0.0,0.0,0.0,0.0,,
24/3/2026,9:54:41 am,0.0,0.0,0.0,0.0,0.0,0.0,0.0,0.0,,
24/3/2026,9:54:41 am,0.0,0.0,0.0,0.0,0.0,0.0,0.0,0.0,,
24/3/2026,9:54:41 am,0.0,0.0,0.0,0.0,0.0,0.0,0.0,0.0,,
24/3/2026,9:54:41 am,0.0,0.0,0.0,0.0,0.0,0.0,0.0,0.0,,
24/3/2026,9:54:41 am,0.0,0.0,0.0,0.0,0.0,0.0,0.0,0.0,,
24/3/2026,9:54:41 am,0.0,0.0,0.0,0.0,0.0,0.0,0.0,0.0,,
24/3/2026,9:54:41 am,0.0,0.0,0.0,0.0,0.0,0.0,0.0,0.0,,
24/3/2026,9:54:41 am,0.0,0.0,0.0,0.0,0.0,0.0,0.0,0.0,,
24/3/2026,9:54:41 am,0.0,0.0,0.0,0.0,0.0,0.0,0.0,0.0,,
24/3/2026,9:54:41 am,0.0,0.0,0.0,0.0,0.0,0.0,0.0,0.0,,
24/3/2026,9:54:41 am,25.5,60.2,1013.0,1200.0,450.0,10.0,20.0,30.0,,
24/3/2026,9:54:41 am,25.5,60.2,1013.0,1200.0,450.0,10.0,20.0,30.0,,
24/3/2026,9:54:41 am,25.5,60.2,1013.0,1200.0,450.0,10.0,20.0,30.0,,
24/3/2026,9:54:41 am,25.5,60.2,1013.0,1200.0,450.0,10.0,20.0,30.0,,
24/3/2026,9:54:41 am,25.0,60.0,1014.0,1000.0,500.0,20.0,30.0,40.0,,
24/3/2026,9:54:41 am,25.0,60.0,1014.0,1000.0,500.0,20.0,30.0,40.0,,
24/3/2026,9:54:41 am,25.0,60.0,1014.0,1000.0,500.0,20.0,30.0,40.0,,
24/3/2026,9:54:41 am,0.0,0.0,0.0,0.0,0.0,0.0,0.0,0.0,,
24/3/2026,9:54:41 am,0.0,0.0,0.0,0.0,0.0,0.0,0.0,0.0,,
24/3/2026,9:54:41 am,0.0,0.0,0.0,0.0,0.0,0.0,0.0,0.0,,
24/3/2026,9:54:41 am,0.0,0.0,0.0,0.0,0.0,0.0,0.0,0.0,,
24/3/2026,9:54:41 am,0.0,0.0,0.0,0.0,0.0,0.0,0.0,0.0,,
24/3/2026,9:54:41 am,0.0,0.0,0.0,0.0,0.0,0.0,0.0,0.0,,
24/3/2026,9:54:41 am,0.0,0.0,0.0,0.0,0.0,0.0,0.0,0.0,,
24/3/2026,9:54:41 am,0.0,0.0,0.0,0.0,0.0,0.0,0.0,0.0,,
24/3/2026,9:54:41 am,0.0,0.0,0.0,0.0,0.0,0.0,0.0,0.0,,
24/3/2026,9:54:41 am,0.0,0.0,0.0,0.0,0.0,0.0,0.0,0.0,,
24/3/2026,9:54:41 am,0.0,0.0,0.0,0.0,0.0,0.0,0.0,0.0,,
24/3/2026,9:54:41 am,0.0,0.0,0.0,0.0,0.0,0.0,0.0,0.0,,
24/3/2026,9:54:41 am,0.0,0.0,0.0,0.0,0.0,0.0,0.0,0.0,,
24/3/2026,9:54:41 am,0.0,0.0,0.0,0.0,0.0,0.0,0.0,0.0,,
24/3/2026,9:54:41 am,0.0,0.0,0.0,0.0,0.0,0.0,0.0,0.0,,
24/3/2026,9:54:41 am,0.0,0.0,0.0,0.0,0.0,0.0,0.0,0.0,,
24/3/2026,9:54:41 am,0.0,0.0,0.0,0.0,0.0,0.0,0.0,0.0,,
24/3/2026,9:54:41 am,0.0,0.0,0.0,0.0,0.0,0.0,0.0,0.0,,
24/3/2026,9:54:41 am,0.0,0.0,0.0,0.0,0.0,0.0,0.0,0.0,,
24/3/2026,9:54:41 am,0.0,0.0,0.0,0.0,0.0,0.0,0.0,0.0,,
24/3/2026,9:54:41 am,0.0,0.0,0.0,0.0,0.0,0.0,0.0,0.0,,
24/3/2026,9:54:41 am,0.0,0.0,0.0,0.0,0.0,0.0,0.0,0.0,,
24/3/2026,9:54:41 am,0.0,0.0,0.0,0.0,0.0,0.0,0.0,0.0,,
24/3/2026,9:54:41 am,0.0,0.0,0.0,0.0,0.0,0.0,0.0,0.0,,
24/3/2026,9:54:41 am,0.0,0.0,0.0,0.0,0.0,0.0,0.0,0.0,,
24/3/2026,9:54:41 am,0.0,0.0,0.0,0.0,0.0,0.0,0.0,0.0,,
24/3/2026,9:54:41 am,0.0,0.0,0.0,0.0,0.0,0.0,0.0,0.0,,
24/3/2026,9:54:41 am,0.0,0.0,0.0,0.0,0.0,0.0,0.0,0.0,,
24/3/2026,9:54:41 am,0.0,0.0,0.0,0.0,0.0,0.0,0.0,0.0,,
24/3/2026,9:54:41 am,0.0,0.0,0.0,0.0,0.0,0.0,0.0,0.0,,
24/3/2026,9:54:41 am,0.0,0.0,0.0,0.0,0.0,0.0,0.0,0.0,,
24/3/2026,9:54:41 am,0.0,0.0,0.0,0.0,0.0,0.0,0.0,0.0,,
24/3/2026,9:54:41 am,0.0,0.0,0.0,0.0,0.0,0.0,0.0,0.0,,
24/3/2026,9:54:41 am,0.0,0.0,0.0,0.0,0.0,0.0,0.0,0.0,,
24/3/2026,9:54:41 am,0.0,0.0,0.0,0.0,0.0,0.0,0.0,0.0,,
24/3/2026,9:54:41 am,0.0,0.0,0.0,0.0,0.0,0.0,0.0,0.0,,
24/3/2026,9:54:41 am,0.0,0.0,0.0,0.0,0.0,0.0,0.0,0.0,,
24/3/2026,9:54:41 am,0.0,0.0,0.0,0.0,0.0,0.0,0.0,0.0,,
24/3/2026,9:54:41 am,0.0,0.0,0.0,0.0,0.0,0.0,0.0,0.0,,
24/3/2026,9:54:41 am,0.0,0.0,0.0,0.0,0.0,0.0,0.0,0.0,,
24/3/2026,9:54:41 am,0.0,0.0,0.0,0.0,0.0,0.0,0.0,0.0,,
24/3/2026,9:54:41 am,0.0,0.0,0.0,0.0,0.0,0.0,0.0,0.0,,
24/3/2026,9:54:41 am,0.0,0.0,0.0,0.0,0.0,0.0,0.0,0.0,,
24/3/2026,9:54:41 am,0.0,0.0,0.0,0.0,0.0,0.0,0.0,0.0,,
24/3/2026,9:54:41 am,0.0,0.0,0.0,0.0,0.0,0.0,0.0,0.0,,
24/3/2026,9:54:41 am,0.0,0.0,0.0,0.0,0.0,0.0,0.0,0.0,,
24/3/2026,9:54:41 am,0.0,0.0,0.0,0.0,0.0,0.0,0.0,0.0,,
24/3/2026,9:54:41 am,0.0,0.0,0.0,0.0,0.0,0.0,0.0,0.0,,
24/3/2026,9:54:41 am,0.0,0.0,0.0,0.0,0.0,0.0,0.0,0.0,,
24/3/2026,9:54:41 am,0.0,0.0,0.0,0.0,0.0,0.0,0.0,0.0,,
24/3/2026,9:54:41 am,0.0,0.0,0.0,0.0,0.0,0.0,0.0,0.0,,
24/3/2026,9:54:41 am,0.0,0.0,0.0,0.0,0.0,0.0,0.0,0.0,,
24/3/2026,9:54:41 am,0.0,0.0,0.0,0.0,0.0,0.0,0.0,0.0,,
24/3/2026,9:54:41 am,0.0,0.0,0.0,0.0,0.0,0.0,0.0,0.0,,
24/3/2026,9:54:41 am,0.0,0.0,0.0,0.0,0.0,0.0,0.0,0.0,,
24/3/2026,9:54:41 am,0.0,0.0,0.0,0.0,0.0,0.0,0.0,0.0,,
24/3/2026,9:54:41 am,0.0,0.0,0.0,0.0,0.0,0.0,0.0,0.0,,
24/3/2026,9:54:41 am,0.0,0.0,0.0,0.0,0.0,0.0,0.0,0.0,,
24/3/2026,9:54:41 am,0.0,0.0,0.0,0.0,0.0,0.0,0.0,0.0,,
24/3/2026,9:54:41 am,0.0,0.0,0.0,0.0,0.0,0.0,0.0,0.0,,
24/3/2026,9:54:41 am,0.0,0.0,0.0,0.0,0.0,0.0,0.0,0.0,,
24/3/2026,9:54:41 am,0.0,0.0,0.0,0.0,0.0,0.0,0.0,0.0,,
24/3/2026,9:54:41 am,0.0,0.0,0.0,0.0,0.0,0.0,0.0,0.0,,
24/3/2026,9:54:41 am,0.0,0.0,0.0,0.0,0.0,0.0,0.0,0.0,,
24/3/2026,9:54:41 am,0.0,0.0,0.0,0.0,0.0,0.0,0.0,0.0,,
24/3/2026,9:54:41 am,0.0,0.0,0.0,0.0,0.0,0.0,0.0,0.0,,
24/3/2026,9:54:41 am,0.0,0.0,0.0,0.0,0.0,0.0,0.0,0.0,,
24/3/2026,9:54:41 am,0.0,0.0,0.0,0.0,0.0,0.0,0.0,0.0,,
24/3/2026,9:54:41 am,0.0,0.0,0.0,0.0,0.0,0.0,0.0,0.0,,
24/3/2026,9:54:41 am,0.0,0.0,0.0,0.0,0.0,0.0,0.0,0.0,,
24/3/2026,9:54:41 am,0.0,0.0,0.0,0.0,0.0,0.0,0.0,0.0,,
24/3/2026,9:54:41 am,0.0,0.0,0.0,0.0,0.0,0.0,0.0,0.0,,
24/3/2026,9:54:41 am,0.0,0.0,0.0,0.0,0.0,0.0,0.0,0.0,,
24/3/2026,9:54:41 am,0.0,0.0,0.0,0.0,0.0,0.0,0.0,0.0,,
24/3/2026,9:54:41 am,0.0,0.0,0.0,0.0,0.0,0.0,0.0,0.0,,
24/3/2026,9:54:41 am,0.0,0.0,0.0,0.0,0.0,0.0,0.0,0.0,,
24/3/2026,9:54:41 am,0.0,0.0,0.0,0.0,0.0,0.0,0.0,0.0,,
24/3/2026,9:54:41 am,0.0,0.0,0.0,0.0,0.0,0.0,0.0,0.0,,
24/3/2026,9:54:41 am,0.0,0.0,0.0,0.0,0.0,0.0,0.0,0.0,,
24/3/2026,9:54:41 am,0.0,0.0,0.0,0.0,0.0,0.0,0.0,0.0,,
24/3/2026,9:54:41 am,0.0,0.0,0.0,0.0,0.0,0.0,0.0,0.0,,
24/3/2026,9:54:41 am,0.0,0.0,0.0,0.0,0.0,0.0,0.0,0.0,,
24/3/2026,9:54:41 am,0.0,0.0,0.0,0.0,0.0,0.0,0.0,0.0,,
24/3/2026,9:54:41 am,0.0,0.0,0.0,0.0,0.0,0.0,0.0,0.0,,
24/3/2026,9:54:41 am,0.0,0.0,0.0,0.0,0.0,0.0,0.0,0.0,,
24/3/2026,9:54:41 am,0.0,0.0,0.0,0.0,0.0,0.0,0.0,0.0,,
24/3/2026,9:54:41 am,0.0,0.0,0.0,0.0,0.0,0.0,0.0,0.0,,
24/3/2026,9:54:41 am,25.5,60.2,1013.0,1200.0,792.1220238095239,10.0,20.0,30.0,,
24/3/2026,9:54:41 am,25.5,60.2,1013.0,1200.0,792.1220238095239,10.0,20.0,30.0,,
24/3/2026,9:54:41 am,25.5,60.2,1013.0,1200.0,792.1220238095239,10.0,20.0,30.0,,
24/3/2026,9:54:41 am,25.5,60.2,1013.0,1200.0,792.1220238095239,10.0,20.0,30.0,,
24/3/2026,9:54:41 am,25.5,60.2,1013.0,1200.0,792.1220238095239,10.0,20.0,30.0,,
24/3/2026,9:54:41 am,25.5,60.2,1013.0,1200.0,792.1220238095239,10.0,20.0,30.0,,
24/3/2026,9:54:41 am,25.5,60.2,1013.0,1200.0,792.1220238095239,10.0,20.0,30.0,,
24/3/2026,9:54:41 am,25.5,60.2,1013.0,1200.0,450.0,10.0,20.0,30.0,,
24/3/2026,9:54:41 am,25.5,60.2,1013.0,1200.0,450.0,10.0,20.0,30.0,,
24/3/2026,9:54:41 am,25.5,60.2,1013.0,1200.0,450.0,10.0,20.0,30.0,,
24/3/2026,9:54:41 am,25.5,60.2,1013.0,1200.0,450.0,10.0,20.0,30.0,,
24/3/2026,9:54:41 am,25.5,60.2,1013.0,1200.0,450.0,10.0,20.0,30.0,,
24/3/2026,9:54:41 am,25.5,60.2,1013.0,1200.0,450.0,10.0,20.0,30.0,,
24/3/2026,9:54:41 am,25.0,50.2,1013.0,1200.0,450.0,10.0,20.0,30.0,,
24/3/2026,9:54:41 am,25.0,50.2,1013.0,1200.0,450.0,10.0,20.0,30.0,,
24/3/2026,9:54:41 am,25.0,50.2,1013.0,1200.0,450.0,10.0,20.0,30.0,,
24/3/2026,9:54:41 am,25.0,50.2,1013.0,1200.0,450.0,10.0,20.0,30.0,,
24/3/2026,9:54:41 am,25.0,50.2,1013.0,1200.0,450.0,10.0,20.0,30.0,,
24/3/2026,9:54:41 am,25.0,50.2,1013.0,1200.0,450.0,10.0,20.0,30.0,,
24/3/2026,9:54:41 am,25.0,50.2,1013.0,1200.0,450.0,10.0,20.0,30.0,,
24/3/2026,9:54:41 am,25.5,60.2,1013.0,1200.0,792.1220238095239,10.0,20.0,30.0,,
24/3/2026,9:54:41 am,25.5,60.2,1013.0,1200.0,792.1220238095239,10.0,20.0,30.0,,
24/3/2026,9:54:41 am,25.5,60.2,1013.0,1200.0,792.1220238095239,10.0,20.0,30.0,,
24/3/2026,9:54:41 am,25.5,60.2,1013.0,1200.0,792.1220238095239,10.0,20.0,30.0,,
24/3/2026,9:54:41 am,25.5,60.2,1013.0,1200.0,792.1220238095239,10.0,20.0,30.0,,
24/3/2026,9:54:41 am,25.5,60.2,1013.0,1200.0,792.1220238095239,10.0,20.0,30.0,,
24/3/2026,9:54:41 am,25.5,60.2,1013.0,1200.0,792.1220238095239,10.0,20.0,30.0,,
24/3/2026,9:54:41 am,25.5,60.2,1013.0,1200.0,792.1220238095239,10.0,20.0,30.0,,
24/3/2026,9:54:41 am,25.5,60.2,1013.0,1200.0,792.1220238095239,10.0,20.0,30.0,,
24/3/2026,9:54:41 am,25.5,60.2,1013.0,1200.0,792.1220238095239,10.0,20.0,30.0,,
24/3/2026,9:54:41 am,25.5,60.2,1013.0,1200.0,792.1220238095239,10.0,20.0,30.0,,
24/3/2026,9:54:41 am,25.5,60.2,1013.0,1200.0,792.1220238095239,10.0,20.0,30.0,,
24/3/2026,9:54:41 am,25.5,60.2,1013.0,1200.0,792.1220238095239,10.0,20.0,30.0,,
24/3/2026,9:54:41 am,25.5,60.2,1013.0,1200.0,792.1220238095239,10.0,20.0,30.0,,
24/3/2026,9:54:41 am,25.5,60.2,1013.0,1200.0,792.1220238095239,10.0,20.0,30.0,,
24/3/2026,9:54:41 am,25.5,60.2,1013.0,1200.0,792.1220238095239,10.0,20.0,30.0,,
24/3/2026,9:54:41 am,25.5,60.2,1013.0,1200.0,792.1220238095239,10.0,20.0,30.0,,
24/3/2026,9:54:41 am,25.5,60.2,1013.0,1200.0,792.1220238095239,10.0,20.0,30.0,,
24/3/2026,9:54:41 am,25.5,60.2,1013.0,1200.0,792.1220238095239,10.0,20.0,30.0,,
24/3/2026,9:54:41 am,25.5,60.2,1013.0,1200.0,792.1220238095239,10.0,20.0,30.0,,
24/3/2026,9:54:41 am,25.5,60.2,1013.0,1200.0,792.1220238095239,10.0,20.0,30.0,,
24/3/2026,9:54:41 am,25.5,60.2,1013.0,1200.0,792.1220238095239,10.0,20.0,30.0,,
24/3/2026,9:54:41 am,25.5,60.2,1013.0,1200.0,792.1220238095239,10.0,20.0,30.0,,
24/3/2026,9:54:41 am,25.5,60.2,1013.0,1200.0,792.1220238095239,10.0,20.0,30.0,,
24/3/2026,9:54:41 am,25.5,60.2,1013.0,1200.0,792.1220238095239,10.0,20.0,30.0,,
24/3/2026,9:54:41 am,25.5,60.2,1013.0,1200.0,792.1220238095239,10.0,20.0,30.0,,
24/3/2026,9:54:41 am,25.5,60.2,1013.0,1200.0,792.1220238095239,10.0,20.0,30.0,,
24/3/2026,9:54:41 am,25.5,60.2,1013.0,1200.0,792.1220238095239,10.0,20.0,30.0,,
24/3/2026,9:54:41 am,25.5,60.2,1013.0,1200.0,792.1220238095239,10.0,20.0,30.0,,
24/3/2026,9:54:41 am,25.5,60.2,1013.0,1200.0,792.1220238095239,10.0,20.0,30.0,,
24/3/2026,9:54:41 am,25.5,60.2,1013.0,1200.0,792.1220238095239,10.0,20.0,30.0,,
24/3/2026,9:54:41 am,25.5,60.2,1013.0,1200.0,792.1220238095239,10.0,20.0,30.0,,
24/3/2026,9:54:41 am,25.5,60.2,1013.0,1200.0,792.1220238095239,10.0,20.0,30.0,,
24/3/2026,9:54:41 am,25.5,60.2,1013.0,1200.0,792.1220238095239,10.0,20.0,30.0,,
24/3/2026,9:54:41 am,25.5,60.2,1013.0,1200.0,792.1220238095239,10.0,20.0,30.0,,
24/3/2026,9:54:41 am,25.5,60.2,1013.0,1200.0,792.1220238095239,10.0,20.0,30.0,,
24/3/2026,9:54:41 am,25.5,60.2,1013.0,1200.0,792.1220238095239,10.0,20.0,30.0,,
24/3/2026,9:54:41 am,25.5,60.2,1013.0,1200.0,792.1220238095239,10.0,20.0,30.0,,
24/3/2026,9:54:41 am,25.5,60.2,1013.0,1200.0,792.1220238095239,10.0,20.0,30.0,,
24/3/2026,9:54:41 am,25.5,60.2,1013.0,1200.0,792.1220238095239,10.0,20.0,30.0,,
24/3/2026,9:54:41 am,25.5,60.2,1013.0,1200.0,792.1220238095239,10.0,20.0,30.0,,
24/3/2026,9:54:41 am,25.5,60.2,1013.0,1200.0,792.1220238095239,10.0,20.0,30.0,,
24/3/2026,9:54:41 am,25.5,60.2,1013.0,1200.0,792.1220238095239,10.0,20.0,30.0,,
24/3/2026,9:54:41 am,25.5,60.2,1013.0,1200.0,792.1220238095239,10.0,20.0,30.0,,
24/3/2026,9:54:41 am,37.82,48.74,1008.59,150.68,561.0,56.0,81.0,91.0,,
24/3/2026,9:54:41 am,37.67,48.85,1008.56,148.84,636.0,55.0,78.0,87.0,,
24/3/2026,9:54:41 am,37.6,49.05,1008.62,148.84,739.0,54.0,78.0,86.0,,
24/3/2026,9:54:41 am,37.6,49.15,1008.6,149.3,738.0,55.0,80.0,85.0,,
24/3/2026,9:54:41 am,37.62,49.05,1008.56,150.22,673.0,53.0,82.0,87.0,,
24/3/2026,9:54:41 am,37.51,49.27,1008.57,149.76,779.0,54.0,83.0,88.0,,
24/3/2026,9:54:41 am,37.46,49.37,1008.57,149.3,702.0,55.0,82.0,91.0,,
24/3/2026,9:54:41 am,37.34,49.56,1008.56,149.3,636.0,55.0,81.0,92.0,,
24/3/2026,9:54:41 am,37.29,49.85,1008.56,149.3,849.0,55.0,81.0,92.0,,
24/3/2026,9:54:41 am,37.15,50.07,1008.58,149.3,746.0,55.0,83.0,91.0,,
24/3/2026,9:54:41 am,37.17,50.16,1008.61,148.84,604.0,54.0,80.0,88.0,,
24/3/2026,9:54:41 am,37.25,50.16,1008.55,149.3,672.0,54.0,81.0,90.0,,
24/3/2026,9:54:41 am,37.32,49.75,1008.58,149.3,601.0,54.0,80.0,91.0,,
24/3/2026,9:54:41 am,37.39,49.46,1008.6,148.84,589.0,53.0,82.0,89.0,,
24/3/2026,9:54:41 am,37.47,49.46,1008.6,148.84,693.0,51.0,75.0,79.0,,
24/3/2026,9:54:41 am,37.55,49.15,1008.6,148.38,583.0,51.0,75.0,80.0,,
24/3/2026,9:54:41 am,37.41,49.17,1008.58,148.84,646.0,50.0,75.0,82.0,,
24/3/2026,9:54:41 am,37.39,49.37,1008.61,149.3,578.0,48.0,72.0,81.0,,
24/3/2026,9:54:41 am,37.49,49.27,1008.58,148.38,669.0,48.0,72.0,80.0,,
24/3/2026,9:54:41 am,37.27,48.8,1008.56,148.84,659.0,48.0,73.0,77.0,,
24/3/2026,9:54:41 am,37.27,49.29,1008.59,148.84,400.0,48.0,74.0,79.0,,
24/3/2026,9:54:41 am,37.24,49.29,1008.54,147.92,618.0,48.0,71.0,78.0,,
24/3/2026,9:54:41 am,37.15,49.1,1008.54,148.84,591.0,48.0,71.0,78.0,,
24/3/2026,9:54:41 am,36.87,49.41,1008.58,148.38,648.0,47.0,67.0,73.0,,
24/3/2026,9:54:41 am,36.65,49.73,1008.55,148.84,669.0,48.0,71.0,76.0,,
24/3/2026,9:54:41 am,36.6,50.41,1008.57,147.46,585.0,48.0,70.0,77.0,,
24/3/2026,9:54:41 am,36.34,50.43,1008.49,148.38,699.0,48.0,72.0,80.0,,
24/3/2026,9:54:41 am,36.35,50.92,1008.52,147.46,602.0,47.0,71.0,79.0,,
24/3/2026,9:54:41 am,36.34,50.92,1008.52,147.92,702.0,46.0,71.0,82.0,,
24/3/2026,9:54:41 am,36.49,50.73,1008.56,147.46,697.0,48.0,73.0,84.0,,
24/3/2026,9:54:41 am,36.69,50.41,1008.54,147.0,603.0,50.0,74.0,81.0,,
24/3/2026,9:54:41 am,36.51,49.92,1008.51,147.0,628.0,49.0,73.0,79.0,,
24/3/2026,9:54:41 am,36.44,50.24,1008.51,147.46,400.0,47.0,74.0,78.0,,
24/3/2026,9:54:41 am,36.28,50.63,1008.48,147.92,400.0,49.0,75.0,80.0,,
24/3/2026,9:54:41 am,36.23,51.14,1008.52,147.46,602.0,50.0,75.0,80.0,,
24/3/2026,9:54:41 am,36.37,50.43,1008.51,147.46,595.0,47.0,73.0,80.0,,
24/3/2026,9:54:41 am,36.62,50.41,1008.5,146.07,780.0,48.0,73.0,82.0,,
24/3/2026,9:54:41 am,36.76,49.82,1008.55,147.0,697.0,49.0,73.0,82.0,,
24/3/2026,9:54:41 am,36.9,49.61,1008.45,147.46,660.0,50.0,72.0,81.0,,
24/3/2026,9:54:41 am,36.95,49.51,1008.53,147.46,705.0,51.0,76.0,82.0,,
24/3/2026,9:54:41 am,37.15,49.0,1008.45,147.46,627.0,49.0,74.0,80.0,,
24/3/2026,9:54:41 am,36.93,49.22,1008.51,147.0,701.0,49.0,74.0,81.0,,
24/3/2026,9:54:41 am,37.0,49.22,1008.51,147.46,526.0,49.0,75.0,81.0,,
24/3/2026,9:54:41 am,36.99,49.32,1008.51,147.92,604.0,48.0,72.0,78.0,,
24/3/2026,9:54:41 am,36.6,50.02,1008.45,147.46,636.0,48.0,73.0,79.0,,
24/3/2026,9:54:41 am,36.47,50.43,1008.49,147.92,606.0,47.0,76.0,79.0,,
24/3/2026,9:54:41 am,36.38,50.53,1008.49,148.38,693.0,48.0,73.0,78.0,,
24/3/2026,9:54:41 am,36.66,50.02,1008.49,147.46,610.0,49.0,75.0,81.0,,
24/3/2026,9:54:41 am,36.51,49.63,1008.48,147.46,644.0,45.0,70.0,78.0,,
24/3/2026,9:54:41 am,36.6,49.34,1008.52,147.46,1272.0,45.0,70.0,78.0,,
24/3/2026,9:54:41 am,36.54,49.34,1008.52,147.46,712.0,45.0,66.0,72.0,,
24/3/2026,9:54:41 am,36.54,49.34,1008.52,147.46,706.0,43.0,63.0,70.0,,
24/3/2026,9:54:41 am,36.57,49.73,1008.49,147.0,640.0,42.0,65.0,70.0,,
24/3/2026,9:54:41 am,36.49,49.76,1008.55,146.53,675.0,42.0,65.0,71.0,,
24/3/2026,9:54:41 am,36.46,49.37,1008.48,146.53,656.0,41.0,59.0,67.0,,
24/3/2026,9:54:41 am,36.16,49.19,1008.5,146.07,598.0,38.0,56.0,63.0,,
24/3/2026,9:54:41 am,36.07,49.68,1008.49,146.53,489.0,38.0,57.0,62.0,,
24/3/2026,9:54:41 am,35.9,49.61,1008.43,147.0,555.0,35.0,57.0,62.0,,
24/3/2026,9:54:41 am,35.97,49.99,1008.48,145.61,546.0,36.0,56.0,58.0,,
24/3/2026,9:54:41 am,36.0,49.9,1008.51,146.07,678.0,37.0,58.0,60.0,,
24/3/2026,9:54:41 am,36.12,50.07,1008.48,146.53,520.0,38.0,58.0,63.0,,
24/3/2026,9:54:41 am,36.27,49.78,1008.5,146.07,639.0,36.0,54.0,62.0,,
24/3/2026,9:54:41 am,36.34,49.56,1008.52,146.07,675.0,38.0,56.0,64.0,,
24/3/2026,9:54:41 am,36.37,49.37,1008.47,144.69,588.0,39.0,57.0,63.0,,
24/3/2026,9:54:41 am,36.41,49.46,1008.5,145.61,666.0,40.0,60.0,67.0,,
24/3/2026,9:54:41 am,36.46,48.58,1008.42,144.69,668.0,36.0,55.0,62.0,,
24/3/2026,9:54:41 am,36.32,48.88,1008.41,145.15,633.0,37.0,55.0,63.0,,
24/3/2026,9:54:41 am,36.38,48.97,1008.44,145.61,699.0,35.0,54.0,59.0,,
24/3/2026,9:54:41 am,36.41,48.88,1008.45,145.15,599.0,34.0,53.0,60.0,,
24/3/2026,9:54:41 am,36.54,48.75,1008.45,146.07,637.0,35.0,55.0,63.0,,
24/3/2026,9:54:41 am,36.62,48.85,1008.45,146.07,670.0,35.0,54.0,59.0,,
24/3/2026,9:54:41 am,36.57,48.57,1008.47,147.46,615.0,34.0,53.0,56.0,,
24/3/2026,9:54:41 am,36.53,48.18,1008.47,151.14,714.0,35.0,49.0,53.0,,
24/3/2026,9:54:41 am,36.51,47.78,1008.42,151.6,611.0,33.0,50.0,55.0,,
24/3/2026,9:54:41 am,36.47,48.68,1008.44,148.38,629.0,34.0,54.0,63.0,,
24/3/2026,9:54:41 am,36.35,47.91,1008.36,148.84,779.0,33.0,52.0,61.0,,
24/3/2026,9:54:41 am,36.23,48.13,1008.36,150.22,662.0,32.0,51.0,58.0,,
24/3/2026,9:54:41 am,36.41,48.88,1008.37,151.6,779.0,33.0,51.0,59.0,,
24/3/2026,9:54:41 am,36.62,47.88,1008.4,150.68,721.0,32.0,51.0,55.0,,
24/3/2026,9:54:41 am,36.75,48.18,1008.43,151.6,560.0,34.0,55.0,60.0,,
24/3/2026,9:54:41 am,36.76,48.27,1008.44,147.92,654.0,33.0,54.0,58.0,,
24/3/2026,9:54:41 am,36.69,47.59,1008.44,146.53,656.0,33.0,50.0,55.0,,
24/3/2026,9:54:41 am,36.71,48.08,1008.41,146.53,714.0,36.0,51.0,55.0,,
24/3/2026,9:54:41 am,36.62,48.57,1008.41,146.07,698.0,35.0,49.0,55.0,,
24/3/2026,9:54:41 am,39.09,45.14,1009.05,5.53,684.0,15.0,30.0,35.0,,
24/3/2026,9:54:41 am,39.47,42.99,1009.1,11.06,696.0,14.0,29.0,37.0,,
24/3/2026,9:54:41 am,39.77,43.64,1009.08,14.28,701.0,14.0,26.0,35.0,,
24/3/2026,9:54:41 am,39.89,44.97,1009.07,3.69,710.0,12.0,25.0,33.0,,
24/3/2026,9:54:41 am,40.0,41.2,1009.08,4.15,720.0,10.0,24.0,30.0,,
24/3/2026,9:54:41 am,39.97,42.27,1009.08,3.69,715.0,7.0,22.0,25.0,,
24/3/2026,9:54:41 am,39.67,41.52,42.84,2.3,702.0,8.0,20.0,23.0,,
24/3/2026,9:54:41 am,39.79,42.29,1009.0,8.76,706.0,10.0,22.0,23.0,,
24/3/2026,9:54:41 am,39.88,42.75,1008.98,7.83,704.0,8.0,21.0,26.0,,
24/3/2026,9:54:41 am,40.08,45.04,1008.93,7.37,727.0,8.0,22.0,27.0,,
24/3/2026,9:54:41 am,40.27,46.2,1008.92,6.91,729.0,9.0,24.0,28.0,,
24/3/2026,9:54:41 am,40.57,45.6,1009.08,8.29,735.0,9.0,23.0,27.0,,
24/3/2026,9:54:41 am,40.74,43.46,1009.11,53.91,734.0,10.0,26.0,29.0,,
24/3/2026,9:54:41 am,40.91,45.17,1009.19,13.82,719.0,10.0,26.0,29.0,,
24/3/2026,9:54:41 am,33.37,61.58,1008.65,1.84,769.0,20.0,30.0,36.0,,
24/3/2026,9:54:41 am,33.94,59.67,1008.7,1.84,801.0,19.0,30.0,37.0,,
24/3/2026,9:54:41 am,34.28,58.83,1008.68,1.38,795.0,19.0,31.0,35.0,,
24/3/2026,9:54:41 am,34.58,58.02,1008.62,1.84,786.0,17.0,27.0,32.0,,
24/3/2026,9:54:41 am,34.85,57.31,1008.7,2.3,790.0,18.0,27.0,31.0,,
24/3/2026,9:54:41 am,35.06,56.79,1008.69,1.84,784.0,17.0,24.0,30.0,,
24/3/2026,9:54:41 am,35.14,56.5,1008.67,2.3,783.0,17.0,26.0,30.0,,
24/3/2026,9:54:41 am,35.38,56.18,1008.7,1.84,783.0,19.0,26.0,30.0,,
24/3/2026,9:54:41 am,35.53,55.57,1008.73,1.84,778.0,18.0,25.0,30.0,,
24/3/2026,9:54:41 am,35.66,55.27,1008.71,1.84,776.0,18.0,27.0,32.0,,
24/3/2026,9:54:41 am,35.81,55.05,1008.69,2.3,774.0,18.0,27.0,31.0,,
24/3/2026,9:54:41 am,36.0,54.66,1008.72,1.38,774.0,17.0,26.0,30.0,,
24/3/2026,9:54:41 am,35.99,54.28,1008.6,4.61,773.0,17.0,29.0,31.0,,
24/3/2026,9:54:41 am,36.03,53.96,1008.6,5.07,771.0,17.0,28.0,33.0,,
24/3/2026,9:54:41 am,36.12,53.86,1008.58,1.84,760.0,17.0,27.0,30.0,,
24/3/2026,9:54:41 am,36.16,53.67,1008.61,1.84,758.0,17.0,29.0,34.0,,
24/3/2026,9:54:41 am,36.09,53.57,1008.58,1.84,755.0,16.0,28.0,35.0,,
24/3/2026,9:54:41 am,36.12,53.47,1008.6,1.84,757.0,16.0,28.0,34.0,,
24/3/2026,9:54:41 am,36.12,53.57,1008.61,1.84,757.0,18.0,28.0,32.0,,
24/3/2026,9:54:41 am,36.16,53.57,1008.63,1.84,764.0,19.0,29.0,33.0,,
24/3/2026,9:54:41 am,36.23,53.47,1008.58,1.84,768.0,18.0,30.0,35.0,,
24/3/2026,9:54:41 am,36.38,53.06,1008.63,1.84,769.0,20.0,31.0,37.0,,
24/3/2026,9:54:41 am,36.46,52.96,1008.6,1.84,770.0,20.0,31.0,36.0,,
24/3/2026,9:54:41 am,36.53,52.74,1008.58,1.84,776.0,18.0,30.0,34.0,,
24/3/2026,9:54:41 am,36.6,52.55,1008.63,1.84,773.0,18.0,32.0,35.0,,
24/3/2026,9:54:41 am,36.59,52.25,1008.66,1.84,767.0,20.0,33.0,36.0,,
24/3/2026,9:54:41 am,36.6,52.15,1008.61,1.84,763.0,19.0,32.0,36.0,,
24/3/2026,9:54:41 am,36.57,52.25,1008.6,1.84,760.0,20.0,34.0,38.0,,
24/3/2026,9:54:41 am,36.65,51.97,1008.64,1.84,751.0,19.0,33.0,37.0,,
24/3/2026,9:54:41 am,36.57,51.97,1008.61,1.84,748.0,21.0,34.0,37.0,,
24/3/2026,9:54:41 am,36.59,52.06,1008.65,1.84,736.0,22.0,36.0,41.0,,
24/3/2026,9:54:41 am,36.66,52.15,1008.65,1.84,741.0,21.0,34.0,38.0,,
24/3/2026,9:54:41 am,36.6,52.15,1008.61,1.84,748.0,20.0,33.0,39.0,,
24/3/2026,9:54:41 am,36.6,52.15,1008.64,1.84,737.0,19.0,33.0,36.0,,
24/3/2026,9:54:41 am,36.64,52.25,1008.63,1.84,733.0,21.0,34.0,35.0,,
24/3/2026,9:54:41 am,29.3,70.67,1010.44,325.79,500.0,35.0,61.0,72.0,,
24/3/2026,9:54:41 am,30.0,69.18,1010.47,325.32,500.0,36.0,56.0,62.0,,
24/3/2026,9:54:41 am,30.64,66.93,1010.44,319.8,500.0,39.0,59.0,63.0,,
24/3/2026,9:54:41 am,31.2,65.19,1010.41,318.87,500.0,41.0,62.0,67.0,,
24/3/2026,9:54:41 am,31.63,63.75,1010.43,320.26,984.0,42.0,62.0,67.0,,
24/3/2026,9:54:41 am,31.93,62.84,1010.48,81.1,865.0,38.0,58.0,63.0,,
24/3/2026,9:54:41 am,32.3,61.99,1010.5,74.19,887.0,37.0,57.0,61.0,,
24/3/2026,9:54:41 am,32.72,60.99,1010.52,126.26,1151.0,36.0,53.0,56.0,,
24/3/2026,9:54:41 am,33.04,60.05,1010.53,127.18,783.0,34.0,51.0,54.0,,
24/3/2026,9:54:41 am,33.38,59.23,1010.52,123.03,908.0,33.0,50.0,53.0,,
24/3/2026,9:54:41 am,33.63,58.42,1010.48,122.57,699.0,32.0,50.0,55.0,,
24/3/2026,9:54:41 am,33.94,57.71,1010.51,122.57,702.0,33.0,49.0,54.0,,
24/3/2026,9:54:41 am,34.13,56.9,1010.46,125.8,798.0,31.0,47.0,54.0,,
24/3/2026,9:54:41 am,34.3,56.38,1010.52,125.34,936.0,33.0,48.0,52.0,,
24/3/2026,9:54:41 am,34.49,56.1,1010.48,125.34,683.0,31.0,46.0,51.0,,
24/3/2026,9:54:41 am,34.65,55.58,1010.48,125.34,990.0,29.0,43.0,47.0,,
24/3/2026,9:54:41 am,34.81,55.07,1010.5,125.8,887.0,29.0,43.0,47.0,,
24/3/2026,9:54:41 am,34.89,54.68,1010.48,125.8,778.0,27.0,39.0,43.0,,
24/3/2026,9:54:41 am,35.04,54.46,1010.49,126.26,709.0,26.0,42.0,44.0,,
24/3/2026,9:54:41 am,35.11,54.26,1010.48,125.8,651.0,25.0,41.0,42.0,,
24/3/2026,9:54:41 am,35.16,53.97,1010.53,124.88,445.0,27.0,43.0,46.0,,
24/3/2026,9:54:41 am,35.26,53.77,1010.51,126.26,670.0,25.0,39.0,40.0,,
24/3/2026,9:54:41 am,35.36,53.55,1010.51,126.26,802.0,26.0,40.0,43.0,,
24/3/2026,9:54:41 am,35.48,53.26,1010.47,126.26,833.0,26.0,38.0,41.0,,
24/3/2026,9:54:41 am,35.59,53.04,1010.5,126.26,760.0,26.0,37.0,39.0,,
24/3/2026,9:54:41 am,35.63,52.84,1010.53,124.88,863.0,26.0,37.0,39.0,,
24/3/2026,9:54:41 am,35.65,52.65,1010.47,125.34,719.0,24.0,35.0,38.0,,
24/3/2026,9:54:41 am,35.74,52.55,1010.52,126.26,676.0,24.0,36.0,41.0,,
24/3/2026,9:54:41 am,35.8,52.43,1010.53,125.34,753.0,25.0,37.0,42.0,,
24/3/2026,9:54:41 am,35.82,52.23,1010.46,125.8,687.0,25.0,37.0,40.0,,
24/3/2026,9:54:41 am,35.87,52.14,1010.49,126.26,508.0,26.0,38.0,42.0,,
24/3/2026,9:54:41 am,35.9,52.04,1010.53,124.88,730.0,21.0,32.0,36.0,,
24/3/2026,9:54:41 am,35.96,51.94,1010.52,125.34,699.0,22.0,33.0,36.0,,
24/3/2026,9:54:41 am,35.87,51.84,1010.54,125.34,610.0,21.0,33.0,35.0,,
24/3/2026,9:54:41 am,35.96,51.84,1010.49,125.34,665.0,23.0,32.0,36.0,,
24/3/2026,9:54:41 am,35.94,51.75,1010.49,125.34,657.0,23.0,33.0,36.0,,
24/3/2026,9:54:41 am,36.01,51.62,1010.51,125.8,712.0,22.0,32.0,34.0,,
24/3/2026,9:54:41 am,36.07,51.62,1010.49,125.8,775.0,21.0,32.0,33.0,,
24/3/2026,9:54:41 am,36.09,51.53,1010.52,126.26,679.0,22.0,33.0,38.0,,
24/3/2026,9:54:41 am,36.09,51.43,1010.49,125.8,738.0,22.0,32.0,35.0,,
18/3/2026,11:14:24 pm,36.27,51.14,1010.46,125.34,718.0,21.0,29.0,35.0,0h 0m,3.0
18/3/2026,11:14:39 pm,36.22,51.14,1010.48,125.34,721.0,19.0,27.0,31.0,0h 0m,3.0
18/3/2026,11:14:54 pm,36.22,51.14,1010.46,124.88,698.0,20.0,28.0,32.0,0h 0m,3.0
18/3/2026,11:15:09 pm,36.19,51.23,1010.49,125.34,664.0,19.0,30.0,33.0,0h 1m,3.0
18/3/2026,11:15:24 pm,36.22,51.14,1010.41,125.8,774.0,20.0,31.0,36.0,0h 1m,3.0
18/3/2026,11:15:39 pm,36.25,51.04,1010.42,125.8,692.0,18.0,27.0,32.0,0h 1m,3.0
18/3/2026,11:15:54 pm,36.25,51.04,1010.41,124.88,744.0,20.0,30.0,34.0,0h 1m,3.0
18/3/2026,11:16:09 pm,36.2,51.04,1010.48,125.34,718.0,19.0,29.0,36.0,0h 2m,3.0
18/3/2026,11:16:24 pm,36.22,51.04,1010.47,124.88,661.0,18.0,27.0,32.0,0h 2m,3.0
18/3/2026,11:16:39 pm,36.2,51.04,1010.45,126.26,712.0,19.0,30.0,33.0,0h 2m,3.0
18/3/2026,11:16:54 pm,36.25,50.95,1010.4,125.34,677.0,19.0,30.0,31.0,0h 2m,3.0
18/3/2026,11:17:09 pm,36.31,50.92,1010.39,125.34,677.0,18.0,28.0,30.0,0h 3m,3.0
18/3/2026,11:17:24 pm,36.32,50.82,1010.43,124.88,632.0,18.0,27.0,30.0,0h 3m,3.0
18/3/2026,11:17:39 pm,36.31,50.73,1010.43,124.88,675.0,18.0,29.0,30.0,0h 3m,3.0
18/3/2026,11:17:54 pm,36.34,50.73,1010.42,124.88,711.0,17.0,27.0,28.0,0h 3m,3.0
18/3/2026,11:18:09 pm,36.31,50.82,1010.45,125.34,682.0,18.0,27.0,29.0,0h 4m,3.0
18/3/2026,11:18:24 pm,36.37,50.73,1010.4,125.8,738.0,17.0,27.0,29.0,0h 4m,3.0
18/3/2026,11:18:39 pm,36.29,50.73,1010.43,125.34,705.0,18.0,26.0,28.0,0h 4m,3.0
18/3/2026,11:18:54 pm,36.25,50.85,1010.43,124.88,725.0,17.0,26.0,28.0,0h 4m,3.0
18/3/2026,11:19:09 pm,36.28,50.82,1010.44,124.88,708.0,17.0,27.0,29.0,0h 5m,3.0
18/3/2026,11:19:24 pm,36.32,50.73,1010.44,124.88,707.0,17.0,27.0,29.0,0h 5m,3.0
18/3/2026,11:19:39 pm,36.31,50.73,1010.45,125.8,797.0,16.0,26.0,31.0,0h 5m,3.0
18/3/2026,11:19:54 pm,36.29,50.73,1010.45,124.42,702.0,16.0,25.0,32.0,0h 5m,3.0
18/3/2026,11:20:09 pm,36.25,50.75,1010.42,124.42,707.0,15.0,25.0,28.0,0h 6m,3.0
18/3/2026,11:20:24 pm,36.29,51.01,1010.46,67.28,867.0,16.0,26.0,30.0,0h 6m,3.0
18/3/2026,11:20:39 pm,36.34,51.21,1010.47,132.25,734.0,16.0,25.0,30.0,0h 6m,3.0
18/3/2026,11:20:54 pm,36.38,50.92,1010.46,49.77,883.0,17.0,24.0,28.0,0h 6m,3.0
18/3/2026,11:21:09 pm,36.43,50.92,1010.44,49.77,696.0,17.0,25.0,26.0,0h 7m,3.0
18/3/2026,11:21:24 pm,36.29,51.21,1010.47,49.31,736.0,17.0,27.0,29.0,0h 7m,3.0
18/3/2026,11:21:51 pm,36.37,51.01,1010.45,50.23,500.0,13.0,28.0,29.0,0h 0m,3.0
18/3/2026,11:22:06 pm,36.31,51.5,1010.45,45.62,500.0,14.0,27.0,28.0,0h 0m,3.0
18/3/2026,11:22:21 pm,36.43,51.31,1010.43,49.31,500.0,16.0,27.0,28.0,0h 0m,3.0
18/3/2026,11:22:36 pm,36.43,51.21,1010.49,20.74,500.0,17.0,26.0,30.0,0h 1m,3.0
18/3/2026,11:22:51 pm,36.5,51.01,1010.46,36.86,690.0,16.0,26.0,28.0,0h 1m,3.0
18/3/2026,11:23:06 pm,36.46,51.01,1010.47,47.46,703.0,16.0,25.0,27.0,0h 1m,3.0
18/3/2026,11:23:27 pm,36.38,50.92,1010.5,47.0,758.0,18.0,26.0,28.0,0h 0m,3.0
18/3/2026,11:23:42 pm,36.38,51.01,1010.46,47.46,768.0,19.0,29.0,32.0,0h 0m,3.0
18/3/2026,11:23:57 pm,36.31,50.92,1010.45,47.46,758.0,20.0,29.0,31.0,0h 0m,3.0
18/3/2026,11:24:12 pm,36.32,50.92,1010.47,47.46,739.0,21.0,29.0,31.0,0h 1m,3.0
18/3/2026,11:24:27 pm,36.29,51.11,1010.48,47.46,708.0,19.0,28.0,32.0,0h 1m,3.0
18/3/2026,11:24:42 pm,36.32,51.01,1010.47,47.46,713.0,18.0,27.0,29.0,0h 1m,3.0
18/3/2026,11:24:57 pm,36.35,51.01,1010.44,47.46,720.0,18.0,25.0,31.0,0h 1m,3.0
18/3/2026,11:25:12 pm,36.28,51.01,1010.48,47.46,740.0,16.0,26.0,29.0,0h 2m,3.0
18/3/2026,11:25:27 pm,36.28,51.11,1010.48,47.46,780.0,17.0,26.0,29.0,0h 2m,3.0
18/3/2026,11:25:42 pm,36.23,51.14,1010.46,47.46,736.0,18.0,26.0,30.0,0h 2m,3.0
18/3/2026,11:25:57 pm,36.2,51.14,1010.46,47.46,698.0,17.0,26.0,28.0,0h 2m,3.0
18/3/2026,11:26:12 pm,36.17,51.14,1010.46,47.46,557.0,16.0,24.0,28.0,0h 3m,3.0
18/3/2026,11:26:27 pm,36.13,51.14,1010.46,47.46,630.0,16.0,26.0,29.0,0h 3m,3.0
18/3/2026,11:26:42 pm,36.16,51.14,1010.44,47.46,582.0,16.0,27.0,30.0,0h 3m,3.0
18/3/2026,11:26:57 pm,36.16,51.14,1010.42,47.46,664.0,16.0,28.0,29.0,0h 3m,3.0
18/3/2026,11:27:12 pm,36.15,51.14,1010.45,47.46,578.0,15.0,26.0,27.0,0h 4m,3.0
18/3/2026,11:27:27 pm,36.09,51.23,1010.44,47.46,745.0,15.0,26.0,28.0,0h 4m,3.0
18/3/2026,11:27:42 pm,36.09,51.23,1010.4,47.46,712.0,15.0,27.0,29.0,0h 4m,3.0
18/3/2026,11:27:57 pm,36.03,51.33,1010.44,47.46,696.0,16.0,29.0,31.0,0h 4m,3.0
18/3/2026,11:28:12 pm,35.99,51.45,1010.44,47.46,769.0,16.0,29.0,32.0,0h 5m,3.0
18/3/2026,11:28:27 pm,36.03,51.43,1010.47,47.46,736.0,20.0,31.0,34.0,0h 5m,3.0
18/3/2026,11:28:42 pm,35.99,51.36,1010.43,47.0,743.0,20.0,29.0,35.0,0h 5m,3.0
18/3/2026,11:28:57 pm,35.96,51.55,1010.44,47.0,787.0,20.0,29.0,36.0,0h 5m,3.0
18/3/2026,11:29:12 pm,35.96,51.65,1010.44,47.0,864.0,19.0,26.0,35.0,0h 6m,3.0
18/3/2026,11:29:27 pm,35.99,51.55,1010.41,47.0,918.0,20.0,30.0,35.0,0h 6m,3.0
18/3/2026,11:29:42 pm,36.03,51.43,1010.41,47.0,783.0,19.0,31.0,37.0,0h 6m,3.0
18/3/2026,11:29:57 pm,36.0,51.45,1010.45,47.0,901.0,20.0,30.0,33.0,0h 6m,3.0
18/3/2026,11:30:12 pm,35.94,51.55,1010.41,47.0,885.0,20.0,30.0,34.0,0h 7m,3.0
18/3/2026,11:30:27 pm,35.89,51.55,1010.45,47.0,750.0,19.0,29.0,30.0,0h 7m,3.0
18/3/2026,11:30:42 pm,35.89,51.75,1010.43,47.0,701.0,20.0,28.0,30.0,0h 7m,3.0
18/3/2026,11:30:57 pm,35.85,51.75,1010.46,47.0,757.0,19.0,29.0,31.0,0h 7m,3.0
18/3/2026,11:31:12 pm,35.72,51.97,1010.47,47.0,632.0,19.0,29.0,32.0,0h 8m,3.0
18/3/2026,11:31:27 pm,35.71,51.97,1010.45,47.0,746.0,19.0,30.0,32.0,0h 8m,3.0
18/3/2026,11:31:42 pm,35.68,51.97,1010.46,47.0,804.0,18.0,29.0,30.0,0h 8m,3.0
18/3/2026,11:31:57 pm,35.68,52.06,1010.46,47.0,712.0,18.0,29.0,30.0,0h 8m,3.0
18/3/2026,11:32:12 pm,35.63,52.06,1010.39,47.0,753.0,18.0,29.0,31.0,0h 9m,3.0
18/3/2026,11:32:27 pm,35.65,52.06,1010.42,47.0,1141.0,18.0,30.0,30.0,0h 9m,3.0
19/3/2026,8:01:32 pm,30.1,69.15,1010.77,135.48,500.0,23.0,29.0,30.0,0h 0m,3.0
19/3/2026,8:01:47 pm,30.79,67.51,1010.8,93.08,500.0,21.0,34.0,35.0,0h 0m,3.0
19/3/2026,8:02:02 pm,31.41,65.55,1010.81,135.01,500.0,22.0,38.0,38.0,0h 0m,3.0
19/3/2026,8:02:17 pm,31.91,63.82,1010.8,136.4,500.0,23.0,37.0,40.0,0h 1m,3.0
19/3/2026,8:02:32 pm,32.33,62.48,1010.74,137.32,788.0,27.0,43.0,44.0,0h 1m,3.0
19/3/2026,8:02:47 pm,32.59,60.99,1010.77,136.4,775.0,27.0,42.0,47.0,0h 1m,3.0
19/3/2026,8:03:02 pm,32.78,60.57,1010.81,136.86,761.0,28.0,40.0,45.0,0h 1m,3.0
19/3/2026,8:03:17 pm,32.94,60.27,1010.83,135.48,694.0,28.0,40.0,46.0,0h 2m,3.0
19/3/2026,8:03:32 pm,33.0,59.69,1010.82,136.4,711.0,28.0,39.0,45.0,0h 2m,3.0
19/3/2026,8:03:47 pm,32.94,59.59,1010.8,135.01,755.0,26.0,38.0,42.0,0h 2m,3.0
19/3/2026,8:04:02 pm,33.01,59.66,1010.81,136.4,821.0,26.0,40.0,42.0,0h 2m,3.0
19/3/2026,8:04:17 pm,33.06,59.56,1010.81,136.86,1635.0,25.0,39.0,43.0,0h 3m,3.0
19/3/2026,8:04:32 pm,33.12,59.56,1010.73,137.32,4259.0,24.0,39.0,43.0,0h 3m,3.0
19/3/2026,8:04:47 pm,125.0,59.36,1010.69,135.94,5000.0,25.0,38.0,39.0,0h 3m,3.0
19/3/2026,8:05:03 pm,125.0,100.0,1010.65,136.4,5000.0,25.0,36.0,42.0,0h 3m,3.0
19/3/2026,8:05:17 pm,125.0,100.0,1010.69,137.32,5000.0,25.0,36.0,42.0,0h 4m,3.0
19/3/2026,8:05:32 pm,125.0,100.0,1010.72,135.94,5000.0,26.0,42.0,47.0,0h 4m,3.0
19/3/2026,8:05:47 pm,125.0,100.0,1010.64,136.4,5000.0,25.0,48.0,49.0,0h 4m,3.0
19/3/2026,8:06:02 pm,125.0,100.0,1010.61,137.78,5000.0,43.0,66.0,67.0,0h 4m,3.0
19/3/2026,8:06:17 pm,125.0,100.0,1010.61,137.78,5000.0,97.0,120.0,127.0,0h 5m,3.0
19/3/2026,8:06:32 pm,125.0,100.0,1010.61,137.78,5000.0,122.0,144.0,151.0,0h 5m,3.0
19/3/2026,8:06:47 pm,125.0,100.0,1010.61,137.78,5000.0,135.0,162.0,163.0,0h 5m,3.0
19/3/2026,8:07:02 pm,125.0,100.0,1010.61,137.78,5000.0,145.0,172.0,174.0,0h 5m,3.0
19/3/2026,8:07:17 pm,125.0,100.0,1010.61,137.78,5000.0,152.0,177.0,180.0,0h 6m,3.0
19/3/2026,8:07:32 pm,125.0,100.0,1010.61,137.78,5000.0,157.0,181.0,191.0,0h 6m,3.0
19/3/2026,8:08:01 pm,0.0,0.0,0.0,0.0,5000.0,162.0,183.0,190.0,0h 0m,2.0
19/3/2026,8:08:15 pm,0.0,0.0,0.0,0.0,5000.0,163.0,181.0,192.0,0h 0m,2.0
19/3/2026,10:38:17 pm,29.79,71.09,1012.24,100.92,410.0,23.0,36.0,38.0,0h 0m,3.0
19/3/2026,10:38:32 pm,30.46,69.81,1012.22,63.59,500.0,22.0,37.0,38.0,0h 0m,3.0
19/3/2026,10:38:47 pm,31.16,67.84,1012.2,95.85,500.0,23.0,38.0,42.0,0h 0m,3.0
19/3/2026,10:39:02 pm,31.75,66.2,1012.25,66.36,500.0,24.0,38.0,43.0,0h 1m,3.0
19/3/2026,10:39:17 pm,32.18,64.67,1012.23,92.62,796.0,24.0,41.0,43.0,0h 1m,3.0
19/3/2026,10:39:32 pm,32.56,63.53,1012.28,67.74,906.0,25.0,41.0,42.0,0h 1m,3.0
19/3/2026,10:39:47 pm,32.89,62.52,1012.3,99.99,754.0,25.0,40.0,41.0,0h 1m,3.0
19/3/2026,10:40:02 pm,33.16,61.51,1012.23,101.84,803.0,25.0,39.0,43.0,0h 2m,3.0
19/3/2026,10:40:17 pm,33.26,60.73,1012.21,100.45,744.0,26.0,39.0,45.0,0h 2m,3.0
19/3/2026,10:40:32 pm,33.31,60.02,1012.25,64.97,807.0,25.0,38.0,39.0,0h 2m,3.0
19/3/2026,10:40:47 pm,33.49,59.63,1012.25,101.38,780.0,26.0,43.0,46.0,0h 2m,3.0
19/3/2026,10:41:02 pm,33.71,59.3,1012.28,67.74,746.0,26.0,43.0,45.0,0h 3m,3.0
19/3/2026,10:41:17 pm,33.84,59.08,1012.26,106.44,694.0,26.0,42.0,43.0,0h 3m,3.0
19/3/2026,10:41:32 pm,34.0,58.69,1012.29,86.63,706.0,26.0,42.0,44.0,0h 3m,3.0
19/3/2026,10:41:47 pm,34.24,58.47,1012.28,88.93,717.0,26.0,39.0,43.0,0h 3m,3.0
19/3/2026,10:42:02 pm,34.39,58.14,1012.25,105.98,675.0,25.0,40.0,42.0,0h 4m,3.0
19/3/2026,10:42:19 pm,34.47,57.95,1012.24,105.98,909.0,25.0,39.0,42.0,0h 4m,3.0
19/3/2026,10:42:34 pm,34.65,57.63,1012.27,105.98,819.0,25.0,37.0,41.0,0h 4m,3.0
19/3/2026,10:42:47 pm,34.84,57.21,1012.24,105.52,703.0,25.0,40.0,43.0,0h 4m,3.0
19/3/2026,10:43:02 pm,34.97,57.11,1012.26,106.44,728.0,27.0,41.0,44.0,0h 5m,3.0
19/3/2026,10:43:17 pm,35.03,57.09,1012.23,77.88,792.0,26.0,39.0,42.0,0h 5m,3.0
19/3/2026,10:43:32 pm,35.11,56.99,1012.25,105.98,759.0,24.0,38.0,41.0,0h 5m,3.0
19/3/2026,10:43:59 pm,35.15,56.7,1012.25,106.91,500.0,27.0,34.0,35.0,0h 0m,3.0
19/3/2026,10:44:14 pm,35.07,56.99,1012.29,106.44,500.0,26.0,37.0,41.0,0h 0m,3.0
19/3/2026,10:44:29 pm,35.11,56.89,1012.27,106.44,500.0,26.0,36.0,41.0,0h 0m,3.0
19/3/2026,10:44:44 pm,35.25,56.5,1012.25,105.98,500.0,25.0,36.0,40.0,0h 1m,3.0
19/3/2026,10:44:59 pm,35.28,56.18,1012.25,105.98,810.0,24.0,37.0,40.0,0h 1m,3.0
19/3/2026,10:45:14 pm,35.34,56.09,1012.26,105.98,705.0,23.0,37.0,41.0,0h 1m,3.0
19/3/2026,10:45:29 pm,35.23,56.21,1012.24,104.6,785.0,22.0,37.0,40.0,0h 1m,3.0
19/3/2026,10:45:44 pm,35.28,56.09,1012.24,105.52,843.0,23.0,38.0,41.0,0h 2m,3.0
19/3/2026,10:45:59 pm,35.29,55.79,1012.22,105.52,784.0,24.0,36.0,39.0,0h 2m,3.0
19/3/2026,10:46:14 pm,35.41,55.6,1012.25,105.98,714.0,23.0,36.0,38.0,0h 2m,3.0
19/3/2026,10:46:29 pm,35.38,55.4,1012.26,105.98,683.0,23.0,35.0,38.0,0h 2m,3.0
19/3/2026,10:46:44 pm,35.44,55.3,1012.29,106.44,705.0,23.0,34.0,36.0,0h 3m,3.0
19/3/2026,10:46:59 pm,35.36,55.4,1012.25,105.98,653.0,22.0,36.0,39.0,0h 3m,3.0
19/3/2026,10:47:14 pm,35.43,55.6,1012.25,92.16,751.0,21.0,34.0,39.0,0h 3m,3.0
19/3/2026,10:47:29 pm,35.37,55.69,1012.24,85.71,756.0,22.0,36.0,43.0,0h 3m,3.0
19/3/2026,10:47:44 pm,35.45,55.69,1012.23,105.52,788.0,22.0,35.0,39.0,0h 4m,3.0
19/3/2026,10:47:59 pm,35.59,55.57,1012.26,105.98,740.0,23.0,35.0,41.0,0h 4m,3.0
19/3/2026,10:48:14 pm,35.41,55.3,1012.19,105.98,658.0,23.0,35.0,41.0,0h 4m,3.0
19/3/2026,10:48:29 pm,35.55,55.18,1012.17,105.52,724.0,26.0,38.0,42.0,0h 4m,3.0
19/3/2026,10:48:44 pm,35.63,55.08,1012.17,105.06,626.0,27.0,38.0,40.0,0h 5m,3.0
19/3/2026,10:48:59 pm,35.55,55.18,1012.2,105.52,622.0,26.0,38.0,40.0,0h 5m,3.0
19/3/2026,10:49:14 pm,35.59,55.47,1012.19,104.14,628.0,25.0,35.0,39.0,0h 5m,3.0
19/3/2026,10:49:29 pm,35.63,55.57,1012.22,105.06,773.0,22.0,36.0,40.0,0h 5m,3.0
19/3/2026,10:49:45 pm,35.58,55.57,1012.21,105.98,724.0,22.0,36.0,40.0,0h 6m,3.0
19/3/2026,10:50:00 pm,35.5,55.69,1012.2,105.98,768.0,24.0,40.0,42.0,0h 6m,3.0
19/3/2026,10:50:14 pm,35.59,55.47,1012.17,105.98,696.0,24.0,37.0,42.0,0h 6m,3.0
19/3/2026,10:50:29 pm,35.62,55.37,1012.17,105.52,674.0,24.0,37.0,41.0,0h 6m,3.0
19/3/2026,10:50:44 pm,35.62,55.47,1012.19,105.52,781.0,25.0,39.0,41.0,0h 7m,3.0
19/3/2026,10:51:00 pm,35.55,55.47,1012.12,105.52,634.0,24.0,38.0,42.0,0h 7m,3.0
19/3/2026,10:51:14 pm,35.63,55.57,1012.2,99.53,863.0,24.0,36.0,43.0,0h 7m,3.0
19/3/2026,10:51:29 pm,35.52,55.76,1012.16,97.69,715.0,25.0,37.0,42.0,0h 7m,3.0
19/3/2026,10:51:44 pm,35.63,55.47,1012.14,105.52,803.0,23.0,35.0,40.0,0h 8m,3.0
19/3/2026,10:51:59 pm,35.65,55.57,1012.17,105.52,791.0,23.0,36.0,38.0,0h 8m,3.0
19/3/2026,10:52:15 pm,35.48,55.6,1012.2,106.44,747.0,24.0,38.0,41.0,0h 8m,3.0
19/3/2026,10:52:29 pm,35.68,55.47,1012.13,105.52,776.0,24.0,37.0,41.0,0h 8m,3.0
19/3/2026,10:52:44 pm,35.75,55.35,1012.19,105.52,817.0,24.0,37.0,37.0,0h 9m,3.0
19/3/2026,10:52:59 pm,35.74,55.37,1012.12,105.98,877.0,24.0,38.0,39.0,0h 9m,3.0
19/3/2026,10:53:14 pm,35.68,55.47,1012.17,105.06,760.0,23.0,37.0,38.0,0h 9m,3.0
19/3/2026,10:53:31 pm,35.71,55.47,1012.13,104.14,795.0,24.0,39.0,40.0,0h 9m,3.0
19/3/2026,10:53:44 pm,35.7,55.66,1012.13,70.04,740.0,23.0,36.0,40.0,0h 10m,3.0
19/3/2026,10:53:59 pm,35.75,55.44,1012.16,104.14,739.0,23.0,36.0,39.0,0h 10m,3.0
19/3/2026,10:54:14 pm,35.77,55.35,1012.1,105.52,909.0,23.0,37.0,39.0,0h 10m,3.0
19/3/2026,10:54:30 pm,35.8,55.25,1012.13,105.06,779.0,24.0,38.0,42.0,0h 10m,3.0
19/3/2026,10:54:46 pm,35.84,55.15,1012.1,105.06,801.0,24.0,36.0,41.0,0h 11m,3.0
19/3/2026,10:55:00 pm,35.87,54.86,1012.13,95.39,728.0,25.0,35.0,41.0,0h 11m,3.0
19/3/2026,10:55:14 pm,35.78,54.76,1012.15,105.06,731.0,24.0,34.0,43.0,0h 11m,3.0
19/3/2026,10:55:43 pm,35.9,54.76,1012.11,98.61,410.0,25.0,47.0,48.0,0h 0m,3.0
19/3/2026,10:55:58 pm,35.87,54.76,1012.13,104.14,500.0,25.0,41.0,43.0,0h 0m,3.0
19/3/2026,10:56:13 pm,35.93,54.66,1012.09,79.26,500.0,24.0,35.0,39.0,0h 0m,3.0
19/3/2026,10:56:28 pm,35.85,54.47,1012.1,102.76,500.0,25.0,35.0,39.0,0h 1m,3.0
19/3/2026,10:56:43 pm,35.93,54.66,1012.1,104.14,747.0,23.0,35.0,38.0,0h 1m,3.0
19/3/2026,10:56:58 pm,35.93,54.47,1012.09,103.68,806.0,23.0,34.0,37.0,0h 1m,3.0
19/3/2026,10:57:13 pm,35.93,54.66,1012.11,105.98,795.0,23.0,35.0,37.0,0h 1m,3.0
19/3/2026,10:57:28 pm,35.89,54.76,1012.1,3.23,753.0,23.0,35.0,36.0,0h 2m,3.0
19/3/2026,10:57:43 pm,35.87,55.35,1012.1,107.83,886.0,22.0,33.0,36.0,0h 2m,3.0
19/3/2026,10:57:58 pm,35.78,54.57,1012.1,132.71,876.0,22.0,35.0,40.0,0h 2m,3.0
19/3/2026,10:58:13 pm,35.93,54.47,1012.08,133.63,913.0,23.0,36.0,40.0,0h 2m,3.0
19/3/2026,10:58:28 pm,35.9,54.57,1012.07,133.63,909.0,21.0,35.0,40.0,0h 3m,3.0
19/3/2026,10:58:43 pm,35.9,54.57,1012.05,132.25,801.0,22.0,35.0,38.0,0h 3m,3.0
19/3/2026,10:58:58 pm,35.75,54.96,1012.08,132.71,842.0,21.0,34.0,37.0,0h 3m,3.0
19/3/2026,10:59:13 pm,35.9,54.86,1012.09,82.48,805.0,23.0,34.0,38.0,0h 3m,3.0
19/3/2026,10:59:28 pm,35.89,54.66,1012.08,132.25,735.0,21.0,34.0,38.0,0h 4m,3.0
19/3/2026,10:59:43 pm,35.9,54.66,1012.07,112.44,834.0,23.0,37.0,42.0,0h 4m,3.0
19/3/2026,11:00:14 pm,35.58,55.37,1012.1,99.07,500.0,18.0,31.0,32.0,0h 0m,3.0
19/3/2026,11:00:29 pm,35.6,55.57,1012.08,133.63,500.0,23.0,38.0,40.0,0h 0m,3.0
19/3/2026,11:00:44 pm,35.43,55.6,1012.07,105.06,500.0,24.0,38.0,41.0,0h 0m,3.0
19/3/2026,11:00:59 pm,35.52,55.57,1012.03,132.71,500.0,25.0,37.0,41.0,0h 1m,3.0
19/3/2026,11:01:14 pm,35.5,55.5,1012.03,133.63,766.0,26.0,40.0,46.0,0h 1m,3.0
19/3/2026,11:01:29 pm,35.6,55.47,1012.03,133.17,744.0,24.0,39.0,40.0,0h 1m,3.0
19/3/2026,11:01:44 pm,35.72,55.18,1012.01,133.63,782.0,26.0,40.0,43.0,0h 1m,3.0
19/3/2026,11:01:59 pm,35.7,54.6,1012.0,133.63,610.0,27.0,39.0,42.0,0h 2m,3.0
19/3/2026,11:02:15 pm,35.56,55.18,1012.0,134.09,701.0,28.0,41.0,45.0,0h 2m,3.0
19/3/2026,11:02:34 pm,35.5,55.11,1011.99,75.57,500.0,25.0,39.0,51.0,0h 0m,3.0
19/3/2026,11:02:58 pm,35.41,54.62,1012.01,102.3,500.0,27.0,39.0,52.0,0h 0m,3.0
19/3/2026,11:03:13 pm,35.44,54.72,1012.0,133.17,500.0,32.0,49.0,58.0,0h 0m,3.0
19/3/2026,11:03:28 pm,35.34,54.91,1011.98,132.71,500.0,30.0,47.0,52.0,0h 0m,3.0
19/3/2026,11:03:43 pm,35.41,54.91,1012.03,133.17,500.0,30.0,48.0,52.0,0h 1m,3.0
19/3/2026,11:03:58 pm,35.41,54.82,1012.0,132.71,757.0,29.0,44.0,47.0,0h 1m,3.0
19/3/2026,11:04:13 pm,35.44,54.82,1012.03,131.79,704.0,30.0,43.0,48.0,0h 1m,3.0
19/3/2026,11:04:28 pm,35.41,55.01,1011.99,133.17,767.0,28.0,42.0,46.0,0h 1m,3.0
19/3/2026,11:04:43 pm,35.48,55.11,1012.01,133.17,659.0,28.0,46.0,50.0,0h 2m,3.0
19/3/2026,11:04:58 pm,35.37,55.01,1011.98,133.63,697.0,27.0,42.0,47.0,0h 2m,3.0
19/3/2026,11:05:13 pm,35.7,54.89,1011.96,127.64,727.0,28.0,44.0,46.0,0h 2m,3.0
19/3/2026,11:05:28 pm,35.59,54.79,1012.03,132.71,682.0,29.0,45.0,49.0,0h 2m,3.0
19/3/2026,11:05:43 pm,35.63,54.69,1011.97,134.55,754.0,29.0,44.0,48.0,0h 3m,3.0
19/3/2026,11:05:58 pm,35.58,54.69,1012.0,133.63,697.0,29.0,41.0,44.0,0h 3m,3.0
19/3/2026,11:06:13 pm,35.53,55.27,1012.01,2.76,715.0,27.0,40.0,44.0,0h 3m,3.0
19/3/2026,11:06:28 pm,35.6,55.18,1011.98,2.76,764.0,28.0,40.0,44.0,0h 3m,3.0
19/3/2026,11:06:43 pm,35.47,55.4,1011.96,2.76,715.0,26.0,40.0,42.0,0h 4m,3.0
19/3/2026,11:06:58 pm,35.62,55.27,1011.97,3.23,780.0,27.0,41.0,43.0,0h 4m,3.0
19/3/2026,11:07:13 pm,35.56,55.18,1011.97,3.23,734.0,26.0,41.0,42.0,0h 4m,3.0
19/3/2026,11:07:28 pm,35.62,55.37,1011.96,3.23,789.0,26.0,39.0,42.0,0h 4m,3.0
19/3/2026,11:07:43 pm,35.66,55.18,1011.96,2.76,748.0,27.0,41.0,44.0,0h 5m,3.0
19/3/2026,11:08:31 pm,35.6,55.37,1012.03,2.76,726.0,26.0,39.0,40.0,0h 5m,3.0
19/3/2026,11:09:14 pm,35.71,55.27,1011.96,2.76,721.0,25.0,41.0,45.0,0h 6m,3.0
19/3/2026,11:09:28 pm,35.7,55.08,1011.96,2.76,790.0,25.0,39.0,45.0,0h 6m,3.0
19/3/2026,11:09:43 pm,35.8,55.05,1011.96,2.76,782.0,26.0,40.0,46.0,0h 7m,3.0
19/3/2026,11:09:58 pm,35.62,55.18,1011.96,2.76,792.0,25.0,39.0,46.0,0h 7m,3.0
19/3/2026,11:10:13 pm,35.65,55.27,1011.97,2.76,781.0,26.0,39.0,44.0,0h 7m,3.0
19/3/2026,11:10:28 pm,35.68,55.18,1011.95,2.76,811.0,25.0,38.0,43.0,0h 7m,3.0
19/3/2026,11:10:43 pm,35.68,55.27,1011.99,2.76,754.0,26.0,38.0,42.0,0h 8m,3.0
19/3/2026,11:10:58 pm,35.63,55.27,1011.97,2.76,779.0,26.0,38.0,41.0,0h 8m,3.0
19/3/2026,11:11:13 pm,35.75,55.05,1011.98,2.76,855.0,25.0,38.0,41.0,0h 8m,3.0
19/3/2026,11:11:28 pm,35.7,55.18,1011.99,2.76,783.0,26.0,41.0,45.0,0h 8m,3.0
19/3/2026,11:11:43 pm,35.68,55.08,1011.99,2.76,829.0,24.0,39.0,41.0,0h 9m,3.0
19/3/2026,11:11:59 pm,35.66,55.18,1011.98,2.76,857.0,23.0,37.0,40.0,0h 9m,3.0
19/3/2026,11:12:13 pm,35.65,55.18,1012.03,2.76,794.0,24.0,36.0,37.0,0h 9m,3.0
19/3/2026,11:12:29 pm,35.66,54.99,1011.97,2.76,794.0,25.0,36.0,39.0,0h 9m,3.0
19/3/2026,11:12:43 pm,35.68,54.79,1011.97,2.76,792.0,24.0,37.0,39.0,0h 10m,3.0
19/3/2026,11:12:58 pm,35.63,54.69,1011.97,2.76,736.0,24.0,40.0,42.0,0h 10m,3.0
19/3/2026,11:13:14 pm,35.72,54.79,1011.97,2.76,728.0,24.0,39.0,42.0,0h 10m,3.0
19/3/2026,11:13:28 pm,35.63,54.89,1011.96,2.76,708.0,26.0,41.0,43.0,0h 10m,3.0
19/3/2026,11:13:43 pm,35.58,54.79,1011.97,2.76,825.0,26.0,41.0,44.0,0h 11m,3.0
19/3/2026,11:13:59 pm,35.48,54.52,1011.94,2.76,681.0,25.0,39.0,46.0,0h 11m,3.0
19/3/2026,11:14:13 pm,35.45,54.43,1012.0,2.76,785.0,25.0,38.0,45.0,0h 11m,3.0
19/3/2026,11:14:28 pm,35.41,54.33,1011.98,2.76,685.0,26.0,40.0,44.0,0h 11m,3.0
19/3/2026,11:14:43 pm,35.44,54.43,1011.97,2.76,680.0,27.0,41.0,44.0,0h 12m,3.0
19/3/2026,11:14:59 pm,35.36,54.52,1011.96,2.76,697.0,26.0,37.0,40.0,0h 12m,3.0
19/3/2026,11:15:13 pm,35.34,54.82,1011.96,2.76,707.0,28.0,40.0,43.0,0h 12m,3.0
19/3/2026,11:15:28 pm,35.33,54.82,1011.97,2.76,697.0,27.0,41.0,44.0,0h 12m,3.0
19/3/2026,11:15:43 pm,35.34,54.91,1011.99,2.76,728.0,27.0,40.0,42.0,0h 13m,3.0
19/3/2026,11:15:58 pm,35.47,54.91,1011.98,2.76,656.0,26.0,40.0,45.0,0h 13m,3.0
19/3/2026,11:16:13 pm,35.48,55.01,1011.99,2.76,741.0,26.0,38.0,41.0,0h 13m,3.0
19/3/2026,11:16:28 pm,35.47,55.01,1011.97,2.76,693.0,26.0,38.0,40.0,0h 13m,3.0
19/3/2026,11:16:43 pm,35.48,55.01,1011.96,2.76,679.0,25.0,38.0,42.0,0h 14m,3.0
19/3/2026,11:17:01 pm,35.43,55.11,1011.95,2.76,713.0,25.0,37.0,41.0,0h 14m,3.0
19/3/2026,11:17:13 pm,35.38,55.4,1011.95,2.76,743.0,26.0,37.0,41.0,0h 14m,3.0
19/3/2026,11:17:28 pm,35.43,55.3,1011.95,2.76,728.0,25.0,38.0,43.0,0h 14m,3.0
19/3/2026,11:17:43 pm,35.45,55.3,1011.99,2.76,760.0,23.0,36.0,41.0,0h 15m,3.0
19/3/2026,11:17:58 pm,35.52,55.18,1011.99,2.76,750.0,23.0,38.0,41.0,0h 15m,3.0
19/3/2026,11:18:13 pm,35.31,55.4,1011.98,2.76,761.0,24.0,38.0,41.0,0h 15m,3.0
19/3/2026,11:18:28 pm,35.45,55.4,1011.94,2.76,737.0,24.0,40.0,43.0,0h 15m,3.0
19/3/2026,11:18:43 pm,35.4,55.4,1011.99,2.76,694.0,25.0,38.0,41.0,0h 16m,3.0
19/3/2026,11:18:58 pm,35.48,55.4,1011.98,2.76,808.0,23.0,38.0,41.0,0h 16m,3.0
19/3/2026,11:19:13 pm,35.52,55.27,1011.95,2.76,732.0,25.0,43.0,47.0,0h 16m,3.0
19/3/2026,11:19:28 pm,35.43,57.15,1011.99,1.84,722.0,25.0,40.0,43.0,0h 16m,3.0
19/3/2026,11:19:43 pm,35.65,55.47,1011.94,2.76,834.0,24.0,40.0,44.0,0h 17m,3.0
19/3/2026,11:19:58 pm,35.59,55.18,1011.93,2.76,741.0,25.0,39.0,42.0,0h 17m,3.0
19/3/2026,11:20:13 pm,35.63,55.08,1011.93,2.76,687.0,26.0,41.0,45.0,0h 17m,3.0
19/3/2026,11:20:28 pm,35.7,54.6,1011.99,2.76,768.0,28.0,39.0,42.0,0h 17m,3.0
19/3/2026,11:21:02 pm,35.56,54.21,1011.98,2.76,500.0,27.0,43.0,66.0,0h 0m,3.0
19/3/2026,11:21:16 pm,35.45,54.33,1012.0,2.76,500.0,28.0,40.0,51.0,0h 0m,3.0
19/3/2026,11:21:31 pm,35.53,54.3,1011.99,2.76,500.0,25.0,37.0,45.0,0h 0m,3.0
19/3/2026,11:21:46 pm,35.37,54.52,1012.0,2.76,500.0,25.0,36.0,39.0,0h 1m,3.0
19/3/2026,11:22:01 pm,35.22,55.33,1012.03,2.76,659.0,25.0,38.0,41.0,0h 1m,3.0
19/3/2026,11:23:19 pm,35.4,55.4,1012.02,2.76,500.0,26.0,33.0,35.0,0h 0m,3.0
19/3/2026,11:23:34 pm,35.33,55.4,1011.96,2.76,500.0,25.0,38.0,41.0,0h 0m,3.0
19/3/2026,11:23:49 pm,35.5,55.5,1012.0,2.76,500.0,25.0,40.0,44.0,0h 0m,3.0
19/3/2026,11:24:04 pm,35.44,55.4,1012.01,2.76,500.0,25.0,39.0,41.0,0h 1m,3.0
19/3/2026,11:24:20 pm,35.48,55.21,1012.03,2.76,738.0,25.0,41.0,45.0,0h 1m,3.0
19/3/2026,11:24:35 pm,35.65,54.99,1012.0,2.76,795.0,25.0,40.0,43.0,0h 1m,3.0
19/3/2026,11:24:49 pm,35.52,55.08,1012.01,2.76,801.0,23.0,38.0,42.0,0h 1m,3.0
19/3/2026,11:25:05 pm,35.6,55.08,1011.98,2.76,792.0,25.0,38.0,42.0,0h 2m,3.0
19/3/2026,11:25:19 pm,35.48,54.91,1012.03,2.76,754.0,23.0,36.0,39.0,0h 2m,3.0
19/3/2026,11:25:34 pm,35.55,55.08,1012.07,2.76,767.0,23.0,37.0,40.0,0h 2m,3.0
19/3/2026,11:25:49 pm,35.56,54.99,1012.08,2.76,795.0,23.0,36.0,39.0,0h 2m,3.0
19/3/2026,11:26:04 pm,35.71,54.89,1012.05,2.76,764.0,23.0,36.0,41.0,0h 3m,3.0
19/3/2026,11:26:20 pm,35.59,54.89,1012.08,2.3,801.0,24.0,35.0,42.0,0h 3m,3.0
19/3/2026,11:26:34 pm,35.72,54.79,1012.05,2.76,743.0,24.0,37.0,39.0,0h 3m,3.0
19/3/2026,11:26:50 pm,35.62,54.69,1012.03,2.76,813.0,24.0,38.0,40.0,0h 3m,3.0
19/3/2026,11:27:29 pm,35.45,55.21,1012.06,1.84,500.0,25.0,35.0,36.0,0h 0m,3.0
19/3/2026,11:27:57 pm,35.44,54.91,1012.05,2.3,500.0,23.0,36.0,37.0,0h 0m,3.0
19/3/2026,11:28:12 pm,35.33,55.11,1012.03,2.76,500.0,25.0,39.0,41.0,0h 0m,3.0
19/3/2026,11:28:27 pm,35.48,54.91,1012.04,2.76,500.0,24.0,40.0,42.0,0h 0m,3.0
19/3/2026,11:28:42 pm,35.48,54.91,1012.08,2.76,500.0,25.0,40.0,42.0,0h 1m,3.0
19/3/2026,11:28:57 pm,35.45,55.21,1012.08,2.76,681.0,25.0,39.0,42.0,0h 1m,3.0
19/3/2026,11:29:12 pm,35.5,55.11,1012.08,2.76,762.0,26.0,40.0,45.0,0h 1m,3.0
19/3/2026,11:29:27 pm,35.58,55.08,1012.05,2.76,732.0,26.0,41.0,45.0,0h 1m,3.0
19/3/2026,11:29:42 pm,35.52,55.18,1012.07,2.76,831.0,23.0,38.0,40.0,0h 2m,3.0
19/3/2026,11:29:57 pm,35.63,54.89,1012.04,2.76,765.0,23.0,36.0,41.0,0h 2m,3.0
19/3/2026,11:30:12 pm,35.74,54.79,1012.05,2.3,884.0,23.0,38.0,40.0,0h 2m,3.0
19/3/2026,11:30:27 pm,35.68,54.99,1012.09,2.76,862.0,22.0,38.0,40.0,0h 2m,3.0
19/3/2026,11:30:42 pm,35.72,54.89,1012.1,2.76,800.0,22.0,38.0,41.0,0h 3m,3.0
19/3/2026,11:30:57 pm,35.8,54.76,1012.07,2.76,822.0,22.0,38.0,40.0,0h 3m,3.0
19/3/2026,11:31:12 pm,35.72,54.79,1012.08,2.76,758.0,23.0,37.0,40.0,0h 3m,3.0
19/3/2026,11:31:27 pm,35.75,54.86,1012.08,2.76,779.0,22.0,36.0,41.0,0h 3m,3.0
19/3/2026,11:31:43 pm,35.87,54.66,1012.04,2.76,859.0,22.0,35.0,41.0,0h 4m,3.0
19/3/2026,11:31:57 pm,35.93,54.18,1012.01,2.3,759.0,24.0,35.0,38.0,0h 4m,3.0
19/3/2026,11:32:12 pm,35.78,53.89,1012.06,2.3,770.0,25.0,37.0,39.0,0h 4m,3.0
19/3/2026,11:32:27 pm,35.8,54.38,1012.04,2.76,742.0,24.0,38.0,41.0,0h 4m,3.0
19/3/2026,11:32:42 pm,35.77,54.28,1012.03,2.76,851.0,25.0,37.0,40.0,0h 5m,3.0
19/3/2026,11:32:57 pm,35.74,54.4,1012.04,2.76,781.0,25.0,37.0,40.0,0h 5m,3.0
19/3/2026,11:33:12 pm,35.81,54.28,1012.05,2.76,616.0,23.0,35.0,39.0,0h 5m,3.0
19/3/2026,11:33:27 pm,35.82,54.18,1012.11,2.76,742.0,25.0,36.0,39.0,0h 5m,3.0
19/3/2026,11:33:42 pm,35.87,54.38,1012.07,2.76,766.0,25.0,35.0,39.0,0h 6m,3.0
19/3/2026,11:33:57 pm,35.82,54.38,1012.06,2.76,819.0,23.0,36.0,39.0,0h 6m,3.0
19/3/2026,11:34:12 pm,35.8,54.47,1012.05,2.76,744.0,23.0,35.0,39.0,0h 6m,3.0
19/3/2026,11:34:27 pm,35.74,54.11,1012.03,2.3,821.0,24.0,35.0,38.0,0h 6m,3.0
19/3/2026,11:34:42 pm,35.78,53.99,1011.96,2.3,766.0,21.0,34.0,35.0,0h 7m,3.0
19/3/2026,11:34:57 pm,35.82,53.89,1011.99,2.3,761.0,20.0,33.0,35.0,0h 7m,3.0
19/3/2026,11:35:12 pm,35.84,53.99,1012.0,2.3,699.0,21.0,33.0,35.0,0h 7m,3.0
19/3/2026,11:35:27 pm,35.77,53.99,1011.94,2.76,731.0,20.0,35.0,37.0,0h 7m,3.0
19/3/2026,11:35:42 pm,35.77,54.18,1011.89,2.76,781.0,19.0,34.0,37.0,0h 8m,3.0
19/3/2026,11:35:58 pm,35.72,54.3,1011.89,2.76,793.0,21.0,33.0,39.0,0h 8m,3.0
19/3/2026,11:36:12 pm,35.71,54.21,1011.89,2.76,786.0,22.0,35.0,39.0,0h 8m,3.0
19/3/2026,11:36:28 pm,35.72,54.3,1011.94,2.76,829.0,24.0,37.0,39.0,0h 8m,3.0
19/3/2026,11:36:42 pm,35.84,54.28,1011.89,2.76,662.0,23.0,35.0,37.0,0h 9m,3.0
19/3/2026,11:36:57 pm,35.81,54.28,1011.89,2.76,840.0,23.0,34.0,35.0,0h 9m,3.0
19/3/2026,11:37:12 pm,35.75,54.38,1011.91,2.76,743.0,22.0,31.0,34.0,0h 9m,3.0
19/3/2026,11:37:27 pm,35.78,54.38,1011.95,2.76,858.0,22.0,34.0,37.0,0h 9m,3.0
19/3/2026,11:37:42 pm,35.81,54.38,1011.9,2.76,952.0,21.0,33.0,37.0,0h 10m,3.0
19/3/2026,11:37:57 pm,35.81,54.47,1011.86,2.76,829.0,23.0,34.0,40.0,0h 10m,3.0
19/3/2026,11:38:12 pm,35.75,54.28,1011.87,2.76,874.0,22.0,33.0,37.0,0h 10m,3.0
19/3/2026,11:38:27 pm,35.7,54.3,1011.9,2.76,804.0,21.0,32.0,37.0,0h 10m,3.0
19/3/2026,11:38:42 pm,35.7,54.21,1011.88,2.76,796.0,21.0,33.0,36.0,0h 11m,3.0
19/3/2026,11:38:57 pm,35.58,54.3,1011.9,2.3,805.0,22.0,34.0,38.0,0h 11m,3.0
19/3/2026,11:39:12 pm,35.75,54.28,1011.88,1.84,618.0,23.0,35.0,38.0,0h 11m,3.0
19/3/2026,11:39:27 pm,35.7,54.11,1011.91,2.76,745.0,22.0,36.0,39.0,0h 11m,3.0
19/3/2026,11:39:59 pm,35.66,54.3,1011.91,2.3,500.0,22.0,34.0,34.0,0h 0m,3.0
19/3/2026,11:40:14 pm,125.0,54.6,1011.86,2.3,500.0,23.0,35.0,37.0,0h 0m,3.0
19/3/2026,11:40:29 pm,125.0,54.6,1011.85,2.76,500.0,22.0,34.0,38.0,0h 0m,3.0
19/3/2026,11:40:44 pm,125.0,55.01,1011.87,2.3,500.0,22.0,33.0,36.0,0h 1m,3.0
19/3/2026,11:40:59 pm,125.0,54.99,1011.85,2.76,816.0,22.0,34.0,36.0,0h 1m,3.0
19/3/2026,11:41:14 pm,125.0,55.01,1011.89,2.76,825.0,20.0,31.0,35.0,0h 1m,3.0
19/3/2026,11:41:29 pm,125.0,54.79,1011.88,2.76,829.0,21.0,30.0,35.0,0h 1m,3.0
19/3/2026,11:41:44 pm,125.0,54.6,1011.85,2.76,854.0,21.0,31.0,34.0,0h 2m,3.0
19/3/2026,11:41:59 pm,125.0,54.6,1011.85,2.76,872.0,20.0,31.0,35.0,0h 2m,3.0
19/3/2026,11:42:14 pm,125.0,54.11,1011.9,2.76,776.0,21.0,33.0,37.0,0h 2m,3.0
19/3/2026,11:42:29 pm,125.0,54.01,1011.79,2.76,805.0,21.0,32.0,36.0,0h 2m,3.0
19/3/2026,11:42:44 pm,125.0,53.62,1011.81,2.3,576.0,21.0,32.0,35.0,0h 3m,3.0
19/3/2026,11:42:59 pm,125.0,53.3,1011.84,2.76,660.0,22.0,33.0,35.0,0h 3m,3.0
19/3/2026,11:43:14 pm,125.0,53.23,1011.81,2.76,696.0,21.0,35.0,41.0,0h 3m,3.0
19/3/2026,11:43:29 pm,125.0,53.62,1011.85,2.76,689.0,21.0,34.0,41.0,0h 3m,3.0
19/3/2026,11:43:46 pm,125.0,53.97,1011.79,2.3,667.0,22.0,36.0,40.0,0h 4m,3.0
19/3/2026,11:43:59 pm,125.0,54.16,1011.82,2.76,708.0,22.0,34.0,38.0,0h 4m,3.0
19/3/2026,11:44:14 pm,125.0,54.23,1011.82,2.3,660.0,22.0,33.0,39.0,0h 4m,3.0
19/3/2026,11:44:29 pm,125.0,53.94,1011.83,1.84,702.0,21.0,32.0,37.0,0h 4m,3.0
19/3/2026,11:44:56 pm,35.36,54.33,1011.83,1.84,500.0,20.0,27.0,29.0,0h 0m,3.0
19/3/2026,11:45:11 pm,35.4,54.43,1011.83,1.84,500.0,22.0,35.0,39.0,0h 0m,3.0
19/3/2026,11:45:28 pm,35.34,54.43,1011.78,2.3,500.0,22.0,33.0,39.0,0h 0m,3.0
19/3/2026,11:45:41 pm,35.5,54.23,1011.82,2.76,500.0,23.0,34.0,37.0,0h 1m,3.0
19/3/2026,11:45:56 pm,35.56,54.21,1011.84,2.76,732.0,23.0,35.0,37.0,0h 1m,3.0
19/3/2026,11:46:11 pm,35.48,54.43,1011.8,2.76,736.0,23.0,35.0,38.0,0h 1m,3.0
19/3/2026,11:46:27 pm,35.58,54.3,1011.78,2.76,769.0,23.0,34.0,38.0,0h 1m,3.0
19/3/2026,11:46:41 pm,35.47,54.43,1011.78,2.76,904.0,25.0,35.0,36.0,0h 2m,3.0
19/3/2026,11:46:56 pm,35.45,54.62,1011.76,2.76,824.0,23.0,34.0,37.0,0h 2m,3.0
19/3/2026,11:47:11 pm,35.45,54.62,1011.73,2.76,760.0,22.0,31.0,35.0,0h 2m,3.0
19/3/2026,11:47:26 pm,35.58,54.4,1011.79,2.76,838.0,22.0,33.0,37.0,0h 2m,3.0
19/3/2026,11:47:41 pm,35.58,54.6,1011.74,2.76,814.0,21.0,34.0,39.0,0h 3m,3.0
19/3/2026,11:47:56 pm,35.47,54.72,1011.77,2.76,831.0,22.0,35.0,42.0,0h 3m,3.0
19/3/2026,11:48:11 pm,35.58,54.6,1011.75,2.76,852.0,22.0,36.0,39.0,0h 3m,3.0
19/3/2026,11:48:26 pm,35.66,54.21,1011.76,2.76,759.0,23.0,37.0,39.0,0h 3m,3.0
19/3/2026,11:48:41 pm,35.6,54.01,1011.74,2.76,788.0,22.0,35.0,42.0,0h 4m,3.0
19/3/2026,11:48:56 pm,35.47,53.85,1011.7,2.76,739.0,22.0,33.0,36.0,0h 4m,3.0
19/3/2026,11:49:11 pm,35.34,54.03,1011.7,2.76,684.0,20.0,31.0,36.0,0h 4m,3.0
19/3/2026,11:49:26 pm,35.18,54.55,1011.71,2.76,816.0,20.0,30.0,36.0,0h 4m,3.0
19/3/2026,11:49:41 pm,35.33,54.52,1011.73,2.3,689.0,20.0,30.0,34.0,0h 5m,3.0
19/3/2026,11:49:56 pm,35.36,54.62,1011.73,2.76,766.0,21.0,31.0,35.0,0h 5m,3.0
19/3/2026,11:50:11 pm,35.45,54.62,1011.66,1.84,793.0,20.0,30.0,35.0,0h 5m,3.0
19/3/2026,11:50:37 pm,35.43,55.01,1011.65,1.84,500.0,16.0,30.0,30.0,0h 0m,3.0
19/3/2026,11:50:52 pm,35.48,54.82,1011.64,2.76,500.0,18.0,32.0,35.0,0h 0m,3.0
19/3/2026,11:51:15 pm,35.59,54.79,1011.66,2.76,500.0,18.0,28.0,28.0,0h 0m,3.0
19/3/2026,11:51:30 pm,35.65,54.69,1011.64,2.76,500.0,18.0,30.0,32.0,0h 0m,3.0
19/3/2026,11:51:45 pm,35.81,54.47,1011.64,2.76,500.0,20.0,30.0,33.0,0h 0m,3.0
19/3/2026,11:52:00 pm,35.84,54.38,1011.66,2.3,500.0,19.0,30.0,35.0,0h 1m,3.0
19/3/2026,11:52:15 pm,35.94,54.38,1011.65,2.76,897.0,20.0,32.0,35.0,0h 1m,3.0
19/3/2026,11:52:30 pm,35.9,54.28,1011.59,2.76,942.0,20.0,31.0,35.0,0h 1m,3.0
19/3/2026,11:52:45 pm,35.9,54.18,1011.64,2.76,1080.0,19.0,31.0,34.0,0h 1m,3.0
19/3/2026,11:53:00 pm,36.03,53.67,1011.6,2.76,636.0,20.0,33.0,35.0,0h 2m,3.0
19/3/2026,11:53:15 pm,36.01,53.57,1011.63,2.76,915.0,21.0,32.0,33.0,0h 2m,3.0
19/3/2026,11:53:30 pm,35.84,53.69,1011.62,2.3,862.0,19.0,30.0,32.0,0h 2m,3.0
19/3/2026,11:53:45 pm,35.93,53.89,1011.62,2.76,862.0,20.0,32.0,34.0,0h 2m,3.0
19/3/2026,11:54:00 pm,35.93,53.79,1011.61,2.76,917.0,19.0,30.0,32.0,0h 3m,3.0
19/3/2026,11:54:15 pm,35.99,54.08,1011.57,2.76,872.0,17.0,31.0,32.0,0h 3m,3.0
19/3/2026,11:54:30 pm,36.0,54.18,1011.63,2.76,887.0,18.0,35.0,36.0,0h 3m,3.0
19/3/2026,11:54:45 pm,36.03,54.35,1011.56,2.3,945.0,18.0,31.0,33.0,0h 3m,3.0
19/3/2026,11:55:01 pm,36.01,54.25,1011.57,2.3,919.0,19.0,33.0,35.0,0h 4m,3.0
19/3/2026,11:55:15 pm,36.08,53.96,1011.58,2.3,906.0,19.0,32.0,36.0,0h 4m,3.0
19/3/2026,11:55:30 pm,36.09,54.05,1011.57,2.76,957.0,21.0,34.0,36.0,0h 4m,3.0
19/3/2026,11:55:45 pm,36.16,53.86,1011.58,2.3,879.0,21.0,33.0,37.0,0h 4m,3.0
19/3/2026,11:56:00 pm,36.15,53.18,1011.59,2.76,943.0,21.0,34.0,35.0,0h 5m,3.0
19/3/2026,11:56:15 pm,36.08,52.5,1011.56,2.76,890.0,19.0,32.0,34.0,0h 5m,3.0
19/3/2026,11:56:30 pm,35.84,52.92,1011.57,2.76,816.0,19.0,31.0,33.0,0h 5m,3.0
19/3/2026,11:56:45 pm,35.89,52.62,1011.57,2.76,739.0,19.0,30.0,34.0,0h 5m,3.0
19/3/2026,11:57:00 pm,35.78,52.62,1011.53,2.76,742.0,19.0,31.0,38.0,0h 6m,3.0
19/3/2026,11:57:15 pm,35.56,53.04,1011.57,2.76,734.0,18.0,30.0,36.0,0h 6m,3.0
19/3/2026,11:57:30 pm,35.47,53.26,1011.51,2.3,743.0,19.0,32.0,37.0,0h 6m,3.0
19/3/2026,11:57:45 pm,35.41,53.55,1011.51,2.76,641.0,20.0,30.0,35.0,0h 6m,3.0
19/3/2026,11:58:00 pm,35.44,53.65,1011.53,2.76,625.0,19.0,31.0,32.0,0h 7m,3.0
19/3/2026,11:58:15 pm,35.37,53.65,1011.54,2.76,728.0,21.0,32.0,33.0,0h 7m,3.0
19/3/2026,11:58:30 pm,35.23,53.87,1011.54,2.76,669.0,20.0,30.0,33.0,0h 7m,3.0
19/3/2026,11:58:45 pm,35.19,54.26,1011.56,2.76,734.0,21.0,29.0,32.0,0h 7m,3.0
19/3/2026,11:59:00 pm,35.22,53.97,1011.48,2.76,748.0,20.0,31.0,34.0,0h 8m,3.0
19/3/2026,11:59:15 pm,35.04,54.26,1011.48,2.76,594.0,20.0,34.0,36.0,0h 8m,3.0
19/3/2026,11:59:30 pm,35.18,54.06,1011.46,2.76,682.0,21.0,35.0,41.0,0h 8m,3.0
19/3/2026,11:59:45 pm,35.15,54.06,1011.47,2.76,709.0,20.0,33.0,40.0,0h 8m,3.0
20/3/2026,12:00:00 am,35.19,53.97,1011.49,2.76,631.0,20.0,31.0,37.0,0h 9m,3.0
20/3/2026,12:00:16 am,34.97,54.38,1011.46,2.76,1125.0,21.0,33.0,36.0,0h 9m,3.0
20/3/2026,12:00:30 am,35.07,54.36,1011.46,2.76,829.0,19.0,33.0,35.0,0h 9m,3.0
20/3/2026,12:00:45 am,35.02,54.55,1011.48,2.3,1038.0,20.0,34.0,36.0,0h 9m,3.0
20/3/2026,12:01:00 am,34.99,54.58,1011.47,2.76,822.0,20.0,35.0,39.0,0h 10m,3.0
20/3/2026,12:01:15 am,35.03,54.46,1011.43,2.76,791.0,20.0,32.0,36.0,0h 10m,3.0
20/3/2026,12:01:30 am,35.14,54.26,1011.48,2.76,705.0,19.0,31.0,34.0,0h 10m,3.0
20/3/2026,12:01:45 am,35.25,53.97,1011.44,2.76,733.0,20.0,32.0,35.0,0h 10m,3.0
20/3/2026,12:02:01 am,35.37,53.75,1011.49,2.76,658.0,19.0,32.0,33.0,0h 11m,3.0
20/3/2026,12:02:15 am,35.52,53.33,1011.49,2.76,632.0,20.0,32.0,34.0,0h 11m,3.0
20/3/2026,12:02:30 am,35.58,53.14,1011.5,2.76,627.0,21.0,34.0,36.0,0h 11m,3.0
20/3/2026,12:02:45 am,35.7,52.94,1011.51,2.76,609.0,21.0,35.0,37.0,0h 11m,3.0
20/3/2026,12:03:00 am,35.84,52.62,1011.49,2.76,689.0,20.0,33.0,37.0,0h 12m,3.0
20/3/2026,12:03:15 am,35.89,52.53,1011.48,2.76,620.0,21.0,32.0,35.0,0h 12m,3.0
20/3/2026,12:03:30 am,36.05,52.4,1011.47,2.76,674.0,20.0,33.0,35.0,0h 12m,3.0
20/3/2026,12:03:45 am,36.16,52.11,1011.46,2.76,676.0,20.0,34.0,37.0,0h 12m,3.0
20/3/2026,12:04:00 am,36.22,51.92,1011.5,2.76,655.0,21.0,34.0,36.0,0h 13m,3.0
20/3/2026,12:04:15 am,36.25,51.92,1011.49,2.76,694.0,21.0,33.0,37.0,0h 13m,3.0
20/3/2026,12:04:30 am,36.23,51.92,1011.42,2.76,805.0,20.0,34.0,37.0,0h 13m,3.0
20/3/2026,12:04:45 am,125.0,51.92,1011.43,2.76,2205.0,20.0,34.0,39.0,0h 13m,3.0
20/3/2026,12:05:00 am,125.0,51.92,1011.42,2.3,5000.0,20.0,32.0,37.0,0h 14m,3.0
20/3/2026,12:05:15 am,125.0,0.0,1011.37,2.3,5000.0,21.0,33.0,36.0,0h 14m,3.0
20/3/2026,12:05:30 am,125.0,52.33,1011.38,2.3,5000.0,20.0,33.0,39.0,0h 14m,3.0
20/3/2026,12:05:45 am,125.0,0.0,1011.35,1.84,5000.0,21.0,38.0,44.0,0h 14m,3.0
20/3/2026,12:06:00 am,125.0,100.0,1011.32,1.84,5000.0,28.0,48.0,50.0,0h 15m,3.0
20/3/2026,12:06:15 am,125.0,100.0,1011.32,1.84,5000.0,51.0,72.0,76.0,0h 15m,3.0
20/3/2026,12:06:30 am,125.0,100.0,1011.32,1.84,5000.0,83.0,105.0,109.0,0h 15m,3.0
20/3/2026,12:06:45 am,125.0,100.0,1011.32,1.84,5000.0,100.0,127.0,131.0,0h 15m,3.0
20/3/2026,12:07:01 am,125.0,100.0,1011.32,1.84,5000.0,112.0,136.0,143.0,0h 16m,3.0
20/3/2026,12:07:15 am,125.0,100.0,1011.32,1.84,5000.0,120.0,144.0,150.0,0h 16m,3.0
20/3/2026,12:07:39 am,0.0,0.0,0.0,0.0,5000.0,132.0,155.0,167.0,0h 0m,2.0
20/3/2026,12:07:54 am,0.0,0.0,0.0,0.0,5000.0,138.0,159.0,165.0,0h 0m,2.0
20/3/2026,6:25:11 am,28.31,70.51,1009.04,2.76,500.0,22.0,42.0,44.0,0h 0m,3.0
20/3/2026,6:25:26 am,29.0,69.22,1009.03,1.84,500.0,22.0,40.0,43.0,0h 0m,3.0
20/3/2026,6:25:41 am,29.71,67.05,1009.02,2.3,500.0,25.0,40.0,46.0,0h 0m,3.0
20/3/2026,6:25:56 am,30.31,65.09,1009.03,4.61,500.0,25.0,45.0,46.0,0h 1m,3.0
20/3/2026,6:26:11 am,30.83,63.45,1009.02,7.37,877.0,27.0,45.0,49.0,0h 1m,3.0
20/3/2026,6:26:26 am,31.25,62.24,1009.01,4.15,763.0,28.0,47.0,50.0,0h 1m,3.0
20/3/2026,6:26:41 am,31.65,61.1,1009.06,6.45,756.0,28.0,47.0,48.0,0h 1m,3.0
20/3/2026,6:26:56 am,32.03,60.1,1008.99,4.61,750.0,29.0,45.0,49.0,0h 2m,3.0
20/3/2026,6:27:11 am,32.33,59.16,1009.04,3.23,744.0,27.0,44.0,47.0,0h 2m,3.0
20/3/2026,6:27:27 am,32.62,58.54,1009.07,5.99,725.0,29.0,43.0,47.0,0h 2m,3.0
20/3/2026,6:27:41 am,32.88,57.73,1009.07,4.61,721.0,30.0,45.0,48.0,0h 2m,3.0
20/3/2026,6:27:56 am,33.09,57.11,1009.09,11.52,748.0,27.0,44.0,47.0,0h 3m,3.0
20/3/2026,6:28:11 am,33.31,56.7,1009.04,3.69,693.0,26.0,45.0,51.0,0h 3m,3.0
20/3/2026,6:28:26 am,33.49,56.2,1009.08,2.3,721.0,28.0,45.0,50.0,0h 3m,3.0
20/3/2026,6:28:41 am,33.65,55.88,1009.09,6.91,681.0,28.0,41.0,49.0,0h 3m,3.0
20/3/2026,6:28:57 am,33.78,55.57,1009.07,9.68,694.0,28.0,41.0,48.0,0h 4m,3.0
20/3/2026,6:29:11 am,33.95,55.37,1009.09,12.44,726.0,28.0,39.0,44.0,0h 4m,3.0
20/3/2026,6:29:26 am,34.08,54.95,1009.09,9.22,724.0,27.0,40.0,45.0,0h 4m,3.0
20/3/2026,6:29:41 am,34.22,54.66,1009.13,4.61,784.0,26.0,39.0,45.0,0h 4m,3.0
20/3/2026,6:29:57 am,34.34,54.34,1009.13,8.29,772.0,27.0,40.0,48.0,0h 5m,3.0
20/3/2026,6:30:11 am,34.4,54.14,1009.13,22.58,711.0,26.0,41.0,45.0,0h 5m,3.0
20/3/2026,6:30:26 am,34.47,53.95,1009.13,2.3,718.0,27.0,43.0,45.0,0h 5m,3.0
20/3/2026,6:30:41 am,34.58,53.73,1009.09,7.83,752.0,26.0,44.0,48.0,0h 5m,3.0
20/3/2026,6:30:56 am,34.65,53.63,1009.15,3.23,711.0,27.0,42.0,46.0,0h 6m,3.0
20/3/2026,6:31:12 am,34.8,53.31,1009.14,4.15,728.0,27.0,41.0,46.0,0h 6m,3.0
20/3/2026,6:31:27 am,34.85,53.21,1009.15,5.99,632.0,28.0,41.0,43.0,0h 6m,3.0
20/3/2026,6:31:41 am,34.94,53.11,1009.15,4.61,686.0,28.0,41.0,45.0,0h 6m,3.0
20/3/2026,6:31:56 am,34.96,52.83,1009.14,2.3,763.0,26.0,40.0,47.0,0h 7m,3.0
20/3/2026,6:32:12 am,35.04,52.89,1009.17,2.76,731.0,25.0,40.0,44.0,0h 7m,3.0
20/3/2026,6:32:26 am,35.11,52.7,1009.17,2.3,782.0,26.0,40.0,46.0,0h 7m,3.0
20/3/2026,6:32:43 am,35.18,52.5,1009.16,2.3,729.0,26.0,39.0,46.0,0h 7m,3.0
20/3/2026,6:32:56 am,35.22,52.4,1009.15,2.3,743.0,25.0,42.0,44.0,0h 8m,3.0
20/3/2026,6:33:11 am,35.26,52.31,1009.18,2.3,800.0,26.0,42.0,45.0,0h 8m,3.0
20/3/2026,6:33:26 am,35.31,52.28,1009.21,4.61,725.0,25.0,41.0,43.0,0h 8m,3.0
20/3/2026,6:33:42 am,35.34,52.28,1009.19,3.69,791.0,26.0,40.0,46.0,0h 8m,3.0
20/3/2026,6:33:56 am,35.38,52.28,1009.2,2.3,760.0,24.0,37.0,41.0,0h 9m,3.0
20/3/2026,6:34:12 am,35.43,52.19,1009.16,3.23,770.0,25.0,39.0,42.0,0h 9m,3.0
20/3/2026,6:34:26 am,35.48,52.09,1009.19,2.3,785.0,24.0,39.0,40.0,0h 9m,3.0
20/3/2026,6:34:41 am,35.5,52.09,1009.16,6.45,761.0,25.0,38.0,40.0,0h 9m,3.0
20/3/2026,6:34:56 am,35.52,52.06,1009.19,2.3,810.0,24.0,35.0,37.0,0h 10m,3.0
20/3/2026,6:35:12 am,35.53,52.06,1009.23,2.3,760.0,24.0,34.0,36.0,0h 10m,3.0
20/3/2026,6:35:42 am,35.58,51.97,1009.21,2.3,736.0,23.0,33.0,37.0,0h 10m,3.0
20/3/2026,6:35:56 am,35.62,51.97,1009.23,2.3,800.0,22.0,34.0,37.0,0h 11m,3.0
20/3/2026,6:36:12 am,35.66,51.97,1009.23,6.91,752.0,24.0,37.0,39.0,0h 11m,3.0
20/3/2026,6:36:26 am,35.7,51.97,1009.21,3.69,832.0,25.0,37.0,37.0,0h 11m,3.0
20/3/2026,6:36:42 am,35.74,51.97,1009.22,4.61,791.0,24.0,36.0,38.0,0h 11m,3.0
20/3/2026,6:36:57 am,35.8,51.84,1009.25,3.23,864.0,25.0,35.0,39.0,0h 12m,3.0
20/3/2026,6:37:11 am,35.82,51.84,1009.22,2.76,795.0,25.0,35.0,40.0,0h 12m,3.0
20/3/2026,6:37:26 am,35.8,51.84,1009.24,2.76,843.0,24.0,36.0,41.0,0h 12m,3.0
20/3/2026,6:37:42 am,35.84,51.75,1009.25,2.76,791.0,22.0,37.0,40.0,0h 12m,3.0
20/3/2026,6:37:57 am,35.92,51.75,1009.25,3.23,879.0,21.0,36.0,39.0,0h 13m,3.0
20/3/2026,6:38:12 am,35.94,51.65,1009.26,4.61,815.0,20.0,36.0,37.0,0h 13m,3.0
20/3/2026,6:38:26 am,35.99,51.65,1009.25,2.76,854.0,22.0,36.0,39.0,0h 13m,3.0
20/3/2026,6:38:42 am,35.99,51.55,1009.27,2.76,836.0,22.0,35.0,38.0,0h 13m,3.0
20/3/2026,6:38:56 am,36.03,51.53,1009.27,2.76,867.0,22.0,36.0,38.0,0h 14m,3.0
20/3/2026,6:39:12 am,36.09,51.53,1009.27,2.3,942.0,22.0,33.0,38.0,0h 14m,3.0
20/3/2026,6:39:27 am,36.15,51.43,1009.26,5.53,870.0,22.0,33.0,35.0,0h 14m,3.0
20/3/2026,6:39:41 am,36.17,51.43,1009.27,2.76,874.0,22.0,32.0,33.0,0h 14m,3.0
20/3/2026,6:39:56 am,36.19,51.23,1009.27,2.76,837.0,22.0,32.0,34.0,0h 15m,3.0
20/3/2026,6:40:11 am,36.25,51.23,1009.27,2.3,887.0,23.0,35.0,36.0,0h 15m,3.0
20/3/2026,6:40:26 am,36.23,51.23,1009.3,2.76,851.0,23.0,33.0,36.0,0h 15m,3.0
20/3/2026,6:40:42 am,36.23,51.23,1009.29,2.76,898.0,23.0,32.0,34.0,0h 15m,3.0
20/3/2026,6:40:56 am,36.27,51.33,1009.32,3.69,883.0,22.0,33.0,37.0,0h 16m,3.0
20/3/2026,6:41:12 am,36.23,51.23,1009.29,4.15,923.0,21.0,34.0,36.0,0h 16m,3.0
20/3/2026,6:41:27 am,36.2,51.33,1009.27,2.3,886.0,20.0,31.0,36.0,0h 16m,3.0
20/3/2026,6:41:42 am,36.23,51.43,1009.35,2.76,836.0,20.0,31.0,35.0,0h 16m,3.0
20/3/2026,6:41:56 am,36.23,51.43,1009.29,2.76,846.0,20.0,32.0,34.0,0h 17m,3.0
20/3/2026,6:42:11 am,36.23,51.43,1009.3,2.3,919.0,21.0,33.0,38.0,0h 17m,3.0
20/3/2026,6:42:26 am,36.23,51.33,1009.36,2.76,893.0,21.0,32.0,37.0,0h 17m,3.0
20/3/2026,6:42:42 am,36.28,51.4,1009.35,2.76,896.0,22.0,34.0,39.0,0h 17m,3.0
20/3/2026,6:42:57 am,36.29,51.31,1009.35,2.76,897.0,21.0,34.0,37.0,0h 18m,3.0
20/3/2026,6:43:12 am,36.29,51.31,1009.34,3.23,913.0,21.0,33.0,36.0,0h 18m,3.0
20/3/2026,6:43:27 am,36.31,51.31,1009.36,2.76,928.0,22.0,36.0,38.0,0h 18m,3.0
20/3/2026,6:43:42 am,36.32,51.31,1009.35,3.69,853.0,22.0,34.0,38.0,0h 18m,3.0
20/3/2026,6:43:57 am,36.32,51.31,1009.35,2.76,919.0,20.0,31.0,35.0,0h 19m,3.0
20/3/2026,6:44:12 am,36.34,51.31,1009.33,3.23,904.0,21.0,31.0,35.0,0h 19m,3.0
20/3/2026,6:44:26 am,36.34,51.31,1009.34,5.53,962.0,20.0,33.0,37.0,0h 19m,3.0
20/3/2026,6:44:41 am,36.34,51.21,1009.36,2.76,888.0,20.0,32.0,36.0,0h 19m,3.0
20/3/2026,6:44:57 am,36.32,51.31,1009.34,2.76,965.0,21.0,33.0,37.0,0h 20m,3.0
20/3/2026,6:45:11 am,36.29,51.31,1009.38,3.69,896.0,20.0,32.0,37.0,0h 20m,3.0
20/3/2026,6:45:27 am,36.28,51.4,1009.38,2.76,946.0,20.0,32.0,36.0,0h 20m,3.0
20/3/2026,6:45:42 am,36.27,51.43,1009.43,2.76,903.0,21.0,33.0,36.0,0h 20m,3.0
20/3/2026,6:45:57 am,36.23,51.53,1009.4,2.76,951.0,20.0,31.0,34.0,0h 21m,3.0
20/3/2026,6:46:12 am,36.25,51.53,1009.43,2.3,923.0,21.0,30.0,33.0,0h 21m,3.0
20/3/2026,6:46:27 am,36.27,51.53,1009.42,2.76,945.0,21.0,33.0,36.0,0h 21m,3.0
20/3/2026,6:46:42 am,36.22,51.53,1009.4,2.76,866.0,21.0,33.0,36.0,0h 21m,3.0
20/3/2026,6:46:57 am,36.23,51.53,1009.42,2.76,953.0,21.0,32.0,36.0,0h 22m,3.0
20/3/2026,6:47:12 am,36.23,51.53,1009.45,10.6,910.0,21.0,33.0,36.0,0h 22m,3.0
20/3/2026,6:47:26 am,36.27,51.53,1009.43,2.76,945.0,21.0,32.0,33.0,0h 22m,3.0
20/3/2026,6:47:42 am,36.28,51.5,1009.44,4.61,898.0,21.0,33.0,37.0,0h 22m,3.0
20/3/2026,6:47:57 am,36.28,51.5,1009.44,2.76,961.0,20.0,32.0,36.0,0h 23m,3.0
20/3/2026,6:48:12 am,36.19,51.72,1009.44,3.23,904.0,20.0,31.0,35.0,0h 23m,3.0
20/3/2026,6:48:42 am,36.19,51.72,1009.44,5.53,908.0,20.0,32.0,35.0,0h 23m,3.0
20/3/2026,6:48:56 am,36.19,51.72,1009.45,2.3,987.0,19.0,32.0,37.0,0h 24m,3.0
20/3/2026,6:49:12 am,36.16,51.82,1009.44,3.23,924.0,19.0,31.0,36.0,0h 24m,3.0
20/3/2026,6:49:27 am,36.17,51.82,1009.45,7.83,991.0,20.0,32.0,37.0,0h 24m,3.0
20/3/2026,6:49:42 am,36.2,51.92,1009.43,2.76,926.0,20.0,32.0,36.0,0h 24m,3.0
20/3/2026,6:49:56 am,36.17,51.92,1009.43,2.76,974.0,21.0,32.0,35.0,0h 25m,3.0
20/3/2026,6:50:11 am,36.22,51.92,1009.46,3.69,951.0,21.0,32.0,33.0,0h 25m,3.0
20/3/2026,6:50:27 am,36.25,51.82,1009.43,2.76,979.0,21.0,32.0,32.0,0h 25m,3.0
20/3/2026,6:50:42 am,36.27,51.72,1009.45,6.45,950.0,20.0,29.0,31.0,0h 25m,3.0
20/3/2026,6:50:57 am,36.28,51.7,1009.5,5.99,1041.0,21.0,32.0,34.0,0h 26m,3.0
20/3/2026,6:51:12 am,36.29,51.89,1009.49,3.23,967.0,21.0,33.0,36.0,0h 26m,3.0
20/3/2026,6:51:27 am,36.35,51.79,1009.45,3.69,1023.0,21.0,33.0,36.0,0h 26m,3.0
20/3/2026,6:51:42 am,36.38,52.19,1009.46,1.38,960.0,20.0,32.0,35.0,0h 26m,3.0
20/3/2026,6:51:57 am,36.38,51.79,1009.51,3.23,994.0,19.0,30.0,33.0,0h 27m,3.0
20/3/2026,6:52:12 am,36.44,51.5,1009.47,3.23,937.0,21.0,33.0,36.0,0h 27m,3.0
20/3/2026,6:52:27 am,36.44,51.4,1009.48,5.07,988.0,21.0,32.0,35.0,0h 27m,3.0
20/3/2026,6:52:42 am,36.39,51.5,1009.44,5.07,959.0,21.0,31.0,34.0,0h 27m,3.0
20/3/2026,6:52:57 am,36.43,51.5,1009.45,5.07,961.0,21.0,32.0,35.0,0h 28m,3.0
20/3/2026,6:53:12 am,36.39,51.5,1009.44,9.22,955.0,20.0,31.0,34.0,0h 28m,3.0
20/3/2026,6:53:27 am,36.39,51.6,1009.48,3.69,940.0,20.0,31.0,36.0,0h 28m,3.0
20/3/2026,6:53:42 am,36.35,51.6,1009.48,4.15,959.0,20.0,32.0,35.0,0h 28m,3.0
20/3/2026,6:53:57 am,36.38,51.6,1009.48,4.61,957.0,21.0,33.0,36.0,0h 29m,3.0
20/3/2026,6:54:12 am,36.41,51.6,1009.46,4.15,990.0,20.0,31.0,33.0,0h 29m,3.0
20/3/2026,6:54:27 am,36.39,51.6,1009.49,3.69,948.0,20.0,32.0,33.0,0h 29m,3.0
20/3/2026,6:54:42 am,36.39,51.6,1009.49,3.23,1016.0,21.0,32.0,34.0,0h 29m,3.0
20/3/2026,6:54:57 am,36.38,51.6,1009.49,3.69,926.0,20.0,30.0,32.0,0h 30m,3.0
20/3/2026,6:55:12 am,36.38,51.6,1009.51,3.69,999.0,20.0,34.0,36.0,0h 30m,3.0
20/3/2026,6:55:27 am,36.44,51.6,1009.44,6.91,950.0,20.0,33.0,35.0,0h 30m,3.0
20/3/2026,6:55:42 am,36.43,51.6,1009.5,5.53,986.0,20.0,33.0,36.0,0h 30m,3.0
20/3/2026,6:55:57 am,36.43,51.6,1009.47,4.15,937.0,19.0,32.0,35.0,0h 31m,3.0
20/3/2026,6:56:12 am,36.43,51.6,1009.5,3.69,1013.0,20.0,31.0,35.0,0h 31m,3.0
20/3/2026,6:56:27 am,36.46,51.6,1009.5,4.15,976.0,20.0,30.0,35.0,0h 31m,3.0
20/3/2026,6:56:42 am,36.44,51.6,1009.49,4.61,1041.0,21.0,30.0,36.0,0h 31m,3.0
20/3/2026,7:07:43 am,29.53,69.06,1009.65,6.45,500.0,19.0,47.0,48.0,0h 0m,3.0
20/3/2026,7:07:58 am,30.22,67.77,1009.62,6.45,500.0,19.0,38.0,41.0,0h 0m,3.0
20/3/2026,7:08:13 am,30.92,65.61,1009.67,6.45,500.0,20.0,39.0,42.0,0h 0m,3.0
20/3/2026,7:08:28 am,31.51,63.88,1009.69,6.45,500.0,22.0,39.0,42.0,0h 1m,3.0
20/3/2026,7:08:43 am,32.01,62.35,1009.72,6.45,891.0,23.0,39.0,44.0,0h 1m,3.0
20/3/2026,7:08:58 am,32.47,61.02,1009.69,8.76,899.0,24.0,39.0,46.0,0h 1m,3.0
20/3/2026,7:09:13 am,32.82,59.88,1009.71,6.45,916.0,23.0,37.0,43.0,0h 1m,3.0
20/3/2026,7:09:28 am,33.15,59.07,1009.72,8.76,877.0,24.0,38.0,44.0,0h 2m,3.0
20/3/2026,7:09:43 am,33.45,58.36,1009.72,6.91,899.0,26.0,41.0,45.0,0h 2m,3.0
20/3/2026,7:09:58 am,33.73,57.64,1009.72,6.45,866.0,25.0,37.0,41.0,0h 2m,3.0
20/3/2026,7:10:13 am,33.98,59.08,1009.74,1.38,866.0,26.0,39.0,40.0,0h 2m,3.0
20/3/2026,7:10:29 am,34.25,56.51,1009.71,6.91,892.0,25.0,39.0,41.0,0h 3m,3.0
20/3/2026,7:10:43 am,34.53,55.77,1009.77,6.91,863.0,25.0,40.0,43.0,0h 3m,3.0
20/3/2026,7:10:58 am,34.77,55.16,1009.78,7.37,838.0,25.0,38.0,40.0,0h 3m,3.0
20/3/2026,7:11:13 am,34.87,54.58,1009.74,9.68,866.0,24.0,36.0,38.0,0h 3m,3.0
20/3/2026,7:11:28 am,35.06,54.26,1009.77,7.83,847.0,24.0,35.0,37.0,0h 4m,3.0
20/3/2026,7:11:44 am,35.15,53.97,1009.76,8.29,865.0,25.0,35.0,38.0,0h 4m,3.0
20/3/2026,7:11:58 am,35.31,53.75,1009.74,8.76,866.0,24.0,37.0,39.0,0h 4m,3.0
20/3/2026,7:12:13 am,35.44,53.45,1009.77,9.22,836.0,25.0,39.0,40.0,0h 4m,3.0
20/3/2026,7:12:28 am,35.55,53.04,1009.77,9.68,871.0,23.0,38.0,40.0,0h 5m,3.0
20/3/2026,7:12:43 am,35.59,52.84,1009.77,10.14,896.0,24.0,40.0,41.0,0h 5m,3.0
20/3/2026,7:12:58 am,35.74,52.65,1009.8,10.6,887.0,23.0,37.0,39.0,0h 5m,3.0
20/3/2026,7:13:13 am,35.8,52.43,1009.73,10.6,885.0,23.0,37.0,40.0,0h 5m,3.0
20/3/2026,7:13:28 am,35.84,52.23,1009.76,10.6,847.0,24.0,39.0,42.0,0h 6m,3.0
20/3/2026,7:13:43 am,35.89,52.14,1009.79,11.06,869.0,23.0,39.0,41.0,0h 6m,3.0
20/3/2026,7:13:58 am,35.94,52.04,1009.76,11.06,862.0,25.0,39.0,41.0,0h 6m,3.0
20/3/2026,7:14:13 am,35.94,51.94,1009.74,10.6,843.0,25.0,38.0,39.0,0h 6m,3.0
20/3/2026,7:14:28 am,36.0,51.94,1009.8,12.9,847.0,25.0,37.0,39.0,0h 7m,3.0
20/3/2026,7:14:44 am,35.99,51.84,1009.81,11.52,829.0,25.0,38.0,38.0,0h 7m,3.0
20/3/2026,7:14:58 am,36.05,51.72,1009.78,12.44,866.0,26.0,39.0,41.0,0h 7m,3.0
20/3/2026,7:15:13 am,36.13,51.62,1009.76,12.9,831.0,24.0,38.0,41.0,0h 7m,3.0
20/3/2026,7:15:28 am,36.15,51.62,1009.8,11.98,799.0,22.0,38.0,42.0,0h 8m,3.0
20/3/2026,7:15:43 am,36.13,51.53,1009.79,12.9,798.0,23.0,36.0,40.0,0h 8m,3.0
20/3/2026,7:15:58 am,36.22,51.43,1009.79,13.82,857.0,23.0,37.0,42.0,0h 8m,3.0
20/3/2026,7:16:13 am,36.27,51.43,1009.81,15.21,816.0,22.0,35.0,38.0,0h 8m,3.0
20/3/2026,7:16:28 am,36.27,51.33,1009.81,13.36,823.0,23.0,39.0,42.0,0h 9m,3.0
20/3/2026,7:16:43 am,36.31,51.31,1009.81,13.36,830.0,22.0,40.0,42.0,0h 9m,3.0
20/3/2026,7:16:58 am,36.32,51.11,1009.79,13.82,850.0,22.0,40.0,43.0,0h 9m,3.0
20/3/2026,7:17:13 am,36.35,51.01,1009.82,14.28,818.0,22.0,37.0,40.0,0h 9m,3.0
20/3/2026,7:17:28 am,36.34,50.92,1009.84,15.21,782.0,24.0,37.0,40.0,0h 10m,3.0
20/3/2026,7:17:43 am,36.38,50.92,1009.85,15.21,844.0,23.0,35.0,39.0,0h 10m,3.0
20/3/2026,7:17:58 am,36.37,50.92,1009.85,14.75,836.0,24.0,39.0,40.0,0h 10m,3.0
20/3/2026,7:18:13 am,36.32,50.92,1009.86,16.13,852.0,25.0,38.0,41.0,0h 10m,3.0
20/3/2026,7:18:28 am,36.35,50.92,1009.84,14.75,787.0,25.0,37.0,42.0,0h 11m,3.0
20/3/2026,7:18:43 am,36.37,50.82,1009.86,15.21,843.0,26.0,37.0,42.0,0h 11m,3.0
20/3/2026,7:18:58 am,36.32,50.82,1009.84,18.89,795.0,27.0,39.0,43.0,0h 11m,3.0
20/3/2026,7:19:13 am,36.28,50.92,1009.9,15.67,860.0,26.0,40.0,44.0,0h 11m,3.0
20/3/2026,7:19:28 am,36.35,50.92,1009.88,16.13,743.0,25.0,40.0,44.0,0h 12m,3.0
20/3/2026,7:19:43 am,36.31,50.73,1009.86,16.13,812.0,24.0,40.0,45.0,0h 12m,3.0
20/3/2026,7:19:58 am,36.37,50.73,1009.82,16.13,778.0,25.0,40.0,45.0,0h 12m,3.0
20/3/2026,7:20:13 am,36.37,50.63,1009.88,16.13,811.0,27.0,42.0,45.0,0h 12m,3.0
20/3/2026,7:20:29 am,36.35,50.63,1009.9,20.74,811.0,26.0,42.0,45.0,0h 13m,3.0
20/3/2026,7:20:43 am,36.32,50.63,1009.87,17.05,814.0,25.0,38.0,41.0,0h 13m,3.0
20/3/2026,7:20:59 am,36.28,50.73,1009.85,17.51,811.0,25.0,39.0,43.0,0h 13m,3.0
20/3/2026,7:21:13 am,36.32,50.73,1009.87,16.59,759.0,25.0,38.0,42.0,0h 13m,3.0
20/3/2026,7:21:28 am,36.32,50.63,1009.9,18.89,819.0,25.0,39.0,42.0,0h 14m,3.0
20/3/2026,7:21:43 am,36.37,50.73,1009.89,17.51,789.0,25.0,41.0,43.0,0h 14m,3.0
20/3/2026,7:21:58 am,36.34,50.63,1009.91,17.51,799.0,25.0,43.0,47.0,0h 14m,3.0
20/3/2026,7:22:13 am,36.31,50.73,1009.9,17.97,805.0,25.0,42.0,44.0,0h 14m,3.0
20/3/2026,7:22:28 am,36.35,50.73,1009.91,19.81,790.0,28.0,43.0,45.0,0h 15m,3.0
20/3/2026,7:22:43 am,36.38,50.63,1009.93,18.43,813.0,27.0,40.0,45.0,0h 15m,3.0
20/3/2026,7:22:59 am,36.38,50.53,1009.93,18.89,755.0,26.0,40.0,42.0,0h 15m,3.0
20/3/2026,7:23:13 am,36.38,50.53,1009.91,17.97,812.0,25.0,42.0,43.0,0h 15m,3.0
20/3/2026,7:23:29 am,36.38,50.53,1009.96,18.43,781.0,27.0,44.0,48.0,0h 16m,3.0
20/3/2026,7:23:43 am,36.39,50.53,1009.92,18.89,815.0,28.0,44.0,47.0,0h 16m,3.0
20/3/2026,7:23:58 am,36.38,50.53,1009.95,19.81,805.0,28.0,43.0,45.0,0h 16m,3.0
20/3/2026,7:24:13 am,36.37,50.53,1009.98,23.5,840.0,27.0,44.0,50.0,0h 16m,3.0
20/3/2026,7:24:28 am,36.35,50.63,1009.96,21.66,803.0,27.0,42.0,46.0,0h 17m,3.0
20/3/2026,7:24:43 am,36.35,50.63,1009.99,21.2,817.0,29.0,43.0,49.0,0h 17m,3.0
20/3/2026,7:24:58 am,36.39,50.53,1010.01,20.74,831.0,30.0,46.0,50.0,0h 17m,3.0
20/3/2026,7:25:13 am,36.38,50.53,1010.03,24.88,825.0,28.0,45.0,50.0,0h 17m,3.0
20/3/2026,7:25:28 am,36.37,50.53,1010.0,22.12,816.0,27.0,43.0,48.0,0h 18m,3.0
20/3/2026,7:25:43 am,36.37,50.53,1010.03,20.74,804.0,28.0,44.0,49.0,0h 18m,3.0
20/3/2026,7:25:58 am,36.37,50.53,1010.05,24.42,823.0,28.0,41.0,47.0,0h 18m,3.0
20/3/2026,7:26:13 am,36.35,50.53,1010.06,20.74,762.0,28.0,40.0,49.0,0h 18m,3.0
20/3/2026,7:26:29 am,36.28,50.53,1010.03,20.74,805.0,27.0,41.0,47.0,0h 19m,3.0
20/3/2026,7:26:44 am,36.29,50.63,1010.06,19.81,784.0,27.0,44.0,47.0,0h 19m,3.0
20/3/2026,7:26:58 am,36.29,50.73,1010.04,21.2,852.0,28.0,43.0,47.0,0h 19m,3.0
20/3/2026,7:27:14 am,36.38,50.53,1010.07,23.04,796.0,28.0,40.0,45.0,0h 19m,3.0
20/3/2026,7:27:28 am,36.41,50.43,1010.06,22.12,839.0,28.0,40.0,45.0,0h 20m,3.0
20/3/2026,7:27:43 am,36.41,50.34,1010.09,22.58,789.0,27.0,41.0,45.0,0h 20m,3.0
20/3/2026,7:27:58 am,36.43,50.34,1010.12,22.58,847.0,28.0,44.0,46.0,0h 20m,3.0
20/3/2026,7:28:13 am,36.43,50.43,1010.1,23.5,787.0,27.0,43.0,45.0,0h 20m,3.0
20/3/2026,7:28:28 am,36.47,50.34,1010.07,24.42,858.0,28.0,43.0,47.0,0h 21m,3.0
20/3/2026,7:28:44 am,36.51,50.21,1010.05,22.58,813.0,29.0,45.0,50.0,0h 21m,3.0
20/3/2026,7:28:58 am,36.56,50.21,1010.13,23.5,823.0,29.0,45.0,47.0,0h 21m,3.0
20/3/2026,7:29:14 am,36.57,50.12,1010.11,22.12,801.0,28.0,41.0,44.0,0h 21m,3.0
20/3/2026,7:29:28 am,36.6,50.02,1010.09,23.04,797.0,27.0,45.0,48.0,0h 22m,3.0
20/3/2026,7:29:43 am,36.62,50.02,1010.07,23.96,783.0,26.0,41.0,44.0,0h 22m,3.0
20/3/2026,7:29:58 am,36.66,50.02,1010.08,24.88,814.0,26.0,41.0,44.0,0h 22m,3.0
20/3/2026,7:30:13 am,36.65,49.92,1010.11,24.42,824.0,27.0,42.0,44.0,0h 22m,3.0
20/3/2026,7:30:28 am,36.68,49.82,1010.06,25.8,777.0,27.0,42.0,47.0,0h 23m,3.0
20/3/2026,7:30:43 am,36.64,49.82,1010.09,26.27,777.0,27.0,43.0,46.0,0h 23m,3.0
20/3/2026,7:30:58 am,36.6,49.82,1010.1,24.88,809.0,26.0,44.0,46.0,0h 23m,3.0
20/3/2026,7:31:14 am,36.57,49.92,1010.1,26.73,811.0,28.0,45.0,46.0,0h 23m,3.0
20/3/2026,7:31:28 am,36.53,49.92,1010.06,26.27,784.0,27.0,43.0,46.0,0h 24m,3.0
20/3/2026,7:31:43 am,36.53,50.02,1010.06,26.27,836.0,27.0,44.0,47.0,0h 24m,3.0
20/3/2026,7:31:58 am,36.54,49.92,1010.05,25.8,781.0,27.0,44.0,47.0,0h 24m,3.0
20/3/2026,7:32:13 am,36.62,50.02,1010.02,25.34,816.0,26.0,43.0,47.0,0h 24m,3.0
20/3/2026,7:32:28 am,36.59,49.82,1010.04,24.88,821.0,26.0,43.0,47.0,0h 25m,3.0
20/3/2026,7:32:43 am,36.65,49.82,1010.01,25.34,820.0,25.0,43.0,47.0,0h 25m,3.0
20/3/2026,7:32:58 am,36.66,49.82,1010.07,25.34,811.0,27.0,40.0,45.0,0h 25m,3.0
20/3/2026,7:33:13 am,36.68,49.82,1010.08,25.34,842.0,25.0,42.0,44.0,0h 25m,3.0
20/3/2026,7:33:28 am,36.64,49.82,1010.08,26.73,933.0,27.0,44.0,49.0,0h 26m,3.0
20/3/2026,7:33:43 am,36.69,49.73,1010.06,26.27,833.0,27.0,41.0,47.0,0h 26m,3.0
20/3/2026,7:33:58 am,36.71,49.92,1010.09,27.19,847.0,27.0,41.0,45.0,0h 26m,3.0
20/3/2026,7:34:13 am,36.71,49.73,1010.1,27.19,819.0,25.0,43.0,47.0,0h 26m,3.0
20/3/2026,7:34:28 am,36.68,49.63,1010.06,35.02,838.0,28.0,45.0,49.0,0h 27m,3.0
20/3/2026,7:34:44 am,36.72,49.82,1010.06,29.03,814.0,27.0,46.0,48.0,0h 27m,3.0
20/3/2026,7:34:58 am,36.75,49.73,1010.08,29.03,857.0,31.0,47.0,50.0,0h 27m,3.0
20/3/2026,7:35:13 am,36.76,49.63,1010.05,28.11,964.0,29.0,46.0,51.0,0h 27m,3.0
20/3/2026,7:35:28 am,36.81,49.51,1010.07,28.11,891.0,30.0,45.0,48.0,0h 28m,3.0
20/3/2026,7:35:43 am,36.85,49.61,1010.04,28.11,845.0,27.0,43.0,45.0,0h 28m,3.0
20/3/2026,7:35:58 am,36.9,49.41,1010.04,29.03,836.0,26.0,41.0,44.0,0h 28m,3.0
20/3/2026,7:36:14 am,36.88,49.41,1010.07,29.49,812.0,28.0,44.0,45.0,0h 28m,3.0
20/3/2026,7:36:28 am,36.91,49.51,1010.06,29.49,900.0,28.0,43.0,46.0,0h 29m,3.0
20/3/2026,7:36:43 am,36.93,49.41,1010.09,29.49,840.0,27.0,43.0,47.0,0h 29m,3.0
20/3/2026,7:36:58 am,36.93,49.41,1010.02,29.49,857.0,25.0,42.0,47.0,0h 29m,3.0
20/3/2026,7:37:13 am,36.93,49.41,1010.06,29.49,877.0,27.0,44.0,49.0,0h 29m,3.0
20/3/2026,7:37:28 am,36.91,49.41,1010.07,29.49,886.0,27.0,43.0,47.0,0h 30m,3.0
20/3/2026,7:37:43 am,36.94,49.41,1010.03,29.95,841.0,26.0,42.0,46.0,0h 30m,3.0
20/3/2026,7:37:58 am,36.95,49.41,1010.07,29.95,855.0,26.0,42.0,47.0,0h 30m,3.0
20/3/2026,7:38:14 am,36.99,49.51,1010.05,29.95,829.0,27.0,45.0,47.0,0h 30m,3.0
20/3/2026,7:38:28 am,36.99,49.41,1010.09,30.41,828.0,27.0,45.0,50.0,0h 31m,3.0
20/3/2026,7:38:43 am,37.02,49.51,1010.03,30.87,834.0,25.0,42.0,44.0,0h 31m,3.0
20/3/2026,7:38:59 am,37.02,49.41,1010.08,30.87,830.0,26.0,42.0,44.0,0h 31m,3.0
20/3/2026,7:39:13 am,37.03,49.32,1010.02,30.41,820.0,25.0,41.0,45.0,0h 31m,3.0
20/3/2026,7:39:28 am,37.02,49.41,1010.08,30.87,817.0,27.0,41.0,44.0,0h 32m,3.0
20/3/2026,7:39:44 am,37.05,49.39,1010.06,31.33,857.0,28.0,40.0,42.0,0h 32m,3.0
20/3/2026,7:39:58 am,37.07,49.49,1010.02,31.8,867.0,28.0,39.0,44.0,0h 32m,3.0
20/3/2026,7:40:14 am,37.12,49.29,1010.05,31.33,862.0,28.0,39.0,42.0,0h 32m,3.0
20/3/2026,7:40:28 am,37.12,49.39,1010.08,33.18,853.0,26.0,39.0,44.0,0h 33m,3.0
20/3/2026,7:40:43 am,37.12,49.39,1010.06,34.1,887.0,27.0,40.0,43.0,0h 33m,3.0
20/3/2026,7:40:58 am,37.13,49.29,1010.07,34.1,847.0,25.0,42.0,45.0,0h 33m,3.0
20/3/2026,7:41:13 am,37.13,49.29,1010.04,35.94,881.0,24.0,41.0,45.0,0h 33m,3.0
20/3/2026,7:41:28 am,37.09,49.39,1010.04,36.4,844.0,23.0,39.0,44.0,0h 34m,3.0
20/3/2026,7:41:43 am,37.1,49.39,1010.05,36.4,894.0,26.0,41.0,46.0,0h 34m,3.0
20/3/2026,7:41:58 am,37.09,49.39,1010.04,36.86,847.0,25.0,41.0,43.0,0h 34m,3.0
20/3/2026,7:42:14 am,37.05,49.49,1010.06,36.86,893.0,27.0,42.0,43.0,0h 34m,3.0
20/3/2026,7:42:28 am,36.98,49.61,1010.06,36.4,854.0,27.0,40.0,44.0,0h 35m,3.0
20/3/2026,7:42:44 am,36.98,49.71,1010.05,37.79,886.0,27.0,41.0,45.0,0h 35m,3.0
20/3/2026,7:42:58 am,37.0,49.61,1010.06,37.79,878.0,27.0,41.0,45.0,0h 35m,3.0
20/3/2026,7:43:14 am,37.0,49.71,1010.07,38.25,909.0,26.0,42.0,46.0,0h 35m,3.0
20/3/2026,7:43:28 am,37.02,49.71,1010.07,37.79,869.0,27.0,42.0,47.0,0h 36m,3.0
20/3/2026,7:43:43 am,37.05,49.58,1010.1,37.79,913.0,26.0,42.0,45.0,0h 36m,3.0
20/3/2026,7:43:58 am,37.09,49.58,1010.08,38.25,880.0,26.0,38.0,39.0,0h 36m,3.0
20/3/2026,7:44:14 am,37.12,49.49,1010.08,39.17,909.0,26.0,37.0,40.0,0h 36m,3.0
20/3/2026,7:44:28 am,37.12,49.49,1010.08,39.63,872.0,24.0,38.0,40.0,0h 37m,3.0
20/3/2026,7:44:46 am,37.1,49.58,1010.08,39.63,909.0,24.0,37.0,40.0,0h 37m,3.0
20/3/2026,7:44:58 am,37.12,49.68,1010.1,42.85,944.0,23.0,38.0,41.0,0h 37m,3.0
20/3/2026,7:45:13 am,37.13,49.49,1010.12,42.85,946.0,24.0,39.0,42.0,0h 37m,3.0
20/3/2026,7:45:28 am,37.13,49.49,1010.12,43.32,997.0,23.0,40.0,43.0,0h 38m,3.0
20/3/2026,7:45:44 am,37.07,49.49,1010.1,43.78,995.0,24.0,40.0,45.0,0h 38m,3.0
20/3/2026,7:45:58 am,37.12,49.49,1010.1,43.32,921.0,26.0,42.0,47.0,0h 38m,3.0
20/3/2026,7:46:14 am,37.12,49.49,1010.11,43.78,961.0,25.0,41.0,44.0,0h 38m,3.0
20/3/2026,7:46:29 am,37.13,49.77,1010.12,44.24,978.0,25.0,40.0,44.0,0h 39m,3.0
20/3/2026,7:46:44 am,37.1,49.49,1010.15,44.24,999.0,26.0,40.0,43.0,0h 39m,3.0
20/3/2026,7:46:58 am,37.15,49.49,1010.17,43.78,942.0,26.0,39.0,42.0,0h 39m,3.0
20/3/2026,7:47:13 am,37.13,49.49,1010.13,44.24,960.0,25.0,41.0,45.0,0h 39m,3.0
20/3/2026,7:47:29 am,37.09,49.49,1010.13,44.7,893.0,24.0,40.0,46.0,0h 40m,3.0
20/3/2026,7:47:43 am,37.12,49.49,1010.16,45.16,933.0,25.0,38.0,43.0,0h 40m,3.0
20/3/2026,7:47:59 am,37.09,49.58,1010.19,45.16,893.0,24.0,40.0,45.0,0h 40m,3.0
20/3/2026,7:48:13 am,37.09,49.49,1010.17,45.16,927.0,24.0,37.0,44.0,0h 40m,3.0
20/3/2026,7:48:28 am,37.1,49.49,1010.2,45.62,890.0,26.0,40.0,46.0,0h 41m,3.0
20/3/2026,7:48:43 am,37.12,49.58,1010.19,46.08,917.0,26.0,39.0,45.0,0h 41m,3.0
20/3/2026,7:48:59 am,37.12,49.49,1010.18,46.54,892.0,25.0,41.0,45.0,0h 41m,3.0
20/3/2026,7:49:13 am,37.13,49.49,1010.22,46.54,941.0,26.0,40.0,43.0,0h 41m,3.0
20/3/2026,7:49:28 am,37.13,49.49,1010.21,46.08,910.0,27.0,42.0,47.0,0h 42m,3.0
20/3/2026,7:49:43 am,37.15,49.39,1010.23,46.08,932.0,24.0,38.0,42.0,0h 42m,3.0
20/3/2026,7:49:58 am,37.13,49.39,1010.16,46.54,961.0,24.0,38.0,42.0,0h 42m,3.0
20/3/2026,7:50:14 am,37.17,49.39,1010.23,47.0,915.0,24.0,38.0,43.0,0h 42m,3.0
20/3/2026,7:50:28 am,37.1,49.39,1010.23,47.0,889.0,24.0,41.0,45.0,0h 43m,3.0
20/3/2026,7:50:43 am,37.17,49.39,1010.21,47.0,909.0,25.0,42.0,45.0,0h 43m,3.0
20/3/2026,7:50:59 am,37.12,49.49,1010.25,47.0,867.0,26.0,41.0,44.0,0h 43m,3.0
20/3/2026,7:51:13 am,37.15,49.49,1010.24,47.0,918.0,25.0,40.0,45.0,0h 43m,3.0
20/3/2026,7:51:29 am,37.12,49.39,1010.27,47.46,939.0,25.0,40.0,44.0,0h 44m,3.0
20/3/2026,7:51:43 am,37.13,49.39,1010.27,47.0,937.0,24.0,41.0,45.0,0h 44m,3.0
20/3/2026,7:51:58 am,37.1,49.49,1010.25,47.0,907.0,25.0,41.0,45.0,0h 44m,3.0
20/3/2026,7:52:13 am,37.13,49.49,1010.28,47.46,937.0,24.0,39.0,44.0,0h 44m,3.0
20/3/2026,7:52:29 am,37.09,49.49,1010.29,47.46,942.0,24.0,40.0,43.0,0h 45m,3.0
20/3/2026,7:52:44 am,37.13,49.39,1010.32,47.0,938.0,25.0,41.0,43.0,0h 45m,3.0
20/3/2026,7:52:59 am,37.17,49.39,1010.28,47.46,931.0,25.0,40.0,44.0,0h 45m,3.0
20/3/2026,7:53:14 am,37.12,49.49,1010.34,47.46,927.0,25.0,41.0,44.0,0h 45m,3.0
20/3/2026,7:53:28 am,37.13,49.49,1010.35,47.46,934.0,24.0,41.0,45.0,0h 46m,3.0
20/3/2026,7:53:43 am,37.1,49.49,1010.35,47.46,927.0,25.0,40.0,45.0,0h 46m,3.0
20/3/2026,7:54:10 am,37.09,49.68,1010.37,49.77,500.0,22.0,36.0,45.0,0h 0m,3.0
20/3/2026,7:54:24 am,37.1,49.58,1010.36,50.23,500.0,24.0,41.0,44.0,0h 0m,3.0
20/3/2026,7:54:40 am,37.15,49.58,1010.37,49.77,500.0,24.0,39.0,42.0,0h 0m,3.0
20/3/2026,7:54:55 am,37.13,50.94,1010.38,50.23,500.0,25.0,39.0,43.0,0h 1m,3.0
20/3/2026,7:55:09 am,36.94,51.93,1010.37,50.23,5000.0,24.0,36.0,37.0,0h 1m,3.0
20/3/2026,7:55:39 am,36.93,50.09,1010.41,50.23,500.0,22.0,36.0,42.0,0h 0m,3.0
20/3/2026,7:55:54 am,36.87,50.19,1010.42,51.15,500.0,24.0,37.0,46.0,0h 0m,3.0
20/3/2026,7:56:09 am,36.91,50.19,1010.44,50.23,500.0,24.0,36.0,44.0,0h 0m,3.0
20/3/2026,7:56:24 am,36.87,50.29,1010.44,51.15,500.0,25.0,40.0,43.0,0h 1m,3.0
20/3/2026,7:56:39 am,36.9,50.29,1010.4,51.15,1894.0,25.0,38.0,40.0,0h 1m,3.0
20/3/2026,7:56:54 am,36.91,50.19,1010.42,51.15,1598.0,24.0,38.0,40.0,0h 1m,3.0
20/3/2026,7:57:09 am,36.95,50.19,1010.41,52.07,1332.0,25.0,40.0,43.0,0h 1m,3.0
20/3/2026,7:57:24 am,36.94,50.19,1010.37,52.07,1236.0,25.0,40.0,44.0,0h 2m,3.0
20/3/2026,7:57:39 am,36.9,50.29,1010.39,52.07,1122.0,24.0,37.0,43.0,0h 2m,3.0
20/3/2026,7:57:54 am,36.85,50.29,1010.37,52.07,1080.0,23.0,35.0,37.0,0h 2m,3.0
20/3/2026,7:58:09 am,36.9,50.29,1010.41,52.53,1032.0,24.0,35.0,39.0,0h 2m,3.0
20/3/2026,7:58:24 am,36.91,50.29,1010.4,52.07,1011.0,24.0,36.0,41.0,0h 3m,3.0
20/3/2026,7:58:39 am,36.85,50.29,1010.39,52.07,1007.0,24.0,37.0,41.0,0h 3m,3.0
20/3/2026,7:58:54 am,36.85,50.38,1010.41,52.53,991.0,24.0,38.0,42.0,0h 3m,3.0
20/3/2026,7:59:09 am,36.9,50.29,1010.46,52.53,917.0,24.0,38.0,42.0,0h 3m,3.0
20/3/2026,7:59:24 am,36.73,50.51,1010.35,37.32,968.0,25.0,38.0,43.0,0h 4m,3.0
20/3/2026,7:59:39 am,36.43,51.4,1010.37,41.93,1017.0,25.0,38.0,41.0,0h 4m,3.0
20/3/2026,7:59:54 am,36.51,51.18,1010.36,42.39,965.0,24.0,37.0,40.0,0h 4m,3.0
20/3/2026,8:00:09 am,36.47,51.31,1010.37,47.0,969.0,23.0,37.0,39.0,0h 4m,3.0
20/3/2026,8:00:24 am,36.44,51.4,1010.38,46.08,989.0,23.0,36.0,37.0,0h 5m,3.0
20/3/2026,8:00:49 am,36.16,51.82,1010.39,45.62,500.0,23.0,34.0,34.0,0h 0m,3.0
20/3/2026,8:01:04 am,36.09,52.11,1010.38,45.62,500.0,24.0,34.0,37.0,0h 0m,3.0
20/3/2026,8:01:19 am,36.08,52.11,1010.31,45.62,500.0,25.0,36.0,39.0,0h 0m,3.0
20/3/2026,8:01:34 am,36.03,52.01,1010.36,46.08,500.0,24.0,36.0,41.0,0h 1m,3.0
20/3/2026,8:01:49 am,35.99,52.04,1010.32,46.08,963.0,25.0,37.0,47.0,0h 1m,3.0
20/3/2026,8:02:04 am,35.99,52.14,1010.37,46.54,1023.0,25.0,40.0,46.0,0h 1m,3.0
20/3/2026,8:02:19 am,35.94,52.14,1010.36,46.54,965.0,24.0,40.0,44.0,0h 1m,3.0
20/3/2026,8:02:34 am,36.0,52.04,1010.35,46.54,1000.0,27.0,41.0,46.0,0h 2m,3.0
20/3/2026,8:02:49 am,35.92,52.04,1010.37,46.54,1066.0,25.0,41.0,45.0,0h 2m,3.0
20/3/2026,8:03:04 am,35.94,51.94,1010.35,46.54,971.0,26.0,42.0,45.0,0h 2m,3.0
20/3/2026,8:03:19 am,35.89,52.04,1010.38,47.46,1011.0,26.0,39.0,44.0,0h 2m,3.0
20/3/2026,8:03:34 am,35.8,52.04,1010.38,47.0,914.0,26.0,41.0,43.0,0h 3m,3.0
20/3/2026,8:03:49 am,35.8,52.04,1010.39,47.92,1132.0,27.0,42.0,44.0,0h 3m,3.0
20/3/2026,8:04:04 am,35.85,52.14,1010.38,47.92,961.0,26.0,42.0,46.0,0h 3m,3.0
20/3/2026,8:04:19 am,35.92,52.04,1010.42,47.46,972.0,28.0,43.0,48.0,0h 3m,3.0
20/3/2026,8:04:34 am,35.84,52.23,1010.41,47.92,918.0,26.0,41.0,48.0,0h 4m,3.0
20/3/2026,8:04:49 am,35.9,52.14,1010.36,48.84,973.0,27.0,43.0,46.0,0h 4m,3.0
20/3/2026,8:05:04 am,35.84,52.04,1010.39,47.46,935.0,27.0,44.0,49.0,0h 4m,3.0
20/3/2026,8:05:19 am,35.87,52.14,1010.44,47.0,955.0,26.0,42.0,46.0,0h 4m,3.0
20/3/2026,8:05:34 am,35.75,52.43,1010.44,47.92,962.0,26.0,41.0,44.0,0h 5m,3.0
20/3/2026,8:05:49 am,35.77,52.43,1010.42,47.92,929.0,27.0,42.0,47.0,0h 5m,3.0
20/3/2026,8:06:04 am,35.77,52.43,1010.44,47.92,982.0,25.0,40.0,47.0,0h 5m,3.0
20/3/2026,8:06:19 am,35.68,52.55,1010.46,47.92,924.0,27.0,41.0,44.0,0h 5m,3.0
20/3/2026,8:06:34 am,35.75,52.53,1010.41,47.46,991.0,26.0,39.0,43.0,0h 6m,3.0
20/3/2026,8:06:49 am,35.71,52.65,1010.44,37.32,947.0,26.0,39.0,44.0,0h 6m,3.0
20/3/2026,8:07:04 am,35.81,52.72,1010.46,47.46,976.0,27.0,41.0,46.0,0h 6m,3.0
20/3/2026,8:07:19 am,35.84,52.62,1010.45,48.84,979.0,27.0,42.0,47.0,0h 6m,3.0
20/3/2026,8:07:34 am,35.87,52.62,1010.46,49.31,1001.0,25.0,38.0,46.0,0h 7m,3.0
20/3/2026,8:07:49 am,35.9,52.53,1010.48,47.92,994.0,25.0,38.0,45.0,0h 7m,3.0
20/3/2026,8:08:04 am,35.81,52.62,1010.51,48.38,1052.0,26.0,40.0,44.0,0h 7m,3.0
20/3/2026,8:08:19 am,35.68,52.65,1010.52,47.92,986.0,24.0,38.0,43.0,0h 7m,3.0
20/3/2026,8:08:34 am,35.68,52.84,1010.5,48.38,989.0,24.0,38.0,43.0,0h 8m,3.0
20/3/2026,8:08:49 am,35.82,52.62,1010.5,48.38,1008.0,25.0,37.0,44.0,0h 8m,3.0
20/3/2026,8:09:04 am,35.85,52.62,1010.48,48.38,988.0,24.0,39.0,43.0,0h 8m,3.0
20/3/2026,8:09:19 am,35.85,52.62,1010.49,49.31,998.0,25.0,41.0,45.0,0h 8m,3.0
20/3/2026,8:09:34 am,35.94,52.43,1010.55,48.38,984.0,26.0,41.0,46.0,0h 9m,3.0
20/3/2026,8:09:49 am,35.94,52.53,1010.53,48.84,1030.0,26.0,38.0,43.0,0h 9m,3.0
20/3/2026,8:10:04 am,35.99,52.43,1010.51,49.77,976.0,24.0,39.0,42.0,0h 9m,3.0
20/3/2026,8:10:19 am,35.94,52.53,1010.53,49.31,1044.0,25.0,39.0,41.0,0h 9m,3.0
20/3/2026,8:10:34 am,35.89,52.62,1010.6,48.84,988.0,25.0,38.0,40.0,0h 10m,3.0
20/3/2026,8:10:49 am,35.84,52.82,1010.53,49.77,1049.0,23.0,37.0,42.0,0h 10m,3.0
20/3/2026,8:11:04 am,35.92,52.72,1010.58,50.23,1017.0,23.0,39.0,45.0,0h 10m,3.0
20/3/2026,8:11:19 am,35.87,52.62,1010.55,50.69,1082.0,24.0,40.0,44.0,0h 10m,3.0
20/3/2026,8:11:34 am,35.92,52.82,1010.61,50.23,1025.0,24.0,37.0,43.0,0h 11m,3.0
20/3/2026,8:11:49 am,35.96,52.62,1010.61,50.23,1159.0,24.0,38.0,44.0,0h 11m,3.0
20/3/2026,8:12:04 am,35.94,52.62,1010.63,51.15,1047.0,24.0,38.0,43.0,0h 11m,3.0
20/3/2026,8:12:19 am,35.85,52.82,1010.66,51.15,1060.0,22.0,37.0,40.0,0h 11m,3.0
20/3/2026,8:12:34 am,35.78,52.92,1010.65,51.61,1072.0,22.0,35.0,37.0,0h 12m,3.0
20/3/2026,8:12:49 am,35.71,53.14,1010.66,51.15,1020.0,22.0,36.0,39.0,0h 12m,3.0
20/3/2026,8:13:04 am,35.81,53.01,1010.7,50.23,1085.0,23.0,35.0,40.0,0h 12m,3.0
20/3/2026,8:13:19 am,35.8,52.92,1010.66,50.23,1036.0,24.0,38.0,41.0,0h 12m,3.0
20/3/2026,8:13:34 am,35.74,53.04,1010.69,51.61,1091.0,23.0,36.0,39.0,0h 13m,3.0
20/3/2026,8:13:49 am,35.8,53.01,1010.71,50.69,1026.0,24.0,38.0,44.0,0h 13m,3.0
20/3/2026,8:14:04 am,35.8,53.01,1010.73,51.15,1028.0,25.0,38.0,40.0,0h 13m,3.0
20/3/2026,8:14:19 am,35.89,52.82,1010.72,52.07,1059.0,24.0,38.0,41.0,0h 13m,3.0
20/3/2026,8:14:34 am,35.85,52.82,1010.74,52.07,1094.0,24.0,37.0,41.0,0h 14m,3.0
20/3/2026,8:14:49 am,35.82,52.82,1010.77,51.61,1057.0,24.0,38.0,40.0,0h 14m,3.0
20/3/2026,8:15:04 am,35.84,52.92,1010.81,18.89,1041.0,25.0,39.0,44.0,0h 14m,3.0
20/3/2026,8:15:19 am,35.8,53.01,1010.77,42.85,1079.0,23.0,37.0,41.0,0h 14m,3.0
20/3/2026,8:15:44 am,35.41,53.65,1010.67,48.38,500.0,19.0,41.0,51.0,0h 0m,3.0
20/3/2026,8:15:59 am,35.18,54.16,1010.67,45.62,500.0,19.0,38.0,45.0,0h 0m,3.0
20/3/2026,8:19:35 am,125.0,60.76,1010.72,43.32,500.0,25.0,41.0,49.0,0h 0m,3.0
20/3/2026,8:19:50 am,125.0,60.37,1010.75,29.03,500.0,24.0,38.0,42.0,0h 0m,3.0
20/3/2026,8:20:05 am,125.0,59.95,1010.76,38.25,500.0,24.0,35.0,41.0,0h 0m,3.0
20/3/2026,8:20:20 am,125.0,59.66,1010.82,47.46,5000.0,24.0,35.0,42.0,0h 1m,3.0
20/3/2026,8:20:35 am,-7.99,59.46,1010.79,47.92,5000.0,24.0,34.0,40.0,0h 1m,3.0
20/3/2026,8:20:50 am,125.0,59.33,1010.8,47.46,5000.0,23.0,34.0,37.0,0h 1m,3.0
20/3/2026,8:23:58 am,31.07,65.58,1011.09,49.31,500.0,26.0,42.0,42.0,0h 0m,3.0
20/3/2026,8:24:13 am,31.65,64.54,1011.07,49.77,500.0,24.0,40.0,41.0,0h 0m,3.0
20/3/2026,8:24:28 am,32.25,62.91,1011.07,49.31,500.0,23.0,38.0,43.0,0h 0m,3.0
20/3/2026,8:24:43 am,32.67,61.47,1011.13,48.84,500.0,24.0,40.0,44.0,0h 1m,3.0
20/3/2026,8:24:58 am,33.03,60.44,1011.13,48.84,1078.0,25.0,39.0,44.0,0h 1m,3.0
20/3/2026,8:25:13 am,33.38,59.43,1011.15,49.31,1084.0,26.0,40.0,44.0,0h 1m,3.0
20/3/2026,8:25:28 am,33.68,58.91,1011.16,48.38,1084.0,26.0,42.0,44.0,0h 1m,3.0
20/3/2026,8:25:43 am,33.79,58.2,1011.19,48.38,1039.0,27.0,44.0,45.0,0h 2m,3.0
20/3/2026,8:25:58 am,34.06,57.68,1011.18,47.92,1077.0,25.0,40.0,46.0,0h 2m,3.0
20/3/2026,8:26:13 am,34.22,57.2,1011.18,48.84,1082.0,24.0,40.0,43.0,0h 2m,3.0
20/3/2026,8:26:28 am,34.39,56.77,1011.18,48.38,1043.0,26.0,41.0,44.0,0h 2m,3.0
20/3/2026,8:26:43 am,34.43,56.58,1011.21,49.77,999.0,26.0,42.0,44.0,0h 3m,3.0
20/3/2026,8:26:58 am,34.56,56.26,1011.22,37.79,993.0,26.0,40.0,42.0,0h 3m,3.0
20/3/2026,8:27:13 am,34.8,55.85,1011.22,44.7,975.0,25.0,39.0,43.0,0h 3m,3.0
20/3/2026,8:27:28 am,34.97,55.46,1011.21,50.23,1045.0,27.0,41.0,44.0,0h 3m,3.0
20/3/2026,8:27:43 am,35.03,55.23,1011.22,50.23,1042.0,26.0,40.0,44.0,0h 4m,3.0
20/3/2026,8:27:58 am,35.16,54.94,1011.26,50.23,1063.0,26.0,41.0,45.0,0h 4m,3.0
20/3/2026,8:28:13 am,35.28,54.72,1011.24,50.23,1060.0,26.0,42.0,46.0,0h 4m,3.0
20/3/2026,8:28:28 am,35.28,54.62,1011.24,50.69,1059.0,27.0,43.0,44.0,0h 4m,3.0
20/3/2026,8:28:43 am,35.41,54.43,1011.19,51.15,1115.0,24.0,39.0,39.0,0h 5m,3.0
20/3/2026,8:28:58 am,35.6,54.01,1011.25,51.61,1070.0,26.0,39.0,39.0,0h 5m,3.0
20/3/2026,8:29:13 am,35.7,53.81,1011.25,51.15,1084.0,26.0,40.0,44.0,0h 5m,3.0
20/3/2026,8:29:28 am,35.81,53.59,1011.24,52.07,1055.0,26.0,43.0,46.0,0h 5m,3.0
20/3/2026,8:29:43 am,35.92,53.4,1011.25,52.53,1039.0,25.0,41.0,43.0,0h 6m,3.0
20/3/2026,8:29:58 am,35.87,53.5,1011.27,52.99,1051.0,27.0,39.0,41.0,0h 6m,3.0
20/3/2026,8:30:13 am,35.89,53.2,1011.25,53.45,1083.0,26.0,36.0,44.0,0h 6m,3.0
20/3/2026,8:30:28 am,35.99,53.2,1011.26,52.07,1088.0,26.0,38.0,46.0,0h 6m,3.0
20/3/2026,8:30:43 am,36.01,53.08,1011.28,52.53,1095.0,26.0,40.0,47.0,0h 7m,3.0
20/3/2026,8:30:58 am,36.07,52.98,1011.28,52.99,1094.0,26.0,38.0,45.0,0h 7m,3.0
20/3/2026,8:31:13 am,36.05,52.98,1011.23,52.07,1064.0,27.0,42.0,48.0,0h 7m,3.0
20/3/2026,8:31:28 am,35.97,53.11,1011.29,51.61,1090.0,26.0,40.0,45.0,0h 7m,3.0
20/3/2026,8:31:43 am,35.9,53.11,1011.24,53.91,1081.0,26.0,39.0,45.0,0h 8m,3.0
20/3/2026,8:31:58 am,36.05,52.98,1011.28,52.99,1116.0,24.0,39.0,42.0,0h 8m,3.0
20/3/2026,8:32:13 am,35.99,53.01,1011.29,53.45,1068.0,25.0,39.0,43.0,0h 8m,3.0
20/3/2026,8:32:28 am,36.12,52.98,1011.31,52.53,1066.0,26.0,40.0,46.0,0h 8m,3.0
20/3/2026,8:32:43 am,36.03,52.98,1011.3,52.07,1077.0,22.0,38.0,45.0,0h 9m,3.0
20/3/2026,8:32:58 am,36.15,52.79,1011.3,52.53,1079.0,24.0,40.0,45.0,0h 9m,3.0
20/3/2026,8:33:13 am,36.13,52.89,1011.29,52.53,1086.0,26.0,42.0,46.0,0h 9m,3.0
20/3/2026,8:33:28 am,35.99,53.11,1011.32,52.53,1146.0,26.0,40.0,41.0,0h 9m,3.0
20/3/2026,8:33:43 am,36.03,53.08,1011.33,52.07,1106.0,26.0,38.0,44.0,0h 10m,3.0
20/3/2026,8:33:58 am,36.13,52.89,1011.35,53.91,1083.0,27.0,39.0,45.0,0h 10m,3.0
20/3/2026,8:34:13 am,36.07,52.98,1011.35,52.07,1113.0,26.0,40.0,45.0,0h 10m,3.0
20/3/2026,8:34:28 am,36.15,52.89,1011.3,55.76,1091.0,24.0,38.0,46.0,0h 10m,3.0
20/3/2026,8:34:43 am,36.15,52.89,1011.32,53.91,1110.0,26.0,39.0,43.0,0h 11m,3.0
20/3/2026,8:34:58 am,36.2,52.79,1011.36,56.22,1076.0,26.0,39.0,43.0,0h 11m,3.0
20/3/2026,8:35:13 am,36.27,52.59,1011.31,57.14,1084.0,27.0,39.0,43.0,0h 11m,3.0
20/3/2026,8:35:28 am,36.37,52.28,1011.35,55.76,1089.0,27.0,41.0,43.0,0h 11m,3.0
20/3/2026,8:35:43 am,36.29,52.37,1011.32,54.84,1106.0,26.0,42.0,47.0,0h 12m,3.0
20/3/2026,8:35:58 am,36.25,52.5,1011.35,57.6,1073.0,25.0,39.0,42.0,0h 12m,3.0
20/3/2026,8:36:13 am,36.27,52.4,1011.39,58.06,1089.0,24.0,39.0,41.0,0h 12m,3.0
20/3/2026,8:36:28 am,36.05,52.59,1011.37,57.14,1108.0,24.0,38.0,40.0,0h 12m,3.0
20/3/2026,8:36:43 am,36.01,52.69,1011.33,57.14,1077.0,24.0,39.0,41.0,0h 13m,3.0
20/3/2026,8:36:58 am,35.99,52.82,1011.36,57.14,1089.0,27.0,44.0,44.0,0h 13m,3.0
20/3/2026,8:37:13 am,35.85,53.11,1011.37,57.6,1031.0,26.0,41.0,46.0,0h 13m,3.0
20/3/2026,8:37:28 am,35.89,52.92,1011.36,57.6,1057.0,27.0,40.0,46.0,0h 13m,3.0
20/3/2026,8:37:43 am,35.84,53.01,1011.35,58.06,1043.0,26.0,40.0,46.0,0h 14m,3.0
20/3/2026,8:37:58 am,35.99,52.82,1011.37,57.6,1030.0,26.0,39.0,45.0,0h 14m,3.0
20/3/2026,8:38:13 am,36.05,52.4,1011.38,56.68,1039.0,28.0,39.0,44.0,0h 14m,3.0
20/3/2026,8:38:28 am,36.16,52.31,1011.42,57.6,1022.0,28.0,41.0,46.0,0h 14m,3.0
20/3/2026,8:38:43 am,36.2,52.21,1011.4,58.98,1016.0,27.0,43.0,49.0,0h 15m,3.0
20/3/2026,8:38:58 am,36.31,51.99,1011.39,57.6,995.0,27.0,44.0,48.0,0h 15m,3.0
20/3/2026,8:39:13 am,36.28,51.89,1011.43,57.14,1024.0,27.0,45.0,49.0,0h 15m,3.0
20/3/2026,8:39:28 am,36.32,51.79,1011.42,58.06,990.0,28.0,46.0,50.0,0h 15m,3.0
20/3/2026,8:39:43 am,36.34,51.7,1011.42,56.68,991.0,29.0,45.0,48.0,0h 16m,3.0
20/3/2026,8:39:58 am,36.44,51.6,1011.45,53.45,974.0,29.0,45.0,50.0,0h 16m,3.0
20/3/2026,8:40:13 am,36.41,51.79,1011.4,55.3,975.0,28.0,43.0,48.0,0h 16m,3.0
20/3/2026,8:40:28 am,36.35,51.79,1011.44,58.98,984.0,28.0,43.0,48.0,0h 16m,3.0
20/3/2026,8:40:43 am,36.16,51.92,1011.46,55.3,945.0,26.0,41.0,45.0,0h 17m,3.0
20/3/2026,8:40:58 am,36.05,52.21,1011.46,55.76,984.0,28.0,42.0,43.0,0h 17m,3.0
20/3/2026,8:41:13 am,36.09,52.31,1011.44,58.52,962.0,28.0,44.0,48.0,0h 17m,3.0
20/3/2026,8:41:28 am,35.99,52.43,1011.48,59.9,948.0,28.0,43.0,48.0,0h 17m,3.0
20/3/2026,8:41:43 am,36.09,52.5,1011.49,56.68,959.0,29.0,42.0,46.0,0h 18m,3.0
20/3/2026,8:41:58 am,35.99,52.43,1011.46,57.14,985.0,29.0,42.0,44.0,0h 18m,3.0
20/3/2026,8:42:13 am,35.96,52.62,1011.46,56.68,957.0,30.0,43.0,49.0,0h 18m,3.0
20/3/2026,8:42:28 am,35.96,52.72,1011.48,47.92,974.0,29.0,42.0,47.0,0h 18m,3.0
20/3/2026,8:42:43 am,35.99,52.62,1011.48,59.9,1016.0,29.0,42.0,49.0,0h 19m,3.0
20/3/2026,8:42:58 am,35.97,52.53,1011.49,60.83,1007.0,27.0,41.0,50.0,0h 19m,3.0
20/3/2026,8:43:13 am,36.01,52.4,1011.49,56.22,964.0,29.0,43.0,51.0,0h 19m,3.0
20/3/2026,8:43:28 am,36.0,52.43,1011.5,58.06,979.0,27.0,42.0,49.0,0h 19m,3.0
20/3/2026,8:43:43 am,35.96,52.43,1011.53,60.36,959.0,27.0,42.0,47.0,0h 20m,3.0
20/3/2026,8:43:58 am,36.07,52.31,1011.5,60.83,949.0,27.0,42.0,46.0,0h 20m,3.0
20/3/2026,8:44:13 am,36.12,52.31,1011.54,61.29,972.0,26.0,41.0,45.0,0h 20m,3.0
20/3/2026,8:44:28 am,35.93,52.43,1011.51,58.98,967.0,28.0,41.0,46.0,0h 20m,3.0
20/3/2026,8:44:43 am,35.89,52.53,1011.52,56.68,978.0,28.0,43.0,48.0,0h 21m,3.0
20/3/2026,8:44:58 am,35.84,52.62,1011.51,60.36,943.0,28.0,43.0,45.0,0h 21m,3.0
20/3/2026,8:45:13 am,35.74,52.84,1011.57,67.74,957.0,28.0,44.0,44.0,0h 21m,3.0
20/3/2026,8:45:28 am,35.89,52.72,1011.55,65.43,937.0,26.0,41.0,42.0,0h 21m,3.0
20/3/2026,8:45:43 am,35.9,52.62,1011.54,58.06,960.0,26.0,40.0,43.0,0h 22m,3.0
20/3/2026,8:45:58 am,35.89,52.72,1011.57,55.3,947.0,26.0,42.0,47.0,0h 22m,3.0
20/3/2026,8:46:13 am,35.9,52.72,1011.58,57.6,965.0,25.0,40.0,43.0,0h 22m,3.0
20/3/2026,8:46:28 am,35.92,52.62,1011.6,58.06,980.0,27.0,42.0,45.0,0h 22m,3.0
20/3/2026,8:46:43 am,35.82,52.72,1011.54,57.14,968.0,26.0,42.0,45.0,0h 23m,3.0
20/3/2026,8:46:58 am,35.82,52.82,1011.55,58.98,1003.0,26.0,41.0,43.0,0h 23m,3.0
20/3/2026,8:47:13 am,35.84,52.92,1011.61,57.6,973.0,26.0,41.0,44.0,0h 23m,3.0
20/3/2026,8:47:28 am,35.9,52.82,1011.56,53.91,1003.0,24.0,40.0,46.0,0h 23m,3.0
20/3/2026,8:47:43 am,35.81,52.92,1011.58,55.3,965.0,26.0,41.0,45.0,0h 24m,3.0
20/3/2026,8:47:58 am,35.9,52.82,1011.59,57.14,990.0,26.0,42.0,42.0,0h 24m,3.0
20/3/2026,8:48:13 am,35.89,52.82,1011.58,58.06,979.0,26.0,42.0,43.0,0h 24m,3.0
20/3/2026,8:48:28 am,35.99,52.72,1011.59,58.98,994.0,25.0,40.0,42.0,0h 24m,3.0
20/3/2026,8:48:43 am,35.9,52.72,1011.57,54.37,996.0,25.0,42.0,44.0,0h 25m,3.0
20/3/2026,8:48:58 am,35.78,52.92,1011.6,58.06,994.0,24.0,39.0,40.0,0h 25m,3.0
20/3/2026,8:49:13 am,35.81,52.92,1011.6,56.68,974.0,23.0,37.0,40.0,0h 25m,3.0
20/3/2026,8:49:28 am,35.85,52.82,1011.63,57.6,1004.0,24.0,37.0,44.0,0h 25m,3.0
20/3/2026,8:49:43 am,35.89,52.82,1011.6,52.99,993.0,23.0,39.0,43.0,0h 26m,3.0
20/3/2026,8:49:58 am,35.81,52.92,1011.62,55.3,990.0,24.0,39.0,45.0,0h 26m,3.0
20/3/2026,8:50:13 am,35.85,52.82,1011.61,57.6,989.0,24.0,39.0,44.0,0h 26m,3.0
20/3/2026,8:50:28 am,35.93,52.72,1011.67,57.6,1006.0,24.0,40.0,42.0,0h 26m,3.0
20/3/2026,8:50:43 am,35.96,52.72,1011.65,55.76,989.0,25.0,39.0,41.0,0h 27m,3.0
20/3/2026,8:50:58 am,35.87,52.92,1011.66,52.07,1025.0,25.0,39.0,43.0,0h 27m,3.0
20/3/2026,8:51:13 am,35.89,52.92,1011.67,52.99,1027.0,25.0,38.0,43.0,0h 27m,3.0
20/3/2026,8:51:28 am,35.85,52.72,1011.61,55.3,1002.0,25.0,36.0,43.0,0h 27m,3.0
20/3/2026,8:51:43 am,35.84,52.72,1011.65,56.68,1012.0,24.0,37.0,41.0,0h 28m,3.0
20/3/2026,8:51:58 am,35.82,52.82,1011.65,53.45,986.0,24.0,38.0,43.0,0h 28m,3.0
20/3/2026,8:52:13 am,35.92,52.62,1011.69,57.6,1024.0,24.0,38.0,45.0,0h 28m,3.0
20/3/2026,8:52:28 am,35.99,52.43,1011.71,52.99,975.0,25.0,40.0,45.0,0h 28m,3.0
20/3/2026,8:52:43 am,35.97,52.43,1011.7,58.06,995.0,27.0,41.0,49.0,0h 29m,3.0
20/3/2026,8:52:58 am,36.05,52.31,1011.76,57.6,997.0,26.0,42.0,48.0,0h 29m,3.0
20/3/2026,8:53:13 am,36.08,52.31,1011.77,58.06,982.0,27.0,43.0,46.0,0h 29m,3.0
20/3/2026,8:53:28 am,36.15,52.21,1011.74,57.14,961.0,27.0,42.0,47.0,0h 29m,3.0
20/3/2026,8:53:43 am,36.13,53.18,1011.81,51.15,980.0,27.0,40.0,46.0,0h 30m,3.0
20/3/2026,8:53:58 am,36.16,52.31,1011.76,52.07,960.0,26.0,42.0,44.0,0h 30m,3.0
20/3/2026,8:54:13 am,36.19,52.01,1011.75,53.91,969.0,27.0,42.0,44.0,0h 30m,3.0
20/3/2026,8:54:28 am,36.16,52.11,1011.81,56.68,962.0,25.0,41.0,44.0,0h 30m,3.0
20/3/2026,8:54:43 am,36.07,52.31,1011.75,56.22,934.0,25.0,39.0,44.0,0h 31m,3.0
20/3/2026,8:54:58 am,36.17,52.21,1011.85,56.22,950.0,27.0,41.0,44.0,0h 31m,3.0
20/3/2026,8:55:13 am,36.2,52.11,1011.83,54.84,967.0,27.0,39.0,43.0,0h 31m,3.0
20/3/2026,8:55:28 am,36.2,52.11,1011.85,56.22,978.0,27.0,38.0,46.0,0h 31m,3.0
20/3/2026,8:55:43 am,36.25,52.11,1011.86,55.76,981.0,26.0,39.0,45.0,0h 32m,3.0
20/3/2026,8:55:58 am,36.25,52.11,1011.83,56.22,981.0,27.0,39.0,43.0,0h 32m,3.0
20/3/2026,8:56:13 am,36.28,51.99,1011.82,57.14,957.0,27.0,40.0,44.0,0h 32m,3.0
20/3/2026,8:56:28 am,36.28,51.99,1011.84,56.22,991.0,27.0,41.0,45.0,0h 32m,3.0
20/3/2026,8:56:43 am,36.25,52.11,1011.88,51.15,979.0,27.0,45.0,46.0,0h 33m,3.0
20/3/2026,8:56:58 am,36.17,52.4,1011.89,56.22,991.0,27.0,42.0,44.0,0h 33m,3.0
20/3/2026,8:57:13 am,36.31,52.09,1011.87,52.53,977.0,26.0,41.0,43.0,0h 33m,3.0
20/3/2026,8:57:28 am,36.29,51.99,1011.89,52.53,969.0,25.0,42.0,43.0,0h 33m,3.0
20/3/2026,8:57:43 am,36.23,52.21,1011.83,57.14,999.0,26.0,42.0,44.0,0h 34m,3.0
20/3/2026,8:57:58 am,36.27,52.11,1011.9,57.6,975.0,27.0,43.0,46.0,0h 34m,3.0
20/3/2026,8:58:13 am,36.22,52.21,1011.88,56.22,984.0,27.0,42.0,46.0,0h 34m,3.0
20/3/2026,8:58:28 am,36.25,52.31,1011.86,56.68,976.0,26.0,38.0,41.0,0h 34m,3.0
20/3/2026,8:58:43 am,36.32,52.19,1011.91,53.91,1015.0,27.0,39.0,42.0,0h 35m,3.0
20/3/2026,8:58:58 am,36.25,52.31,1011.87,57.14,988.0,27.0,41.0,45.0,0h 35m,3.0
20/3/2026,8:59:13 am,36.27,52.31,1011.91,56.22,1035.0,26.0,38.0,44.0,0h 35m,3.0
20/3/2026,8:59:28 am,36.31,52.09,1011.89,56.68,991.0,24.0,37.0,40.0,0h 35m,3.0
20/3/2026,8:59:43 am,36.38,52.09,1011.87,56.68,992.0,24.0,38.0,42.0,0h 36m,3.0
20/3/2026,8:59:58 am,36.27,52.21,1011.9,55.76,1017.0,25.0,39.0,42.0,0h 36m,3.0
20/3/2026,9:00:13 am,36.16,52.5,1011.85,58.52,979.0,24.0,39.0,40.0,0h 36m,3.0
20/3/2026,9:00:28 am,36.19,52.59,1011.91,54.37,1000.0,25.0,38.0,42.0,0h 36m,3.0
20/3/2026,9:00:43 am,36.22,52.5,1011.84,50.23,992.0,24.0,36.0,39.0,0h 37m,3.0
20/3/2026,9:00:58 am,36.16,52.59,1011.83,56.68,1029.0,24.0,37.0,38.0,0h 37m,3.0
20/3/2026,9:01:13 am,36.07,52.89,1011.86,57.14,992.0,25.0,37.0,44.0,0h 37m,3.0
20/3/2026,9:01:28 am,36.08,52.89,1011.9,57.14,1016.0,25.0,37.0,41.0,0h 37m,3.0
20/3/2026,9:01:43 am,36.23,52.69,1011.91,57.14,1020.0,23.0,36.0,41.0,0h 38m,3.0
20/3/2026,9:01:58 am,36.28,52.47,1011.87,57.14,1013.0,23.0,38.0,41.0,0h 38m,3.0
20/3/2026,9:02:13 am,36.31,52.37,1011.87,56.22,1048.0,23.0,36.0,38.0,0h 38m,3.0
20/3/2026,9:02:28 am,36.31,52.47,1011.89,54.84,997.0,23.0,38.0,41.0,0h 38m,3.0
20/3/2026,9:02:43 am,36.25,52.5,1011.91,56.22,1047.0,24.0,37.0,42.0,0h 39m,3.0
20/3/2026,9:02:58 am,36.13,52.59,1011.87,57.14,1007.0,24.0,37.0,41.0,0h 39m,3.0
20/3/2026,9:03:13 am,36.19,52.69,1011.91,54.84,1017.0,24.0,39.0,40.0,0h 39m,3.0
20/3/2026,9:03:28 am,36.16,52.69,1011.9,56.22,964.0,24.0,37.0,41.0,0h 39m,3.0
20/3/2026,9:03:43 am,36.15,52.69,1011.93,55.3,998.0,23.0,37.0,41.0,0h 40m,3.0
20/3/2026,9:03:58 am,36.22,52.69,1011.92,58.06,1023.0,23.0,37.0,41.0,0h 40m,3.0
20/3/2026,9:04:13 am,36.03,52.79,1011.91,55.3,985.0,23.0,37.0,40.0,0h 40m,3.0
20/3/2026,9:04:28 am,36.17,52.79,1011.89,57.6,1048.0,24.0,38.0,41.0,0h 40m,3.0
20/3/2026,9:04:43 am,36.13,52.69,1011.91,57.6,1023.0,24.0,38.0,40.0,0h 41m,3.0
20/3/2026,9:04:58 am,36.15,52.79,1011.95,55.76,1018.0,25.0,38.0,41.0,0h 41m,3.0
20/3/2026,9:05:13 am,36.07,52.79,1011.92,55.76,1004.0,25.0,39.0,41.0,0h 41m,3.0
20/3/2026,9:05:28 am,36.09,52.89,1011.91,56.22,1031.0,23.0,38.0,40.0,0h 41m,3.0
20/3/2026,9:05:43 am,36.09,52.89,1011.95,54.84,1042.0,24.0,40.0,40.0,0h 42m,3.0
20/3/2026,9:05:58 am,36.07,52.89,1011.91,55.3,1002.0,22.0,37.0,38.0,0h 42m,3.0
20/3/2026,9:06:13 am,36.13,52.89,1011.93,54.37,1102.0,22.0,36.0,39.0,0h 42m,3.0
20/3/2026,9:06:28 am,36.17,52.79,1011.96,55.76,1010.0,25.0,36.0,38.0,0h 42m,3.0
20/3/2026,9:06:43 am,36.16,52.79,1011.94,55.3,1008.0,23.0,36.0,40.0,0h 43m,3.0
20/3/2026,9:06:58 am,36.12,52.89,1011.93,54.37,996.0,25.0,37.0,40.0,0h 43m,3.0
20/3/2026,9:07:13 am,36.01,52.79,1011.94,54.84,1005.0,23.0,36.0,40.0,0h 43m,3.0
20/3/2026,9:07:28 am,36.13,52.89,1011.94,55.76,1027.0,23.0,35.0,44.0,0h 43m,3.0
20/3/2026,9:07:43 am,35.92,53.11,1011.96,53.91,991.0,22.0,34.0,43.0,0h 44m,3.0
20/3/2026,9:07:58 am,35.96,53.2,1011.94,55.76,1012.0,23.0,36.0,40.0,0h 44m,3.0
20/3/2026,9:08:13 am,36.03,53.18,1011.92,56.22,999.0,22.0,33.0,37.0,0h 44m,3.0
20/3/2026,9:08:28 am,35.99,53.2,1011.92,54.37,1004.0,23.0,36.0,38.0,0h 44m,3.0
20/3/2026,9:08:43 am,36.05,52.98,1011.91,58.98,1006.0,24.0,38.0,40.0,0h 45m,3.0
20/3/2026,9:08:58 am,35.94,53.2,1011.92,56.68,1024.0,23.0,37.0,40.0,0h 45m,3.0
20/3/2026,9:09:13 am,35.94,53.11,1011.92,55.76,1011.0,23.0,36.0,37.0,0h 45m,3.0
20/3/2026,9:09:28 am,35.89,53.5,1011.91,56.22,1015.0,22.0,34.0,38.0,0h 45m,3.0
20/3/2026,9:09:43 am,35.92,53.3,1011.9,57.6,1020.0,24.0,36.0,38.0,0h 46m,3.0
20/3/2026,9:09:58 am,35.84,53.4,1011.9,57.6,989.0,24.0,37.0,38.0,0h 46m,3.0
20/3/2026,9:10:13 am,35.92,53.3,1011.91,55.76,1021.0,24.0,40.0,43.0,0h 46m,3.0
20/3/2026,9:10:29 am,35.84,53.4,1011.93,55.3,991.0,24.0,38.0,42.0,0h 46m,3.0
20/3/2026,9:10:43 am,35.89,53.4,1011.88,55.3,1027.0,26.0,39.0,42.0,0h 47m,3.0
20/3/2026,9:10:58 am,35.93,53.3,1011.89,55.76,1000.0,26.0,39.0,41.0,0h 47m,3.0
20/3/2026,9:11:13 am,35.97,53.3,1011.86,56.68,1024.0,24.0,35.0,38.0,0h 47m,3.0
20/3/2026,9:11:28 am,35.94,53.3,1011.9,54.37,1025.0,23.0,34.0,39.0,0h 47m,3.0
20/3/2026,9:11:43 am,36.08,53.18,1011.92,53.91,997.0,24.0,35.0,40.0,0h 48m,3.0
20/3/2026,9:11:58 am,35.99,53.2,1011.92,55.76,1022.0,24.0,35.0,41.0,0h 48m,3.0
20/3/2026,9:12:13 am,36.03,53.18,1011.91,55.76,994.0,23.0,35.0,40.0,0h 48m,3.0
20/3/2026,9:12:28 am,35.97,53.4,1011.93,53.91,1027.0,23.0,35.0,40.0,0h 48m,3.0
20/3/2026,9:12:43 am,36.05,53.28,1011.88,53.91,989.0,24.0,34.0,38.0,0h 49m,3.0
20/3/2026,9:12:58 am,36.15,53.08,1011.93,54.37,1037.0,24.0,36.0,43.0,0h 49m,3.0
20/3/2026,9:13:13 am,36.08,53.08,1011.9,53.45,1011.0,22.0,34.0,40.0,0h 49m,3.0
20/3/2026,9:13:28 am,36.17,52.98,1011.88,52.99,1012.0,22.0,35.0,39.0,0h 49m,3.0
20/3/2026,9:13:43 am,36.2,52.98,1011.92,53.91,1004.0,24.0,38.0,40.0,0h 50m,3.0
20/3/2026,9:13:58 am,36.19,52.98,1011.88,54.37,1007.0,24.0,35.0,38.0,0h 50m,3.0
20/3/2026,9:14:13 am,36.13,53.08,1011.94,53.45,1012.0,24.0,35.0,38.0,0h 50m,3.0
20/3/2026,9:14:28 am,36.12,53.18,1011.92,58.06,993.0,25.0,36.0,39.0,0h 50m,3.0
20/3/2026,9:14:43 am,35.94,53.4,1011.95,52.99,983.0,25.0,39.0,43.0,0h 51m,3.0
20/3/2026,9:14:58 am,35.97,53.3,1011.94,53.45,994.0,23.0,39.0,41.0,0h 51m,3.0
20/3/2026,9:15:13 am,36.12,53.18,1011.93,56.22,1000.0,24.0,39.0,41.0,0h 51m,3.0
20/3/2026,9:15:28 am,36.19,52.98,1011.95,55.3,1042.0,25.0,36.0,39.0,0h 51m,3.0
20/3/2026,9:15:43 am,36.22,52.89,1011.94,54.84,963.0,25.0,36.0,39.0,0h 52m,3.0
20/3/2026,9:15:58 am,36.31,52.76,1011.96,54.37,991.0,24.0,36.0,37.0,0h 52m,3.0
20/3/2026,9:16:13 am,36.28,52.76,1011.97,53.91,990.0,23.0,36.0,37.0,0h 52m,3.0
20/3/2026,9:16:28 am,36.12,53.18,1011.95,55.76,1022.0,23.0,38.0,39.0,0h 52m,3.0
20/3/2026,9:16:43 am,36.15,52.98,1011.98,56.68,1003.0,21.0,35.0,39.0,0h 53m,3.0
20/3/2026,9:16:58 am,36.13,53.08,1011.97,53.45,1013.0,22.0,33.0,39.0,0h 53m,3.0
20/3/2026,9:17:13 am,36.09,52.98,1011.98,57.6,1038.0,23.0,36.0,41.0,0h 53m,3.0
20/3/2026,9:17:28 am,36.2,52.89,1011.97,55.3,1005.0,23.0,36.0,40.0,0h 53m,3.0
20/3/2026,9:17:43 am,36.25,52.89,1012.02,54.37,995.0,22.0,36.0,42.0,0h 54m,3.0
20/3/2026,9:17:58 am,36.37,52.67,1012.01,57.14,1089.0,25.0,37.0,40.0,0h 54m,3.0
20/3/2026,9:18:13 am,36.43,52.57,1011.98,54.84,1031.0,23.0,36.0,40.0,0h 54m,3.0
20/3/2026,9:18:28 am,36.41,52.57,1012.0,52.53,958.0,22.0,34.0,40.0,0h 54m,3.0
20/3/2026,9:18:43 am,36.41,52.47,1012.01,53.91,1001.0,23.0,33.0,39.0,0h 55m,3.0
20/3/2026,9:18:58 am,36.37,52.67,1011.98,52.99,955.0,23.0,36.0,40.0,0h 55m,3.0
20/3/2026,9:19:13 am,36.23,52.79,1012.0,53.45,986.0,23.0,35.0,40.0,0h 55m,3.0
20/3/2026,9:19:28 am,36.17,52.89,1011.98,52.53,975.0,23.0,34.0,41.0,0h 55m,3.0
20/3/2026,9:19:43 am,36.23,52.89,1011.99,51.61,973.0,25.0,36.0,39.0,0h 56m,3.0
20/3/2026,9:19:58 am,36.17,52.98,1011.97,50.69,986.0,24.0,35.0,39.0,0h 56m,3.0
20/3/2026,9:20:13 am,36.19,52.98,1011.98,52.99,1031.0,23.0,34.0,37.0,0h 56m,3.0
20/3/2026,9:20:28 am,36.25,52.98,1012.02,52.99,995.0,21.0,33.0,35.0,0h 56m,3.0
20/3/2026,9:20:43 am,36.23,52.89,1012.0,52.53,986.0,21.0,34.0,37.0,0h 57m,3.0
20/3/2026,9:20:58 am,36.15,53.08,1012.02,52.07,992.0,21.0,35.0,38.0,0h 57m,3.0
20/3/2026,9:21:13 am,36.12,53.18,1012.01,52.07,987.0,22.0,37.0,38.0,0h 57m,3.0
20/3/2026,9:21:28 am,36.19,53.18,1011.96,51.15,1007.0,23.0,35.0,37.0,0h 57m,3.0
20/3/2026,9:21:43 am,36.2,52.98,1012.02,51.61,1001.0,22.0,37.0,38.0,0h 58m,3.0
20/3/2026,9:21:58 am,36.2,53.18,1011.96,54.84,999.0,24.0,36.0,39.0,0h 58m,3.0
20/3/2026,9:22:13 am,36.27,53.08,1011.96,51.61,1031.0,24.0,36.0,38.0,0h 58m,3.0
20/3/2026,9:22:28 am,36.23,53.08,1012.01,51.61,992.0,25.0,40.0,42.0,0h 58m,3.0
20/3/2026,9:22:43 am,36.19,53.18,1011.97,50.69,1006.0,26.0,39.0,41.0,0h 59m,3.0
20/3/2026,9:22:58 am,36.2,53.08,1012.04,50.69,948.0,25.0,40.0,41.0,0h 59m,3.0
20/3/2026,9:23:13 am,36.23,53.08,1012.01,50.69,981.0,25.0,41.0,42.0,0h 59m,3.0
20/3/2026,9:23:28 am,36.17,53.08,1011.98,50.23,986.0,24.0,38.0,39.0,0h 59m,3.0
20/3/2026,9:23:43 am,36.29,53.06,1012.01,49.31,993.0,23.0,36.0,40.0,1h 0m,3.0
20/3/2026,9:23:58 am,36.19,53.18,1012.01,49.77,1001.0,23.0,37.0,39.0,1h 0m,3.0
20/3/2026,9:24:13 am,36.13,53.28,1012.02,49.31,998.0,22.0,39.0,40.0,1h 0m,3.0
20/3/2026,9:24:28 am,36.13,53.28,1011.98,50.69,1009.0,23.0,40.0,42.0,1h 0m,3.0
20/3/2026,9:24:43 am,36.07,53.38,1012.01,51.61,996.0,23.0,40.0,42.0,1h 1m,3.0
20/3/2026,9:24:58 am,36.08,53.28,1011.98,50.23,1027.0,24.0,39.0,42.0,1h 1m,3.0
20/3/2026,9:25:13 am,36.15,53.38,1011.99,51.61,1010.0,25.0,40.0,43.0,1h 1m,3.0
20/3/2026,9:25:28 am,36.12,53.18,1011.99,49.77,992.0,25.0,37.0,40.0,1h 1m,3.0
20/3/2026,9:25:43 am,36.13,53.28,1012.02,48.38,1018.0,24.0,37.0,39.0,1h 2m,3.0
20/3/2026,9:25:58 am,36.28,53.06,1012.01,48.84,955.0,23.0,37.0,40.0,1h 2m,3.0
20/3/2026,9:26:13 am,36.17,53.08,1012.04,48.84,998.0,23.0,37.0,38.0,1h 2m,3.0
20/3/2026,9:26:28 am,36.15,53.18,1012.06,48.84,1007.0,21.0,35.0,37.0,1h 2m,3.0
20/3/2026,9:26:43 am,36.23,53.18,1012.03,50.23,992.0,23.0,37.0,40.0,1h 3m,3.0
20/3/2026,9:26:58 am,36.17,53.28,1012.04,49.77,1027.0,25.0,37.0,42.0,1h 3m,3.0
20/3/2026,9:27:13 am,36.16,53.38,1011.98,47.92,997.0,24.0,36.0,40.0,1h 3m,3.0
20/3/2026,9:27:28 am,36.17,53.18,1011.97,47.92,1014.0,25.0,36.0,41.0,1h 3m,3.0
20/3/2026,9:27:43 am,36.08,53.47,1011.96,52.53,1018.0,26.0,37.0,40.0,1h 4m,3.0
20/3/2026,9:27:58 am,36.07,53.47,1012.01,49.31,987.0,26.0,38.0,42.0,1h 4m,3.0
20/3/2026,9:28:13 am,36.09,53.47,1011.97,51.15,1012.0,26.0,37.0,42.0,1h 4m,3.0
20/3/2026,9:28:28 am,36.13,53.38,1011.99,48.84,985.0,25.0,36.0,42.0,1h 4m,3.0
20/3/2026,9:28:43 am,36.17,53.38,1011.96,48.84,982.0,24.0,35.0,39.0,1h 5m,3.0
20/3/2026,9:28:58 am,36.09,53.47,1011.97,48.84,987.0,24.0,37.0,39.0,1h 5m,3.0
20/3/2026,9:29:13 am,36.05,53.38,1011.97,49.31,958.0,24.0,39.0,41.0,1h 5m,3.0
20/3/2026,9:29:28 am,36.15,53.38,1012.01,50.23,958.0,23.0,38.0,40.0,1h 5m,3.0
20/3/2026,9:29:43 am,36.17,53.38,1011.96,51.61,992.0,22.0,38.0,41.0,1h 6m,3.0
20/3/2026,9:29:58 am,36.13,53.38,1011.98,48.38,989.0,23.0,36.0,39.0,1h 6m,3.0
20/3/2026,9:30:13 am,36.17,53.38,1011.96,47.92,981.0,26.0,38.0,43.0,1h 6m,3.0
20/3/2026,9:30:28 am,36.07,53.47,1011.99,47.46,983.0,24.0,36.0,39.0,1h 6m,3.0
20/3/2026,9:30:43 am,36.13,53.38,1011.99,47.0,972.0,24.0,38.0,41.0,1h 7m,3.0
20/3/2026,9:30:58 am,36.17,53.28,1011.98,48.84,979.0,24.0,36.0,39.0,1h 7m,3.0
20/3/2026,9:31:13 am,36.07,53.38,1011.92,48.38,995.0,24.0,37.0,40.0,1h 7m,3.0
20/3/2026,9:31:28 am,36.03,53.38,1012.0,47.0,968.0,24.0,37.0,41.0,1h 7m,3.0
20/3/2026,9:31:43 am,35.97,53.5,1011.96,47.46,975.0,27.0,39.0,42.0,1h 8m,3.0
20/3/2026,9:31:58 am,36.08,53.38,1011.99,48.38,974.0,26.0,41.0,44.0,1h 8m,3.0
20/3/2026,9:32:13 am,36.08,53.38,1011.96,47.92,976.0,25.0,39.0,44.0,1h 8m,3.0
20/3/2026,9:32:28 am,36.05,53.28,1012.01,48.84,977.0,27.0,38.0,42.0,1h 8m,3.0
20/3/2026,9:32:44 am,36.09,53.28,1011.99,47.92,971.0,25.0,37.0,38.0,1h 9m,3.0
20/3/2026,9:32:58 am,36.16,53.08,1012.0,48.84,980.0,24.0,38.0,40.0,1h 9m,3.0
20/3/2026,9:33:13 am,36.27,52.89,1012.0,48.38,960.0,23.0,38.0,38.0,1h 9m,3.0
20/3/2026,9:33:28 am,36.07,53.08,1012.0,47.46,986.0,22.0,37.0,39.0,1h 9m,3.0
20/3/2026,9:33:43 am,36.0,53.3,1011.98,45.62,974.0,23.0,39.0,43.0,1h 10m,3.0
20/3/2026,9:33:58 am,36.19,53.18,1011.96,48.38,961.0,22.0,36.0,41.0,1h 10m,3.0
20/3/2026,9:34:13 am,36.13,53.08,1011.97,45.16,965.0,23.0,37.0,40.0,1h 10m,3.0
20/3/2026,9:34:28 am,36.09,53.28,1011.97,45.16,961.0,23.0,37.0,43.0,1h 10m,3.0
20/3/2026,9:34:43 am,36.13,53.18,1011.98,44.7,980.0,22.0,36.0,42.0,1h 11m,3.0
20/3/2026,9:34:58 am,35.99,53.2,1011.99,45.62,976.0,22.0,35.0,41.0,1h 11m,3.0
20/3/2026,9:35:13 am,36.12,53.28,1011.96,45.62,1022.0,23.0,36.0,39.0,1h 11m,3.0
20/3/2026,9:35:28 am,36.07,53.28,1012.03,45.16,986.0,25.0,37.0,41.0,1h 11m,3.0
20/3/2026,9:35:43 am,35.94,53.3,1011.99,45.16,1002.0,23.0,37.0,41.0,1h 12m,3.0
20/3/2026,9:35:58 am,36.05,53.38,1011.97,43.78,979.0,25.0,37.0,41.0,1h 12m,3.0
20/3/2026,9:36:28 am,36.05,53.18,1011.98,44.24,971.0,25.0,38.0,39.0,1h 12m,3.0
20/3/2026,9:36:43 am,36.22,52.98,1011.94,47.92,991.0,25.0,37.0,39.0,1h 13m,3.0
20/3/2026,9:36:58 am,36.2,53.08,1011.92,44.24,995.0,24.0,36.0,38.0,1h 13m,3.0
20/3/2026,9:37:13 am,36.15,53.08,1011.92,44.7,989.0,24.0,40.0,41.0,1h 13m,3.0
20/3/2026,9:37:28 am,36.19,53.08,1011.9,44.24,999.0,24.0,37.0,39.0,1h 13m,3.0
20/3/2026,9:37:43 am,36.08,52.98,1011.93,43.78,967.0,23.0,35.0,39.0,1h 14m,3.0
20/3/2026,9:37:58 am,36.15,53.18,1011.95,42.85,1034.0,22.0,33.0,37.0,1h 14m,3.0
20/3/2026,9:38:13 am,36.12,53.28,1011.93,43.78,988.0,24.0,36.0,39.0,1h 14m,3.0
20/3/2026,9:38:28 am,36.05,53.28,1011.95,44.24,998.0,24.0,36.0,41.0,1h 14m,3.0
20/3/2026,9:38:43 am,35.97,53.4,1011.96,44.24,985.0,25.0,37.0,39.0,1h 15m,3.0
20/3/2026,9:38:58 am,35.9,53.59,1011.91,44.24,979.0,24.0,36.0,40.0,1h 15m,3.0
20/3/2026,9:39:13 am,35.89,53.69,1011.92,43.32,998.0,25.0,36.0,40.0,1h 15m,3.0
20/3/2026,9:39:28 am,35.9,53.59,1011.95,42.85,970.0,24.0,34.0,36.0,1h 15m,3.0
20/3/2026,9:39:43 am,35.9,53.69,1011.98,44.7,989.0,24.0,36.0,39.0,1h 16m,3.0
20/3/2026,9:39:58 am,36.03,53.47,1011.92,44.24,974.0,24.0,38.0,40.0,1h 16m,3.0
20/3/2026,9:40:13 am,36.03,53.38,1011.95,42.39,992.0,24.0,38.0,42.0,1h 16m,3.0
20/3/2026,9:40:28 am,36.0,53.4,1011.92,43.78,994.0,25.0,38.0,45.0,1h 16m,3.0
20/3/2026,9:40:43 am,35.9,53.4,1011.94,46.08,990.0,23.0,35.0,42.0,1h 17m,3.0
20/3/2026,9:40:58 am,36.03,53.38,1011.94,42.39,998.0,23.0,35.0,38.0,1h 17m,3.0
20/3/2026,9:41:13 am,36.03,53.28,1011.94,42.39,943.0,22.0,36.0,39.0,1h 17m,3.0
20/3/2026,9:41:28 am,36.0,53.4,1011.93,42.39,987.0,23.0,38.0,40.0,1h 17m,3.0
20/3/2026,9:41:43 am,36.0,53.3,1011.92,43.32,981.0,24.0,38.0,40.0,1h 18m,3.0
20/3/2026,9:41:58 am,36.08,53.38,1011.94,41.47,1017.0,24.0,39.0,41.0,1h 18m,3.0
20/3/2026,9:42:13 am,36.07,53.28,1011.96,41.93,1028.0,24.0,38.0,40.0,1h 18m,3.0
20/3/2026,9:42:28 am,36.05,53.28,1011.96,41.93,979.0,24.0,37.0,41.0,1h 18m,3.0
20/3/2026,9:42:43 am,36.0,53.4,1011.93,41.47,989.0,24.0,38.0,40.0,1h 19m,3.0
20/3/2026,9:42:58 am,36.12,53.28,1011.96,42.39,985.0,24.0,37.0,40.0,1h 19m,3.0
20/3/2026,9:43:13 am,35.94,53.4,1011.93,42.39,989.0,24.0,36.0,38.0,1h 19m,3.0
20/3/2026,9:43:28 am,36.03,53.47,1011.94,45.16,990.0,24.0,35.0,41.0,1h 19m,3.0
20/3/2026,9:43:43 am,35.99,53.5,1011.95,41.93,986.0,24.0,38.0,40.0,1h 20m,3.0
20/3/2026,9:43:58 am,36.05,53.38,1011.96,44.24,986.0,24.0,37.0,40.0,1h 20m,3.0
20/3/2026,9:44:13 am,36.03,53.38,1011.94,41.01,983.0,23.0,36.0,40.0,1h 20m,3.0
20/3/2026,9:44:28 am,36.09,53.38,1011.91,41.93,1004.0,22.0,32.0,37.0,1h 20m,3.0
20/3/2026,9:44:43 am,35.99,53.4,1011.9,40.55,987.0,23.0,35.0,35.0,1h 21m,3.0
20/3/2026,9:44:58 am,36.07,53.47,1011.93,45.16,966.0,24.0,36.0,36.0,1h 21m,3.0
20/3/2026,9:45:13 am,36.09,53.28,1011.92,42.39,981.0,23.0,36.0,38.0,1h 21m,3.0
20/3/2026,9:45:28 am,36.16,53.18,1011.95,46.08,1004.0,22.0,34.0,37.0,1h 21m,3.0
20/3/2026,9:45:43 am,36.22,52.98,1011.97,41.01,981.0,24.0,36.0,41.0,1h 22m,3.0
20/3/2026,9:45:58 am,36.22,53.08,1011.93,41.93,994.0,23.0,34.0,41.0,1h 22m,3.0
20/3/2026,9:46:13 am,36.23,52.98,1011.92,40.55,992.0,23.0,35.0,38.0,1h 22m,3.0
20/3/2026,9:46:29 am,36.22,52.98,1011.97,42.39,986.0,23.0,34.0,36.0,1h 22m,3.0
20/3/2026,9:46:43 am,36.17,53.08,1011.9,42.85,987.0,22.0,35.0,36.0,1h 23m,3.0
20/3/2026,9:46:58 am,36.2,53.08,1011.9,39.63,980.0,23.0,37.0,37.0,1h 23m,3.0
20/3/2026,9:47:13 am,36.0,53.3,1011.93,40.55,1017.0,23.0,36.0,37.0,1h 23m,3.0
20/3/2026,9:47:28 am,36.13,53.18,1011.93,40.55,1012.0,23.0,35.0,38.0,1h 23m,3.0
20/3/2026,9:47:43 am,36.07,53.18,1011.94,41.01,990.0,22.0,35.0,38.0,1h 24m,3.0
20/3/2026,9:47:58 am,36.13,53.38,1011.93,40.09,977.0,22.0,33.0,36.0,1h 24m,3.0
20/3/2026,9:48:13 am,36.17,53.18,1011.94,41.01,996.0,21.0,34.0,36.0,1h 24m,3.0
20/3/2026,9:48:28 am,36.12,53.18,1011.94,41.01,981.0,22.0,34.0,37.0,1h 24m,3.0
20/3/2026,9:48:43 am,36.12,53.28,1011.92,37.32,1002.0,23.0,34.0,37.0,1h 25m,3.0
20/3/2026,9:48:58 am,36.28,52.96,1011.92,41.47,994.0,22.0,33.0,37.0,1h 25m,3.0
20/3/2026,9:49:13 am,36.38,52.67,1011.93,40.09,1040.0,24.0,36.0,39.0,1h 25m,3.0
20/3/2026,9:49:28 am,36.37,52.76,1011.92,39.63,1004.0,24.0,35.0,38.0,1h 25m,3.0
20/3/2026,9:49:43 am,36.39,52.86,1011.91,39.63,1011.0,23.0,32.0,36.0,1h 26m,3.0
20/3/2026,9:49:58 am,36.38,52.47,1011.91,37.79,1005.0,22.0,33.0,36.0,1h 26m,3.0
20/3/2026,9:50:13 am,36.46,52.47,1011.95,39.17,1007.0,22.0,33.0,38.0,1h 26m,3.0
20/3/2026,9:50:28 am,36.49,52.37,1011.92,39.63,995.0,22.0,34.0,37.0,1h 26m,3.0
20/3/2026,9:50:43 am,36.35,52.67,1011.94,39.17,994.0,21.0,32.0,35.0,1h 27m,3.0
20/3/2026,9:50:58 am,36.34,52.76,1011.9,40.09,998.0,21.0,32.0,37.0,1h 27m,3.0
20/3/2026,9:51:13 am,36.35,52.57,1011.96,39.63,997.0,22.0,34.0,40.0,1h 27m,3.0
20/3/2026,9:51:28 am,36.29,52.67,1011.94,39.17,1012.0,21.0,35.0,39.0,1h 27m,3.0
20/3/2026,9:51:43 am,36.44,52.47,1011.94,37.32,995.0,21.0,34.0,36.0,1h 28m,3.0
20/3/2026,9:51:58 am,36.35,52.57,1011.95,37.32,992.0,22.0,37.0,39.0,1h 28m,3.0
20/3/2026,9:52:13 am,36.25,52.69,1011.91,37.32,1021.0,21.0,34.0,37.0,1h 28m,3.0
20/3/2026,9:52:28 am,36.38,52.47,1011.94,39.63,990.0,21.0,34.0,36.0,1h 28m,3.0
20/3/2026,9:52:43 am,36.29,52.57,1011.94,37.79,1008.0,21.0,35.0,36.0,1h 29m,3.0
20/3/2026,9:52:58 am,36.22,52.79,1011.94,38.71,984.0,20.0,34.0,38.0,1h 29m,3.0
20/3/2026,9:53:13 am,36.22,52.69,1011.96,39.17,1033.0,22.0,35.0,39.0,1h 29m,3.0
20/3/2026,9:53:28 am,36.27,52.69,1011.93,41.01,990.0,22.0,34.0,37.0,1h 29m,3.0
20/3/2026,9:53:43 am,36.32,52.67,1011.93,38.25,1033.0,21.0,36.0,36.0,1h 30m,3.0
20/3/2026,9:53:58 am,36.32,52.57,1011.94,39.17,984.0,21.0,35.0,37.0,1h 30m,3.0
20/3/2026,9:54:13 am,36.31,52.67,1011.92,38.25,1036.0,22.0,36.0,38.0,1h 30m,3.0
20/3/2026,9:54:28 am,36.35,52.47,1011.91,38.25,1040.0,21.0,32.0,35.0,1h 30m,3.0
20/3/2026,9:54:43 am,36.37,52.28,1011.92,36.86,990.0,22.0,36.0,39.0,1h 31m,3.0
20/3/2026,9:54:58 am,36.43,52.28,1011.91,38.25,1029.0,23.0,35.0,40.0,1h 31m,3.0
20/3/2026,9:55:13 am,36.35,52.47,1011.9,38.71,983.0,21.0,33.0,37.0,1h 31m,3.0
20/3/2026,9:55:28 am,36.31,52.37,1011.92,37.32,960.0,21.0,33.0,37.0,1h 31m,3.0
20/3/2026,9:55:43 am,36.38,52.37,1011.87,36.86,998.0,20.0,31.0,35.0,1h 32m,3.0
20/3/2026,9:55:58 am,36.47,52.19,1011.93,36.86,1017.0,21.0,34.0,38.0,1h 32m,3.0
20/3/2026,9:56:13 am,36.47,52.19,1011.92,37.79,1010.0,21.0,36.0,39.0,1h 32m,3.0
20/3/2026,9:56:28 am,36.51,51.97,1011.92,38.25,1016.0,21.0,35.0,36.0,1h 32m,3.0
20/3/2026,9:56:44 am,36.5,51.89,1011.88,41.47,1026.0,20.0,33.0,35.0,1h 33m,3.0
20/3/2026,9:56:58 am,36.53,51.97,1011.9,40.55,1002.0,19.0,32.0,34.0,1h 33m,3.0
20/3/2026,9:57:13 am,36.5,51.99,1011.9,38.71,1033.0,22.0,35.0,39.0,1h 33m,3.0
20/3/2026,9:57:28 am,36.56,51.87,1011.95,35.94,999.0,23.0,36.0,40.0,1h 33m,3.0
20/3/2026,9:57:43 am,36.39,52.09,1011.9,37.32,1004.0,22.0,34.0,37.0,1h 34m,3.0
20/3/2026,9:57:58 am,36.44,52.09,1011.9,36.4,1014.0,22.0,34.0,34.0,1h 34m,3.0
20/3/2026,9:58:13 am,36.5,51.99,1011.89,36.4,1000.0,23.0,33.0,35.0,1h 34m,3.0
20/3/2026,9:58:28 am,36.5,51.99,1011.91,35.02,988.0,21.0,32.0,36.0,1h 34m,3.0
20/3/2026,9:58:43 am,36.56,52.06,1011.91,36.4,1023.0,22.0,33.0,37.0,1h 35m,3.0
20/3/2026,9:58:58 am,36.59,51.87,1011.9,37.79,1001.0,21.0,33.0,36.0,1h 35m,3.0
20/3/2026,9:59:13 am,36.72,51.67,1011.94,37.32,1010.0,21.0,33.0,35.0,1h 35m,3.0
20/3/2026,9:59:28 am,36.78,51.65,1011.93,38.25,1010.0,22.0,33.0,35.0,1h 35m,3.0
20/3/2026,9:59:43 am,36.75,51.48,1011.89,36.4,1013.0,21.0,33.0,35.0,1h 36m,3.0
20/3/2026,9:59:58 am,36.73,51.67,1011.92,37.32,1008.0,22.0,34.0,36.0,1h 36m,3.0
20/3/2026,10:00:13 am,36.71,51.48,1011.93,35.02,1013.0,22.0,35.0,36.0,1h 36m,3.0
20/3/2026,10:00:28 am,36.78,51.35,1011.95,36.86,1019.0,22.0,33.0,35.0,1h 36m,3.0
20/3/2026,10:00:43 am,36.73,51.28,1011.94,35.02,1000.0,22.0,36.0,39.0,1h 37m,3.0
20/3/2026,10:00:59 am,36.68,51.48,1011.89,35.48,1025.0,21.0,35.0,41.0,1h 37m,3.0
20/3/2026,10:01:13 am,36.71,51.48,1011.93,34.1,1000.0,21.0,34.0,38.0,1h 37m,3.0
20/3/2026,10:01:28 am,36.75,51.48,1011.92,35.94,980.0,22.0,33.0,39.0,1h 37m,3.0
20/3/2026,10:01:44 am,36.65,51.48,1011.95,34.56,997.0,22.0,36.0,40.0,1h 38m,3.0
20/3/2026,10:01:58 am,36.6,51.67,1011.93,34.1,1051.0,22.0,37.0,37.0,1h 38m,3.0
20/3/2026,10:02:13 am,36.57,51.67,1011.93,33.64,999.0,21.0,35.0,37.0,1h 38m,3.0
20/3/2026,10:02:28 am,36.51,51.87,1011.93,35.02,1054.0,22.0,36.0,38.0,1h 38m,3.0
20/3/2026,10:02:43 am,36.38,51.99,1011.94,34.56,1009.0,21.0,33.0,36.0,1h 39m,3.0
20/3/2026,10:02:58 am,36.5,51.99,1011.96,33.18,1051.0,21.0,33.0,38.0,1h 39m,3.0
20/3/2026,10:03:13 am,36.46,51.79,1011.92,33.18,989.0,21.0,34.0,36.0,1h 39m,3.0
20/3/2026,10:03:28 am,36.53,51.87,1011.86,34.1,1013.0,21.0,35.0,38.0,1h 39m,3.0
20/3/2026,10:03:43 am,36.49,51.89,1011.92,34.56,988.0,23.0,36.0,40.0,1h 40m,3.0
20/3/2026,10:03:58 am,36.6,51.67,1011.93,33.64,1004.0,24.0,37.0,40.0,1h 40m,3.0
20/3/2026,10:04:13 am,36.46,51.7,1011.92,34.1,977.0,24.0,37.0,41.0,1h 40m,3.0
20/3/2026,10:04:28 am,36.57,51.48,1011.93,34.56,983.0,23.0,36.0,40.0,1h 40m,3.0
20/3/2026,10:04:43 am,36.59,51.38,1011.93,33.18,968.0,24.0,38.0,42.0,1h 41m,3.0
20/3/2026,10:04:58 am,36.57,51.77,1011.95,34.56,984.0,22.0,36.0,41.0,1h 41m,3.0
20/3/2026,10:05:13 am,36.54,51.57,1011.99,33.18,972.0,24.0,39.0,44.0,1h 41m,3.0
20/3/2026,10:05:28 am,36.57,51.67,1011.92,33.18,973.0,24.0,38.0,42.0,1h 41m,3.0
20/3/2026,10:05:43 am,36.5,51.6,1011.91,32.72,989.0,25.0,37.0,43.0,1h 42m,3.0
20/3/2026,10:05:58 am,36.57,51.77,1011.91,33.64,959.0,24.0,35.0,42.0,1h 42m,3.0
20/3/2026,10:06:13 am,36.64,51.48,1011.92,32.72,984.0,25.0,38.0,42.0,1h 42m,3.0
20/3/2026,10:06:28 am,36.72,51.38,1011.91,34.56,962.0,25.0,37.0,40.0,1h 42m,3.0
20/3/2026,10:06:43 am,36.57,51.38,1011.94,33.18,980.0,24.0,36.0,40.0,1h 43m,3.0
20/3/2026,10:06:58 am,36.59,51.57,1011.92,32.26,954.0,24.0,36.0,42.0,1h 43m,3.0
20/3/2026,10:07:14 am,36.66,51.48,1011.9,32.26,968.0,24.0,36.0,42.0,1h 43m,3.0
20/3/2026,10:08:22 am,39.64870575221239,46.06308141657539,953.6609984984987,124.45832055494705,792.1220238095239,26.85773273273273,40.10478276743337,46.80555555555556,0h 0m,2.0
20/3/2026,10:10:20 am,39.64870575221239,46.06308141657539,953.6609984984987,124.45832055494705,792.1220238095239,26.85773273273273,40.10478276743337,46.80555555555556,0h 2m,2.0
20/3/2026,10:12:19 am,39.64870575221239,46.06308141657539,953.6609984984987,124.45832055494705,792.1220238095239,26.85773273273273,40.10478276743337,46.80555555555556,0h 4m,2.0
20/3/2026,10:14:17 am,39.64870575221239,46.06308141657539,953.6609984984987,124.45832055494705,792.1220238095239,26.85773273273273,40.10478276743337,46.80555555555556,0h 6m,2.0
20/3/2026,10:16:16 am,39.64870575221239,46.06308141657539,953.6609984984987,124.45832055494705,792.1220238095239,26.85773273273273,40.10478276743337,46.80555555555556,0h 8m,2.0
20/3/2026,10:18:14 am,39.64870575221239,46.06308141657539,953.6609984984987,124.45832055494705,792.1220238095239,26.85773273273273,40.10478276743337,46.80555555555556,0h 10m,2.0
20/3/2026,10:20:46 am,0.0,0.0,0.0,0.0,1001.0,24.0,37.0,39.0,0h 0m,2.0
20/3/2026,10:22:42 am,0.0,0.0,0.0,0.0,1013.0,24.0,39.0,41.0,0h 2m,2.0
20/3/2026,10:24:38 am,0.0,0.0,0.0,0.0,1019.0,25.0,37.0,41.0,0h 4m,2.0
20/3/2026,10:26:35 am,0.0,0.0,0.0,0.0,1009.0,25.0,38.0,40.0,0h 6m,2.0
20/3/2026,10:28:31 am,0.0,0.0,0.0,0.0,994.0,23.0,35.0,37.0,0h 8m,2.0
20/3/2026,10:31:12 am,36.94,50.58,1011.89,24.88,991.0,22.0,34.0,37.0,0h 0m,
20/3/2026,10:33:08 am,36.59,51.57,1011.87,24.88,990.0,23.0,37.0,39.0,0h 2m,
20/3/2026,10:35:03 am,36.37,51.99,1011.86,22.58,993.0,21.0,34.0,35.0,0h 4m,
20/3/2026,10:36:59 am,36.41,52.09,1011.85,22.58,983.0,21.0,32.0,34.0,0h 6m,
20/3/2026,10:38:55 am,36.56,51.87,1011.79,20.74,994.0,22.0,34.0,38.0,0h 8m,
20/3/2026,10:40:51 am,36.75,51.67,1011.74,20.28,1019.0,20.0,33.0,36.0,0h 10m,
20/3/2026,10:42:47 am,36.57,51.87,1011.68,19.35,1015.0,20.0,31.0,35.0,0h 12m,
20/3/2026,10:44:43 am,36.66,51.77,1011.66,19.35,1023.0,22.0,34.0,38.0,0h 14m,
20/3/2026,10:46:39 am,36.87,51.35,1011.63,18.43,1017.0,20.0,30.0,34.0,0h 16m,
20/3/2026,10:48:08 am,36.73,51.48,1011.6,17.51,1034.0,19.0,32.0,36.0,0h 0m,3.0
20/3/2026,10:50:03 am,36.76,51.48,1011.58,18.43,1018.0,20.0,32.0,35.0,0h 2m,3.0
20/3/2026,10:52:00 am,36.69,51.57,1011.56,17.97,990.0,19.0,31.0,32.0,0h 4m,3.0
20/3/2026,10:53:55 am,36.95,51.06,1011.56,16.13,1005.0,19.0,31.0,32.0,0h 6m,3.0
20/3/2026,10:55:51 am,36.6,51.57,1011.55,15.67,1012.0,18.0,29.0,33.0,0h 8m,3.0
20/3/2026,10:57:47 am,36.46,52.37,1011.46,17.97,1051.0,18.0,28.0,32.0,0h 10m,3.0
20/3/2026,10:59:43 am,36.47,52.96,1011.46,18.89,1071.0,19.0,31.0,34.0,0h 12m,3.0
20/3/2026,11:01:39 am,36.46,52.76,1011.42,17.51,1061.0,20.0,30.0,32.0,0h 14m,3.0
20/3/2026,11:03:34 am,36.69,52.25,1011.39,16.59,1069.0,19.0,29.0,33.0,0h 16m,3.0
20/3/2026,11:07:50 am,36.8,52.42,1011.34,15.21,1048.0,19.0,29.0,31.0,0h 20m,3.0
20/3/2026,11:14:12 am,37.31,51.31,1011.32,16.59,1071.0,20.0,30.0,33.0,0h 26m,3.0
20/3/2026,11:16:08 am,35.75,53.11,1011.21,17.05,908.0,22.0,35.0,38.0,0h 28m,3.0
20/3/2026,11:34:27 am,38.18,46.87,1010.98,15.21,871.0,17.0,27.0,29.0,0h 2m,3.0
20/3/2026,11:43:10 am,38.26,45.51,1010.83,14.75,779.0,18.0,29.0,31.0,0h 11m,3.0
20/3/2026,11:51:53 am,37.37,48.59,1010.71,88.93,500.0,5.0,5.0,16.0,0h 2m,3.0
20/3/2026,11:53:53 am,37.64,47.98,1010.72,129.02,749.0,23.0,37.0,39.0,0h 4m,3.0
20/3/2026,11:55:52 am,37.57,48.27,1010.74,131.79,751.0,24.0,37.0,40.0,0h 6m,3.0
20/3/2026,11:57:52 am,37.46,48.39,1010.75,124.42,745.0,21.0,34.0,39.0,0h 8m,3.0
20/3/2026,11:59:52 am,37.32,48.2,1010.79,145.15,712.0,22.0,37.0,40.0,0h 10m,3.0
20/3/2026,12:01:52 pm,37.4,47.23,1010.77,146.07,690.0,22.0,35.0,38.0,0h 12m,3.0
20/3/2026,12:03:53 pm,37.15,47.74,1010.75,141.93,716.0,22.0,34.0,37.0,0h 14m,3.0
20/3/2026,12:05:52 pm,37.51,47.13,1010.72,138.24,683.0,22.0,34.0,40.0,0h 16m,3.0
20/3/2026,12:07:52 pm,37.43,47.42,1010.67,134.55,701.0,22.0,36.0,38.0,0h 18m,3.0
20/3/2026,12:09:52 pm,37.02,48.64,1010.63,83.4,721.0,24.0,35.0,40.0,0h 20m,3.0
20/3/2026,12:11:51 pm,36.68,48.75,1010.57,132.25,677.0,24.0,38.0,42.0,0h 22m,3.0
20/3/2026,12:13:50 pm,36.29,49.85,1010.53,84.33,692.0,25.0,37.0,41.0,0h 24m,3.0
20/3/2026,12:15:53 pm,36.16,50.07,1010.46,53.45,694.0,23.0,36.0,39.0,0h 26m,3.0
20/3/2026,12:17:53 pm,36.22,48.9,1010.38,73.73,681.0,24.0,38.0,39.0,0h 28m,3.0
20/3/2026,12:19:54 pm,36.35,47.52,1010.42,53.91,690.0,22.0,36.0,42.0,0h 30m,3.0
20/3/2026,12:21:55 pm,36.53,48.95,1010.39,73.27,682.0,22.0,37.0,38.0,0h 32m,3.0
20/3/2026,12:23:56 pm,36.27,48.61,1010.37,60.83,667.0,25.0,36.0,40.0,0h 34m,3.0
20/3/2026,3:16:15 pm,31.44,63.39,1007.27,101.38,500.0,6.0,13.0,13.0,0h 1m,3.0
20/3/2026,3:18:13 pm,35.18,53.28,1007.32,107.37,681.0,29.0,46.0,49.0,0h 3m,3.0
20/3/2026,3:20:40 pm,35.59,52.06,1007.27,100.45,652.0,29.0,43.0,50.0,0h 6m,3.0
20/3/2026,3:22:37 pm,36.38,50.63,1007.17,3002.57,628.0,29.0,43.0,48.0,0h 8m,3.0
20/3/2026,3:24:35 pm,36.53,50.31,1007.19,2973.08,641.0,27.0,42.0,46.0,0h 10m,3.0
20/3/2026,3:26:33 pm,36.66,49.73,1007.14,2941.29,644.0,28.0,40.0,46.0,0h 12m,3.0
20/3/2026,3:28:31 pm,36.65,49.82,1007.12,2900.74,611.0,30.0,43.0,51.0,0h 14m,3.0
20/3/2026,3:30:30 pm,36.71,49.73,1007.09,2875.39,631.0,28.0,42.0,48.0,0h 16m,3.0
20/3/2026,3:32:28 pm,36.59,50.31,1007.1,2852.35,655.0,28.0,44.0,48.0,0h 18m,3.0
20/3/2026,3:34:27 pm,36.64,49.82,1007.11,2792.91,646.0,27.0,41.0,46.0,0h 20m,3.0
20/3/2026,3:36:25 pm,37.02,49.41,1007.03,2726.55,642.0,27.0,41.0,44.0,0h 22m,3.0
20/3/2026,3:38:23 pm,36.9,49.12,1007.08,2714.11,643.0,26.0,41.0,48.0,0h 24m,3.0
20/3/2026,3:40:20 pm,37.12,48.9,1007.01,2695.22,635.0,27.0,40.0,44.0,0h 26m,3.0
20/3/2026,3:42:18 pm,37.62,48.27,1007.04,2663.88,634.0,27.0,40.0,44.0,0h 28m,3.0
20/3/2026,3:44:16 pm,37.5,48.2,1006.9,2635.32,624.0,26.0,38.0,42.0,0h 30m,3.0
20/3/2026,3:46:14 pm,37.88,47.86,1006.97,2627.02,626.0,26.0,42.0,46.0,0h 32m,3.0
20/3/2026,3:48:12 pm,37.63,48.08,1006.9,2605.82,612.0,27.0,43.0,48.0,0h 34m,3.0
20/3/2026,3:50:10 pm,37.59,48.18,1006.85,2549.15,636.0,27.0,40.0,47.0,0h 36m,3.0
20/3/2026,3:52:08 pm,37.56,48.47,1006.82,2530.25,610.0,28.0,44.0,48.0,0h 38m,3.0
20/3/2026,3:54:06 pm,37.44,47.62,1006.84,2505.37,634.0,30.0,45.0,48.0,0h 40m,3.0
20/3/2026,3:56:04 pm,37.57,47.79,1006.8,2487.86,635.0,35.0,51.0,55.0,0h 42m,3.0
20/3/2026,3:58:02 pm,37.63,47.69,1006.74,2480.03,658.0,37.0,53.0,64.0,0h 44m,3.0
20/3/2026,4:00:00 pm,37.74,48.08,1006.74,2468.04,634.0,35.0,54.0,57.0,0h 46m,3.0
20/3/2026,4:01:58 pm,37.78,47.69,1006.78,2461.13,621.0,35.0,53.0,61.0,0h 48m,3.0
20/3/2026,4:03:56 pm,37.55,48.18,1006.83,2419.2,650.0,33.0,51.0,58.0,0h 50m,3.0
20/3/2026,4:05:54 pm,37.7,48.08,1006.89,2421.96,640.0,34.0,52.0,56.0,0h 52m,3.0
20/3/2026,4:07:52 pm,37.24,49.77,1006.89,2392.01,641.0,33.0,52.0,61.0,0h 54m,3.0
20/3/2026,4:09:49 pm,37.24,50.16,1006.86,2371.74,655.0,33.0,49.0,56.0,0h 56m,3.0
20/3/2026,4:11:47 pm,37.06,50.26,1006.78,2333.95,651.0,32.0,49.0,53.0,0h 58m,3.0
20/3/2026,4:13:45 pm,37.09,50.74,1006.82,2320.59,643.0,30.0,46.0,50.0,1h 0m,3.0
20/3/2026,4:15:43 pm,37.0,50.87,1006.81,2279.12,656.0,29.0,46.0,52.0,1h 1m,3.0
20/3/2026,4:17:41 pm,37.1,50.94,1006.82,2270.82,643.0,32.0,47.0,51.0,1h 3m,3.0
20/3/2026,4:19:39 pm,37.24,50.84,1006.8,2246.4,645.0,29.0,45.0,49.0,1h 5m,3.0
20/3/2026,4:21:38 pm,37.36,50.43,1006.69,2219.67,641.0,29.0,44.0,48.0,1h 7m,3.0
20/3/2026,4:23:36 pm,37.15,51.14,1006.86,2211.84,658.0,28.0,44.0,50.0,1h 9m,3.0
20/3/2026,4:25:34 pm,37.13,50.56,1006.88,2196.63,647.0,28.0,39.0,42.0,1h 11m,3.0
20/3/2026,4:27:31 pm,37.1,50.56,1006.86,2170.83,647.0,28.0,44.0,47.0,1h 13m,3.0
20/3/2026,4:29:29 pm,36.83,51.93,1006.89,2145.02,652.0,29.0,43.0,50.0,1h 15m,3.0
20/3/2026,4:31:28 pm,37.09,51.43,1006.88,2126.13,659.0,32.0,44.0,47.0,1h 17m,3.0
20/3/2026,4:33:25 pm,36.59,52.35,1006.99,2116.92,640.0,31.0,43.0,50.0,1h 19m,3.0
20/3/2026,4:35:25 pm,36.94,51.45,1007.06,2087.42,662.0,30.0,44.0,49.0,1h 21m,3.0
20/3/2026,4:41:26 pm,36.98,51.06,1007.05,2039.5,642.0,27.0,42.0,47.0,1h 27m,3.0
20/3/2026,4:43:24 pm,37.05,50.46,1007.05,2021.53,654.0,29.0,44.0,49.0,1h 29m,3.0
20/3/2026,4:45:24 pm,36.93,50.38,1007.07,2003.1,659.0,32.0,45.0,48.0,1h 31m,3.0
20/3/2026,4:47:22 pm,36.56,51.48,1007.16,1992.04,636.0,29.0,42.0,45.0,1h 33m,3.0
20/3/2026,4:49:20 pm,36.39,51.4,1007.11,1952.87,635.0,30.0,46.0,47.0,1h 35m,3.0
20/3/2026,4:51:19 pm,36.66,51.38,1007.12,1954.71,674.0,34.0,49.0,55.0,1h 37m,3.0
20/3/2026,4:53:18 pm,36.17,52.4,1007.07,1941.81,3992.0,35.0,53.0,60.0,1h 39m,3.0
20/3/2026,4:55:18 pm,125.0,54.11,1006.86,1933.06,0.0,37.0,52.0,59.0,1h 41m,2.0
20/3/2026,4:57:17 pm,125.0,100.0,1006.87,1913.24,0.0,341.0,354.0,361.0,1h 43m,2.0
20/3/2026,4:59:42 pm,0.0,0.0,0.0,0.0,0.0,633.0,647.0,658.0,0h 0m,1.0
20/3/2026,5:02:50 pm,0.0,0.0,0.0,0.0,0.0,440.0,452.0,457.0,0h 0m,1.0
23/3/2026,10:28:37 pm,31.21,65.48,1009.05,18.89,500.0,18.0,25.0,25.0,0h 0m,3.0
23/3/2026,10:30:35 pm,34.91,55.26,1009.08,19.35,775.0,59.0,90.0,98.0,0h 2m,3.0
23/3/2026,10:32:33 pm,36.17,52.59,1009.1,19.81,731.0,61.0,95.0,101.0,0h 4m,3.0
23/3/2026,10:34:31 pm,36.57,52.45,1009.07,19.81,795.0,62.0,89.0,97.0,0h 6m,3.0
23/3/2026,10:36:30 pm,36.85,52.23,1009.07,26.27,820.0,65.0,96.0,102.0,0h 8m,3.0
23/3/2026,10:38:28 pm,36.98,51.45,1009.09,26.27,797.0,66.0,100.0,109.0,0h 10m,3.0
23/3/2026,10:40:26 pm,37.09,50.94,1009.08,25.8,789.0,65.0,98.0,107.0,0h 12m,3.0
23/3/2026,10:42:24 pm,37.0,50.96,1009.07,26.27,804.0,66.0,99.0,107.0,0h 14m,3.0
23/3/2026,10:44:22 pm,37.1,50.65,1009.1,26.27,800.0,64.0,98.0,106.0,0h 16m,3.0
23/3/2026,10:46:20 pm,37.17,50.84,1009.08,25.8,811.0,65.0,97.0,107.0,0h 18m,3.0
23/3/2026,10:48:18 pm,37.17,50.65,1009.03,1.38,861.0,61.0,92.0,101.0,0h 20m,3.0
23/3/2026,10:50:16 pm,37.09,50.94,1009.03,1.38,845.0,63.0,93.0,103.0,0h 22m,3.0
23/3/2026,10:52:14 pm,37.1,51.23,1008.98,1.38,898.0,64.0,93.0,102.0,0h 24m,3.0
23/3/2026,10:54:13 pm,37.18,51.14,1008.97,1.38,866.0,66.0,103.0,110.0,0h 26m,3.0
23/3/2026,10:56:11 pm,37.2,50.94,1008.97,1.38,862.0,70.0,104.0,116.0,0h 28m,3.0
23/3/2026,10:58:09 pm,37.05,51.33,1008.94,1.38,882.0,71.0,110.0,123.0,0h 30m,3.0
23/3/2026,11:00:07 pm,37.22,51.53,1008.97,1.38,953.0,64.0,97.0,108.0,0h 32m,3.0
23/3/2026,11:02:05 pm,36.98,51.75,1008.95,1.38,955.0,60.0,91.0,99.0,0h 34m,3.0
23/3/2026,11:04:04 pm,37.12,50.36,1008.92,1.38,936.0,58.0,85.0,96.0,0h 36m,3.0
23/3/2026,11:06:02 pm,37.15,48.9,1008.87,1.38,908.0,59.0,90.0,102.0,0h 38m,3.0
23/3/2026,11:08:00 pm,37.39,46.36,1008.92,1.84,796.0,60.0,86.0,92.0,0h 40m,3.0
23/3/2026,11:09:58 pm,37.57,46.24,1008.89,1.38,741.0,57.0,83.0,91.0,0h 42m,3.0
23/3/2026,11:11:56 pm,38.31,45.1,1008.91,1.38,758.0,55.0,84.0,92.0,0h 44m,3.0
23/3/2026,11:13:54 pm,38.74,44.21,1008.89,1.38,752.0,61.0,91.0,100.0,0h 46m,3.0
23/3/2026,11:15:52 pm,38.99,42.55,1008.93,1.38,696.0,62.0,93.0,102.0,0h 48m,3.0
23/3/2026,11:17:50 pm,39.3,40.3,1008.95,1.38,685.0,55.0,81.0,88.0,0h 50m,3.0
23/3/2026,11:19:48 pm,39.54,38.64,1008.93,1.38,657.0,51.0,78.0,87.0,0h 52m,3.0
23/3/2026,11:21:46 pm,39.6,37.37,1008.97,1.38,617.0,55.0,78.0,85.0,0h 54m,3.0
23/3/2026,11:23:44 pm,39.55,37.67,1008.93,1.38,623.0,57.0,85.0,91.0,0h 56m,3.0
23/3/2026,11:25:43 pm,39.45,37.67,1008.92,1.38,649.0,55.0,80.0,86.0,0h 57m,3.0
23/3/2026,11:27:41 pm,39.57,37.75,1008.97,1.38,651.0,56.0,83.0,94.0,0h 59m,3.0
23/3/2026,11:29:39 pm,39.67,38.14,1008.91,1.38,658.0,59.0,84.0,91.0,1h 1m,3.0
23/3/2026,11:31:37 pm,39.63,37.17,1008.93,1.38,652.0,58.0,84.0,90.0,1h 3m,3.0
23/3/2026,11:33:35 pm,39.54,38.45,1008.91,1.38,670.0,60.0,86.0,95.0,1h 5m,3.0
23/3/2026,11:35:33 pm,39.55,38.54,1008.92,1.38,695.0,65.0,96.0,104.0,1h 7m,3.0
23/3/2026,11:37:31 pm,39.63,36.88,1008.91,1.38,659.0,58.0,83.0,90.0,1h 9m,3.0
23/3/2026,11:39:29 pm,39.66,36.01,1008.91,1.38,659.0,56.0,80.0,88.0,1h 11m,3.0
23/3/2026,11:41:27 pm,39.67,35.53,1008.91,1.38,638.0,53.0,77.0,83.0,1h 13m,3.0
23/3/2026,11:43:26 pm,39.7,36.01,1008.87,1.38,644.0,58.0,84.0,89.0,1h 15m,3.0
23/3/2026,11:45:24 pm,39.77,35.44,1008.88,1.38,643.0,55.0,81.0,88.0,1h 17m,3.0
23/3/2026,11:47:22 pm,39.77,34.86,1008.89,1.38,643.0,55.0,83.0,88.0,1h 19m,3.0
23/3/2026,11:49:20 pm,39.69,35.53,1008.87,1.38,669.0,56.0,82.0,92.0,1h 21m,3.0
23/3/2026,11:51:18 pm,39.63,36.21,1008.86,1.38,674.0,59.0,85.0,87.0,1h 23m,3.0
